This is LuaHBTeX, Version 1.25.7 (MiKTeX 26.5) (format=lualatex 2026.5.26)  18 AUG 2026 04:12
 restricted system commands enabled.
 file:line:error style messages enabled.
**open-logic-complete-ar.tex
(./open-logic-complete-ar.tex
LaTeX2e <2025-11-01>
L3 programming layer <2026-03-20>
Lua module: luaotfload 2024-12-03 v3.29 Lua based OpenType font support
Lua module: lualibs 2023-07-13 v2.76 ConTeXt Lua standard libraries.
Lua module: lualibs-extended 2023-07-13 v2.76 ConTeXt Lua libraries -- extended 
collection.
luaotfload | conf : Root cache directory is "<USER_HOME>/AppData/Local/MiKTe
X/luatex-cache/generic/names".
luaotfload | init : Loading fontloader "fontloader-2023-12-28.lua" from kpse-res
olved path "<USER_HOME>/AppData/Local/Programs/MiKTeX/tex/luatex/luaotfload/
fontloader-2023-12-28.lua".
Lua-only attribute luaotfload@noligature = 1
luaotfload | init : Context OpenType loader version 3.134
Inserting `luaotfload.node_processor' in `pre_linebreak_filter'.
Inserting `luaotfload.node_processor' in `hpack_filter'.
Inserting `luaotfload.glyph_stream' in `glyph_stream_provider'.
Inserting `luaotfload.define_font' in `define_font'.
Lua-only attribute luaotfload_color_attribute = 2
luaotfload | conf : Root cache directory is "<USER_HOME>/AppData/Local/MiKTe
X/luatex-cache/generic/names".
Inserting `luaotfload.harf.strip_prefix' in `find_opentype_file'.
Inserting `luaotfload.harf.strip_prefix' in `find_truetype_file'.
Removing  `luaotfload.glyph_stream' from `glyph_stream_provider'.
Inserting `luaotfload.harf.glyphstream' in `glyph_stream_provider'.
Inserting `luaotfload.harf.finalize_vlist' in `post_linebreak_filter'.
Inserting `luaotfload.harf.finalize_hlist' in `hpack_filter'.
Inserting `luaotfload.cleanup_files' in `wrapup_run'.
Inserting `luaotfload.harf.finalize_unicode' in `finish_pdffile'.
Inserting `luaotfload.glyphinfo' in `glyph_info'.
Lua-only attribute luaotfload.letterspace_done = 3
Inserting `luaotfload.aux.set_sscale_dimens' in `luaotfload.patch_font'.
Inserting `luaotfload.aux.set_font_index' in `luaotfload.patch_font'.
Inserting `luaotfload.aux.patch_cambria_domh' in `luaotfload.patch_font'.
Inserting `luaotfload.aux.fixup_fontdata' in `luaotfload.patch_font_unsafe'.
Inserting `luaotfload.aux.set_capheight' in `luaotfload.patch_font'.
Inserting `luaotfload.aux.set_xheight' in `luaotfload.patch_font'.
Inserting `luaotfload.rewrite_fontname' in `luaotfload.patch_font'.
Inserting `tracingstacklevels' in `input_level_string'. (<USER_HOME>/AppDat
a/Local/Programs/MiKTeX/tex/latex/memoir/memoir.cls
Document Class: memoir 2025/11/04 v3.8.4b configurable book, report, article do
cument class
(<USER_HOME>/AppData/Local/Programs/MiKTeX/tex/latex/xpatch/xpatch.sty
(<USER_HOME>/AppData/Local/Programs/MiKTeX/tex/latex/l3kernel/expl3.sty
Package: expl3 2026-03-20 L3 programming layer (loader) 

(<USER_HOME>/AppData/Local/Programs/MiKTeX/tex/latex/l3backend/l3backend-lu
atex.def
File: l3backend-luatex.def 2026-02-18 L3 backend support: PDF output (LuaTeX)
\l__color_backend_stack_int=\count273
Inserting `l3color' in `luaotfload.parse_color'.))
Package: xpatch 2020/03/25 v0.3a Extending etoolbox patching commands

(<USER_HOME>/AppData/Local/Programs/MiKTeX/tex/latex/l3packages/xparse/xpar
se.sty
Package: xparse 2025-10-09 L3 Experimental document command parser
)
(<USER_HOME>/AppData/Local/Programs/MiKTeX/tex/latex/etoolbox/etoolbox.sty
Package: etoolbox 2025/10/02 v2.5m e-TeX tools for LaTeX (JAW)
\etb@tempcnta=\count274
))
\onelineskip=\skip49
\lxvchars=\skip50
\xlvchars=\skip51
\@memcnta=\count275
\c@@memmarkcntra=\count276
 (<USER_HOME>/AppData/Local/Programs/MiKTeX/tex/generic/iftex/iftex.sty
Package: iftex 2024/12/12 v1.0g TeX engine tests
)
\trimtop=\skip52
\trimedge=\skip53

(<USER_HOME>/AppData/Local/Programs/MiKTeX/tex/latex/memoir/mem10.clo
File: mem10.clo 2022/07/29 v0.5 memoir class 10pt size option
luaotfload | db : Font names database loaded from <USER_HOME>/AppData/Local/
MiKTeX/luatex-cache/generic/names/luaotfload-names.luc.gz)
\binding=\skip54
\spinemargin=\skip55
\foremargin=\skip56
\uppermargin=\skip57
\lowermargin=\skip58
\headdrop=\skip59
\normalrulethickness=\skip60
\mem@maxheadheight=\skip61
\mem@maxfootheight=\skip62
\headwidth=\skip63
\c@storedpagenumber=\count277
\memPD=\dimen149
\m@mabparskip=\skip64
\thanksmarkwidth=\skip65
\thanksmarksep=\skip66
\droptitle=\skip67
\c@book=\count278
\c@part=\count279
\c@chapter=\count280
\c@section=\count281
\c@subsection=\count282
\c@subsubsection=\count283
\c@paragraph=\count284
\c@subparagraph=\count285
\beforechapskip=\skip68
\midchapskip=\skip69
\afterchapskip=\skip70
\chapindent=\skip71
\bottomsectionskip=\skip72
\secindent=\skip73
\beforesecskip=\skip74
\aftersecskip=\skip75
\subsecindent=\skip76
\beforesubsecskip=\skip77
\aftersubsecskip=\skip78
\subsubsecindent=\skip79
\beforesubsubsecskip=\skip80
\aftersubsubsecskip=\skip81
\paraindent=\skip82
\beforeparaskip=\skip83
\afterparaskip=\skip84
\subparaindent=\skip85
\beforesubparaskip=\skip86
\aftersubparaskip=\skip87
\pfbreakskip=\skip88
\c@@ppsavesec=\count286
\c@@ppsaveapp=\count287
\ragrparindent=\dimen150
\everylistparindent=\dimen151
\parsepi=\skip89
\topsepi=\skip90
\itemsepi=\skip91
\parsepii=\skip92
\topsepii=\skip93
\topsepiii=\skip94
\itemsepii=\skip95
\itemsepiii=\skip96
\partopsepii=\skip97
\partopsepiii=\skip98
\m@msavetopsep=\skip99
\m@msavepartopsep=\skip100
\@enLab=\toks17
\abstitleskip=\skip101
\absleftindent=\skip102
\abs@leftindent=\dimen152
\absrightindent=\skip103
\absparindent=\skip104
\absparsep=\skip105
\c@vslineno=\count288
\c@poemline=\count289
\c@modulo@vs=\count290
\c@memfvsline=\count291
\vleftskip=\skip106
\vrightskip=\skip107
\stanzaskip=\skip108
\versewidth=\skip109
\vgap=\skip110
\vindent=\skip111
\vleftmargin=\dimen153
\c@verse=\count292
\c@chrsinstr=\count293
\beforepoemtitleskip=\skip112
\afterpoemtitleskip=\skip113
\c@poem=\count294
\beforePoemTitleskip=\skip114
\midPoemTitleskip=\skip115
\afterPoemTitleskip=\skip116

(<USER_HOME>/AppData/Local/Programs/MiKTeX/tex/latex/tools/array.sty
Package: array 2025/09/25 v2.6n Tabular extension package (FMi)
\col@sep=\dimen154
\ar@mcellbox=\box53
\extrarowheight=\dimen155
\NC@list=\toks18
\extratabsurround=\skip117
\backup@length=\skip118
\ar@cellbox=\box54
)
(<USER_HOME>/AppData/Local/Programs/MiKTeX/tex/latex/tools/dcolumn.sty
Package: dcolumn 2025/10/21 v1.06 decimal alignment package (DPC)
)
(<USER_HOME>/AppData/Local/Programs/MiKTeX/tex/latex/tools/delarray.sty
Package: delarray 2014/10/28 v1.01 array delimiter package (DPC)
)
(<USER_HOME>/AppData/Local/Programs/MiKTeX/tex/latex/tools/tabularx.sty
Package: tabularx 2023/12/11 v2.12a `tabularx' package (DPC)
\TX@col@width=\dimen156
\TX@old@table=\dimen157
\TX@old@col=\dimen158
\TX@target=\dimen159
\TX@delta=\dimen160
\TX@cols=\count295
\TX@ftn=\toks19
)
(<USER_HOME>/AppData/Local/Programs/MiKTeX/tex/latex/booktabs/booktabs.sty
Package: booktabs 2020/01/12 v1.61803398 Publication quality tables
\heavyrulewidth=\dimen161
\lightrulewidth=\dimen162
\cmidrulewidth=\dimen163
\belowrulesep=\dimen164
\belowbottomsep=\dimen165
\aboverulesep=\dimen166
\abovetopsep=\dimen167
\cmidrulesep=\dimen168
\cmidrulekern=\dimen169
\defaultaddspace=\dimen170
\@cmidla=\count296
\@cmidlb=\count297
\@aboverulesep=\dimen171
\@belowrulesep=\dimen172
\@thisruleclass=\count298
\@lastruleclass=\count299
\@thisrulewidth=\dimen173
)
\ctableftskip=\skip119
\ctabrightskip=\skip120
\abovecolumnspenalty=\count300
\@linestogo=\count301
\@cellstogo=\count302
\@cellsincolumn=\count303
\crtok=\toks20
\@mincolumnwidth=\dimen174
\c@newflo@tctr=\count304
\mem@margin@floatbox=\box55
\@contcwidth=\skip121
\@contindw=\skip122
\abovecaptionskip=\skip123
\belowcaptionskip=\skip124
\subfloattopskip=\skip125
\subfloatcapskip=\skip126
\subfloatcaptopadj=\skip127
\subfloatbottomskip=\skip128
\subfloatlabelskip=\skip129
\subfloatcapmargin=\dimen175
\c@@contsubnum=\count305
\m@mscap@capbox=\box56
\m@mscap@fbox=\box57
\sidecapsep=\dimen176
\sidecapwidth=\dimen177
\m@m@tempdima=\dimen178
\m@mscapraise=\dimen179
\sidecapraise=\dimen180
\m@mscapmainwidth=\dimen181
\m@mscaplkern=\dimen182
\beforeepigraphskip=\skip130
\afterepigraphskip=\skip131
\epigraphwidth=\skip132
\epigraphrule=\skip133
(<USER_HOME>/AppData/Local/Programs/MiKTeX/tex/latex/hyperref/nameref.sty
Package: nameref 2026-01-29 v2.58 Cross-referencing by name of section

(<USER_HOME>/AppData/Local/Programs/MiKTeX/tex/latex/refcount/refcount.sty
Package: refcount 2019/12/15 v3.6 Data extraction from label references (HO)

(<USER_HOME>/AppData/Local/Programs/MiKTeX/tex/generic/ltxcmds/ltxcmds.sty
Package: ltxcmds 2023-12-04 v1.26 LaTeX kernel commands for general use (HO)
)
(<USER_HOME>/AppData/Local/Programs/MiKTeX/tex/generic/infwarerr/infwarerr.
sty
Package: infwarerr 2019/12/03 v1.5 Providing info/warning/error messages (HO)
))
(<USER_HOME>/AppData/Local/Programs/MiKTeX/tex/generic/gettitlestring/getti
tlestring.sty
Package: gettitlestring 2019/12/15 v1.6 Cleanup title references (HO)

(<USER_HOME>/AppData/Local/Programs/MiKTeX/tex/latex/kvoptions/kvoptions.st
y
Package: kvoptions 2022-06-15 v3.15 Key value format for package options (HO)
 (<USER_HOME>/AppData/Local/Programs/MiKTeX/tex/latex/graphics/keyval.sty
Package: keyval 2022/05/29 v1.15 key=value parser (DPC)
\KV@toks@=\toks21
)
(<USER_HOME>/AppData/Local/Programs/MiKTeX/tex/latex/kvsetkeys/kvsetkeys.st
y
Package: kvsetkeys 2022-10-05 v1.19 Key value parser (HO)
)))
\c@section@level=\count306
)
\tocentryskip=\skip134
\tocbaseline=\skip135
\cftparskip=\skip136
\cftbeforebookskip=\skip137
\cftbookindent=\dimen183
\cftbooknumwidth=\dimen184
\cftbeforepartskip=\skip138
\cftpartindent=\skip139
\cftpartnumwidth=\skip140
\cftbeforechapterskip=\skip141
\cftchapterindent=\skip142
\cftchapternumwidth=\skip143
\cftbeforesectionskip=\skip144
\cftsectionindent=\skip145
\cftsectionnumwidth=\skip146
\cftbeforesubsectionskip=\skip147
\cftsubsectionindent=\skip148
\cftsubsectionnumwidth=\skip149
\cftbeforesubsubsectionskip=\skip150
\cftsubsubsectionindent=\skip151
\cftsubsubsectionnumwidth=\skip152
\cftbeforeparagraphskip=\skip153
\cftparagraphindent=\skip154
\cftparagraphnumwidth=\skip155
\cftbeforesubparagraphskip=\skip156
\cftsubparagraphindent=\skip157
\cftsubparagraphnumwidth=\skip158
\prechapterprecisshift=\dimen185
\c@maxsecnumdepth=\count307
\bibindent=\dimen186
\bibitemsep=\skip159
\indexcolsep=\skip160
\indexrule=\skip161
\indexmarkstyle=\toks22
\@indexbox=\insert252
LaTeX Info: Redefining \raggedbottom on input line 8095.
LaTeX Info: Redefining \flushbottom on input line 8099.
\glossarycolsep=\dimen187
\glossaryrule=\dimen188
\sideparvshift=\skip162
\sideins=\insert251
\sidebartopsep=\skip163
\sidebarhsep=\skip164
\sidebarvsep=\skip165
\sidebarwidth=\skip166
\footmarkwidth=\skip167
\footmarksep=\skip168
\footparindent=\skip169
\footinsdim=\skip170
\footinsv@r=\insert250
\@mpfootinsv@r=\insert249
\m@m@k=\count308
\m@m@h=\dimen189
\m@mipn@skip=\skip171
\sidefootins=\insert248
\sidefootadjust=\skip172
\sidefootheight=\skip173
\sidefoothsep=\skip174
\sidefootvsep=\skip175
\sidefootwidth=\skip176
\m@mdownsf=\skip177
\c@sidefootnote=\count309
\sidefootmarkwidth=\skip178
\sidefootmarksep=\skip179
\sidefootparindent=\skip180
\c@pagenote=\count310
\c@pagenoteshadow=\count311
\mem@pn@lastkern=\skip181

(<USER_HOME>/AppData/Local/Programs/MiKTeX/tex/latex/tools/verbatim.sty
Package: verbatim 2024-01-22 v1.5x LaTeX2e package for verbatim enhancements
\every@verbatim=\toks23
\verbatim@line=\toks24
\verbatim@in@stream=\read2
)
\verbatimindent=\skip182
\verbatim@out=\write3

(<USER_HOME>/AppData/Local/Programs/MiKTeX/tex/latex/base/shortvrb.sty
Package: shortvrb 2024/12/25 v3.0q Standard LaTeX documentation package V3 (FMi
)
)
\bvboxsep=\skip183
\c@memfbvline=\count312
\c@bvlinectr=\count313
\bvnumlength=\skip184
\fb@frw=\dimen190
\fb@frh=\dimen191
\FrameRule=\dimen192
\FrameSep=\dimen193
\c@cp@cntr=\count314
\c@ism@mctr=\count315
\c@xsm@mctr=\count316
\c@csm@mctr=\count317
\c@ksm@mctr=\count318
\c@xksm@mctr=\count319
\c@cksm@mctr=\count320
\c@msm@mctr=\count321
\c@xmsm@mctr=\count322
\c@cmsm@mctr=\count323
\c@bsm@mctr=\count324
\c@workm@mctr=\count325
\c@sheetsequence=\count326
\c@lastsheet=\count327
\c@lastpage=\count328
\c@figure=\count329
\c@lofdepth=\count330
\cftbeforefigureskip=\skip185
\cftfigureindent=\skip186
\cftfigurenumwidth=\skip187
\c@table=\count331
\c@lotdepth=\count332
\cftbeforetableskip=\skip188
\cfttableindent=\skip189
\cfttablenumwidth=\skip190
Package abstract [2008/07/23] emulated by memoir.
Package appendix [2008/07/23] emulated by memoir.
Package ccaption [2008/07/23] emulated by memoir.
Package changepage [2008/07/23] emulated by memoir.
Package chngcntr [2008/07/23] emulated by memoir.
Package chngpage [2008/07/23] emulated by memoir.
Package crop emulated by memoir.
Package enumerate [2008/07/23] emulated by memoir.
Package epigraph [2008/07/23] emulated by memoir.
Package ifmtarg [2008/07/23] emulated by memoir.
Package index [2008/07/23] emulated by memoir.
Package makeidx [2008/07/23] emulated by memoir.
Package moreverb [2008/07/23] emulated by memoir.
Package needspace [2008/07/23] emulated by memoir.
Package newfile [2008/07/23] emulated by memoir.
Package nextpage [2008/07/23] emulated by memoir.
Package pagenote [2008/07/23] emulated by memoir.
Package parskip [2008/07/23] emulated by memoir.
Package patchcmd [2008/07/23] emulated by memoir.
Package setspace [2008/07/23] emulated by memoir.
Package showidx [2008/07/23] emulated by memoir.
Package titleref [2008/07/23] emulated by memoir.
Package titling [2008/07/23] emulated by memoir.
Package tocbibind [2008/07/23] emulated by memoir.
Package tocloft [2008/07/23] emulated by memoir.
Package tocvsec2 [2008/07/23] emulated by memoir.
Package verse [2008/07/23] emulated by memoir.
)
(<USER_HOME>/AppData/Local/Programs/MiKTeX/tex/latex/fontspec/fontspec.sty
Package: fontspec 2025/09/29 v2.9g Font selection for XeLaTeX and LuaLaTeX
Lua module: fontspec 2025/09/29 v2.9g Font selection for XeLaTeX and LuaLaTeX
(<USER_HOME>/AppData/Local/Programs/MiKTeX/tex/latex/fontspec/fontspec-luat
ex.sty
Package: fontspec-luatex 2025/09/29 v2.9g Font selection for XeLaTeX and LuaLaT
eX
\l__fontspec_script_int=\count333
\l__fontspec_language_int=\count334
\l__fontspec_strnum_int=\count335
\l__fontspec_tmp_int=\count336
\l__fontspec_tmpa_int=\count337
\l__fontspec_tmpb_int=\count338
\l__fontspec_tmpc_int=\count339
\l__fontspec_em_int=\count340
\l__fontspec_emdef_int=\count341
\l__fontspec_strong_int=\count342
\l__fontspec_strongdef_int=\count343
\l__fontspec_tmpa_dim=\dimen194
\l__fontspec_tmpb_dim=\dimen195
\l__fontspec_tmpc_dim=\dimen196

(<USER_HOME>/AppData/Local/Programs/MiKTeX/tex/latex/base/fontenc.sty
Package: fontenc 2025/07/18 v2.1d Standard LaTeX package
)
(<USER_HOME>/AppData/Local/Programs/MiKTeX/tex/latex/fontspec/fontspec.cfg))
)
(<USER_HOME>/AppData/Local/Programs/MiKTeX/tex/latex/gitinfo2/gitinfo2.sty
Package: gitinfo2 2015/11/22 v2.0.7 git revision information

(<USER_HOME>/AppData/Local/Programs/MiKTeX/tex/latex/xstring/xstring.sty
(<USER_HOME>/AppData/Local/Programs/MiKTeX/tex/generic/xstring/xstring.tex
\xs_counta=\count344
\xs_countb=\count345
)
Package: xstring 2023/08/22 v1.86 String manipulations (CT)
) (<USER_HOME>/AppData/Local/Programs/MiKTeX/tex/latex/eso-pic/eso-pic.sty
Package: eso-pic 2025/12/10 v3.0d eso-pic (RN)
\ESO@tempdima=\dimen197
\ESO@tempdimb=\dimen198

(<USER_HOME>/AppData/Local/Programs/MiKTeX/tex/latex/xcolor/xcolor.sty
Package: xcolor 2024/09/29 v3.02 LaTeX color extensions (UK)

(<USER_HOME>/AppData/Local/Programs/MiKTeX/tex/latex/graphics-cfg/color.cfg
File: color.cfg 2016/01/02 v1.6 sample color configuration
)
Package xcolor Info: Driver file: luatex.def on input line 274.

(<USER_HOME>/AppData/Local/Programs/MiKTeX/tex/latex/graphics-def/luatex.de
f
File: luatex.def 2025/09/29 v1.2f Graphics/color driver for luatex
)
(<USER_HOME>/AppData/Local/Programs/MiKTeX/tex/latex/graphics/mathcolor.ltx
)
Package xcolor Info: Model `cmy' substituted by `cmy0' on input line 1349.
Package xcolor Info: Model `hsb' substituted by `rgb' on input line 1353.
Package xcolor Info: Model `RGB' extended on input line 1365.
Package xcolor Info: Model `HTML' substituted by `rgb' on input line 1367.
Package xcolor Info: Model `Hsb' substituted by `hsb' on input line 1368.
Package xcolor Info: Model `tHsb' substituted by `hsb' on input line 1369.
Package xcolor Info: Model `HSB' substituted by `hsb' on input line 1370.
Package xcolor Info: Model `Gray' substituted by `gray' on input line 1371.
Package xcolor Info: Model `wave' substituted by `hsb' on input line 1372.
))

Package gitinfo2 Warning: I can't find the file '.git/gitHeadInfo.gin'.
(gitinfo2)                All git metadata has been set to '(None)'.

)
luaotfload | cache : Lookup cache loaded from <USER_HOME>/AppData/Local/MiKT
eX/luatex-cache/generic/names/luaotfload-lookup-cache.luc.

Package fontspec Info: 
(fontspec)             Font family 'TeXGyrePagella(0)' created for font 'TeX
(fontspec)             Gyre Pagella' with options [Ligatures=TeX].
(fontspec)              
(fontspec)              This font family consists of the following NFSS
(fontspec)             series/shapes:
(fontspec)              
(fontspec)             - 'normal' (m/n) with NFSS spec.: <->"name:TeX Gyre
(fontspec)             Pagella:mode=node;script=latn;language=dflt;+tlig;"
(fontspec)             - 'small caps'  (m/sc) with NFSS spec.: <->"name:TeX
(fontspec)             Gyre
(fontspec)             Pagella:mode=node;script=latn;language=dflt;+tlig;+smcp;
"
(fontspec)             - 'bold' (b/n) with NFSS spec.: <->"name:TeX Gyre
(fontspec)             Pagella/B:mode=node;script=latn;language=dflt;+tlig;"
(fontspec)             - 'bold small caps'  (b/sc) with NFSS spec.:
(fontspec)             <->"name:TeX Gyre
(fontspec)             Pagella/B:mode=node;script=latn;language=dflt;+tlig;+smc
p;"
(fontspec)             - 'italic' (m/it) with NFSS spec.: <->"name:TeX Gyre
(fontspec)             Pagella/I:mode=node;script=latn;language=dflt;+tlig;"
(fontspec)             - 'italic small caps'  (m/scit) with NFSS spec.:
(fontspec)             <->"name:TeX Gyre
(fontspec)             Pagella/I:mode=node;script=latn;language=dflt;+tlig;+smc
p;"
(fontspec)             - 'bold italic' (b/it) with NFSS spec.: <->"name:TeX
(fontspec)             Gyre
(fontspec)             Pagella/BI:mode=node;script=latn;language=dflt;+tlig;"
(fontspec)             - 'bold italic small caps'  (b/scit) with NFSS spec.:
(fontspec)             <->"name:TeX Gyre
(fontspec)             Pagella/BI:mode=node;script=latn;language=dflt;+tlig;+sm
cp;"


Package fontspec Info: 
(fontspec)             Font family 'TeXGyreHeros(0)' created for font 'TeX
(fontspec)             Gyre Heros' with options [Ligatures=TeX].
(fontspec)              
(fontspec)              This font family consists of the following NFSS
(fontspec)             series/shapes:
(fontspec)              
(fontspec)             - 'normal' (m/n) with NFSS spec.: <->"name:TeX Gyre
(fontspec)             Heros:mode=node;script=latn;language=dflt;+tlig;"
(fontspec)             - 'small caps'  (m/sc) with NFSS spec.: <->"name:TeX
(fontspec)             Gyre
(fontspec)             Heros:mode=node;script=latn;language=dflt;+tlig;+smcp;"
(fontspec)             - 'bold' (b/n) with NFSS spec.: <->"name:TeX Gyre
(fontspec)             Heros/B:mode=node;script=latn;language=dflt;+tlig;"
(fontspec)             - 'bold small caps'  (b/sc) with NFSS spec.:
(fontspec)             <->"name:TeX Gyre
(fontspec)             Heros/B:mode=node;script=latn;language=dflt;+tlig;+smcp;
"
(fontspec)             - 'italic' (m/it) with NFSS spec.: <->"name:TeX Gyre
(fontspec)             Heros/I:mode=node;script=latn;language=dflt;+tlig;"
(fontspec)             - 'italic small caps'  (m/scit) with NFSS spec.:
(fontspec)             <->"name:TeX Gyre
(fontspec)             Heros/I:mode=node;script=latn;language=dflt;+tlig;+smcp;
"
(fontspec)             - 'bold italic' (b/it) with NFSS spec.: <->"name:TeX
(fontspec)             Gyre
(fontspec)             Heros/BI:mode=node;script=latn;language=dflt;+tlig;"
(fontspec)             - 'bold italic small caps'  (b/scit) with NFSS spec.:
(fontspec)             <->"name:TeX Gyre
(fontspec)             Heros/BI:mode=node;script=latn;language=dflt;+tlig;+smcp
;"


Package fontspec Info: 
(fontspec)             Could not resolve font "Latin Modern Mono/BI" (it
(fontspec)             probably doesn't exist).


Package fontspec Info: 
(fontspec)             Could not resolve font "Latin Modern Mono/B" (it
(fontspec)             probably doesn't exist).


Package fontspec Info: 
(fontspec)             Font family 'LatinModernMono(0)' created for font
(fontspec)             'Latin Modern Mono' with options
(fontspec)             [WordSpace={1,0,0},HyphenChar=None,PunctuationSpace=Word
Space].
(fontspec)              
(fontspec)              This font family consists of the following NFSS
(fontspec)             series/shapes:
(fontspec)              
(fontspec)             - 'normal' (m/n) with NFSS spec.: <->"name:Latin Modern
(fontspec)             Mono:mode=node;script=latn;language=dflt;"
(fontspec)             - 'italic' (m/it) with NFSS spec.: <->"name:Latin
(fontspec)             Modern Mono/I:mode=node;script=latn;language=dflt;"

 (../../sty/open-logic.sty
(<USER_HOME>/AppData/Local/Programs/MiKTeX/tex/generic/babel/babel.sty
Package: babel 2026/04/15 v26.6 The multilingual framework for LuaLaTeX, pdfLaT
eX and XeLaTeX

(<USER_HOME>/AppData/Local/Programs/MiKTeX/tex/generic/babel/luababel.def
\bbl@readstream=\read3
\l@afrikaans=\language2
Package babel Info: Non-standard hyphenation setup on input line 118.
\l@ancientgreek=\language3
\l@armenian=\language4
\l@assamese=\language5
\l@basque=\language6
\l@belarusian=\language7
\l@bengali=\language8
\l@bokmal=\language9
\l@bulgarian=\language10
\l@catalan=\language11
\l@churchslavonic=\language12
\l@classiclatin=\language13
\l@coptic=\language14
\l@croatian=\language15
\l@czech=\language16
\l@danish=\language17
\l@dutch=\language18
\l@esperanto=\language19
\l@estonian=\language20
\l@ethiopic=\language21
\l@finnish=\language22
\l@french=\language23
\l@friulan=\language24
\l@galician=\language25
\l@georgian=\language26
\l@german=\language27
\l@greek=\language28
\l@gujarati=\language29
\l@hindi=\language30
\l@hungarian=\language31
\l@icelandic=\language32
\l@indonesian=\language33
\l@interlingua=\language34
\l@irish=\language35
\l@italian=\language36
\l@kannada=\language37
\l@kurmanji=\language38
\l@latin=\language39
\l@latvian=\language40
\l@lithuanian=\language41
\l@liturgicallatin=\language42
\l@macedonian=\language43
\l@malayalam=\language44
\l@marathi=\language45
\l@mongolian=\language46
\l@mongolianlmc=\language47
\l@monogreek=\language48
\l@ngerman=\language49
\l@nynorsk=\language50
\l@occitan=\language51
\l@oriya=\language52
\l@pali=\language53
\l@panjabi=\language54
\l@piedmontese=\language55
\l@polish=\language56
\l@portuguese=\language57
\l@romanian=\language58
\l@romansh=\language59
\l@russian=\language60
\l@sanskrit=\language61
\l@serbian=\language62
\l@serbianc=\language63
\l@slovak=\language64
\l@slovenian=\language65
\l@spanish=\language66
\l@swedish=\language67
\l@swissgerman=\language68
\l@tamil=\language69
\l@telugu=\language70
\l@thai=\language71
\l@turkish=\language72
\l@turkmen=\language73
\l@ukenglish=\language74
\l@ukrainian=\language75
\l@uppersorbian=\language76
\l@usenglishmax=\language77
\l@welsh=\language78
\babelcatcodetablenum=\catcodetable14
\bbl@pattcodes=\catcodetable15
)
\babel@savecnt=\count346
LaTeX Encoding Info:    Redeclaring text command \ij (encoding OT1) on input li
ne 2078.
LaTeX Encoding Info:    Redeclaring text command \IJ (encoding OT1) on input li
ne 2080.
LaTeX Encoding Info:    Redeclaring text command \ij (encoding T1) on input lin
e 2082.
LaTeX Encoding Info:    Redeclaring text command \IJ (encoding T1) on input lin
e 2083.
LaTeX Encoding Info:    Ignoring declaration for text command \ij (encoding ?) 
on input line 2084.
LaTeX Encoding Info:    Ignoring declaration for text command \IJ (encoding ?) 
on input line 2086.
LaTeX Encoding Info:    Ignoring declaration for text command \SS (encoding ?) 
on input line 2111.
\U@D=\dimen199
\l@unhyphenated=\language79

(<USER_HOME>/AppData/Local/Programs/MiKTeX/tex/generic/babel/luababel.def
\bbl@attr@locale=\attribute4

(<USER_HOME>/AppData/Local/Programs/MiKTeX/tex/luatex/luatexbase/luatexbase
.sty
Package: luatexbase 2015/10/04 v1.3 luatexbase interface to LuaTeX 

(<USER_HOME>/AppData/Local/Programs/MiKTeX/tex/luatex/ctablestack/ctablesta
ck.sty
Package: ctablestack 2015/10/01 v1.0 Catcode table stable support
\@catcodetablestackcnt=\count347
)
\CatcodeTableOther=\catcodetable16
\CatcodeTableExpl=\catcodetable17
)
Removing  `luaotfload.node_processor' from `pre_linebreak_filter'.
Inserting `Babel.pre_otfload_v' in `pre_linebreak_filter'.
Inserting `luaotfload.node_processor' in `pre_linebreak_filter'.
Removing  `luaotfload.node_processor' from `hpack_filter'.
Removing  `luaotfload.harf.finalize_hlist' from `hpack_filter'.
Inserting `Babel.pre_otfload_h' in `hpack_filter'.
Inserting `luaotfload.node_processor' in `hpack_filter'.
Inserting `luaotfload.harf.finalize_hlist' in `hpack_filter'.
\bbl@attr@dir=\attribute5
)
Package babel Info: Configuration files are deprecated, as
(babel)             they can break document portability.
(babel)             Reported on input line 4206.

*************************************
* Local config file bblopts.cfg used
*
(<USER_HOME>/AppData/Local/Programs/MiKTeX/tex/latex/arabi/bblopts.cfg
File: bblopts.cfg 2005/09/08 v0.1 add Arabic and Farsi to "declared" options of
 babel
)
(<USER_HOME>/AppData/Local/Programs/MiKTeX/tex/generic/babel/locale/en/babe
l-english.tex)
(<USER_HOME>/AppData/Local/Programs/MiKTeX/tex/generic/babel/locale/ar/babe
l-arabic.tex)
Package babel Info: Importing font and identification data for english
(babel)             from babel-en.ini. Reported on input line 4330.

(<USER_HOME>/AppData/Local/Programs/MiKTeX/tex/latex/babel-english/english.
ldf
Language: english 2017/06/06 v3.3r English support from the babel system
Package babel Info: Hyphen rules for 'canadian' set to \l@english
(babel)             (\language0). Reported on input line 102.
Package babel Info: Hyphen rules for 'australian' set to \l@ukenglish
(babel)             (\language74). Reported on input line 105.
Package babel Info: Hyphen rules for 'newzealand' set to \l@ukenglish
(babel)             (\language74). Reported on input line 108.
)
Package babel Info: Importing data for arabic
(babel)             from babel-ar.ini. Reported on input line 4330.
\bbl@readsubstream=\read4
Package babel Info: Hyphen rules for 'arabic' set to \l@english
(babel)             (\language0). Reported on input line 4330.

(<USER_HOME>/AppData/Local/Programs/MiKTeX/tex/generic/babel/babel-ca-islam
ic.tex))
(<USER_HOME>/AppData/Local/Programs/MiKTeX/tex/latex/amsmath/amsmath.sty
Package: amsmath 2025/07/09 v2.17z AMS math features
\@mathmargin=\skip191

For additional information on amsmath, use the `?' option.
(<USER_HOME>/AppData/Local/Programs/MiKTeX/tex/latex/amsmath/amstext.sty
Package: amstext 2024/11/17 v2.01 AMS text

(<USER_HOME>/AppData/Local/Programs/MiKTeX/tex/latex/amsmath/amsgen.sty
File: amsgen.sty 1999/11/30 v2.0 generic functions
\@emptytoks=\toks25
\ex@=\dimen256
))
(<USER_HOME>/AppData/Local/Programs/MiKTeX/tex/latex/amsmath/amsbsy.sty
Package: amsbsy 1999/11/29 v1.2d Bold Symbols
\pmbraise@=\dimen257
)
(<USER_HOME>/AppData/Local/Programs/MiKTeX/tex/latex/amsmath/amsopn.sty
Package: amsopn 2022/04/08 v2.04 operator names
)
\inf@bad=\count348
LaTeX Info: Redefining \frac on input line 235.
\uproot@=\count349
\leftroot@=\count350
LaTeX Info: Redefining \overline on input line 398.
LaTeX Info: Redefining \colon on input line 409.
\classnum@=\count351
\DOTSCASE@=\count352
LaTeX Info: Redefining \ldots on input line 495.
LaTeX Info: Redefining \dots on input line 498.
LaTeX Info: Redefining \cdots on input line 619.
\Mathstrutbox@=\box58
\strutbox@=\box59
LaTeX Info: Redefining \big on input line 721.
LaTeX Info: Redefining \Big on input line 722.
LaTeX Info: Redefining \bigg on input line 723.
LaTeX Info: Redefining \Bigg on input line 724.
\big@size=\dimen258
LaTeX Font Info:    Redeclaring font encoding OML on input line 742.
LaTeX Font Info:    Redeclaring font encoding OMS on input line 743.
\macc@depth=\count353
LaTeX Info: Redefining \bmod on input line 904.
LaTeX Info: Redefining \pmod on input line 909.
LaTeX Info: Redefining \smash on input line 939.
LaTeX Info: Redefining \relbar on input line 969.
LaTeX Info: Redefining \Relbar on input line 970.
\c@MaxMatrixCols=\count354
\dotsspace@=\muskip17
\c@parentequation=\count355
\dspbrk@lvl=\count356
\tag@help=\toks26
\row@=\count357
\column@=\count358
\maxfields@=\count359
\andhelp@=\toks27
\eqnshift@=\dimen259
\alignsep@=\dimen260
\tagshift@=\dimen261
\tagwidth@=\dimen262
\totwidth@=\dimen263
\lineht@=\dimen264
\@envbody=\toks28
\multlinegap=\skip192
\multlinetaggap=\skip193
\mathdisplay@stack=\toks29
LaTeX Info: Redefining \[ on input line 2950.
LaTeX Info: Redefining \] on input line 2951.
)
(<USER_HOME>/AppData/Local/Programs/MiKTeX/tex/latex/amsfonts/amssymb.sty
Package: amssymb 2013/01/14 v3.01 AMS font symbols

(<USER_HOME>/AppData/Local/Programs/MiKTeX/tex/latex/amsfonts/amsfonts.sty
Package: amsfonts 2013/01/14 v3.01 Basic AMSFonts support
\symAMSa=\mathgroup4
\symAMSb=\mathgroup5
LaTeX Font Info:    Redeclaring math symbol \hbar on input line 98.
LaTeX Font Info:    Overwriting math alphabet `\mathfrak' in version `bold'
(Font)                  U/euf/m/n --> U/euf/b/n on input line 106.
))
(<USER_HOME>/AppData/Local/Programs/MiKTeX/tex/latex/extarrows/extarrows.st
y
Package: extarrows 2020/03/12 v1.2.0 Some extensible arrows
)
(<USER_HOME>/AppData/Local/Programs/MiKTeX/tex/generic/mathdots/mathdots.st
y
Package: mathdots 2014/06/11 v0.9 Improve and add various macros for dots in ma
th.
\MDo@unit=\dimen265
\MDo@dotsbox=\box60
\MDoprekern=\muskip18
\MDopostkern=\muskip19
\MDodotkern=\muskip20
) (<USER_HOME>/AppData/Local/Programs/MiKTeX/tex/latex/isomath/isomath.sty
Package: isomath 2012/09/04 v0.6.1 ISO math style
(<USER_HOME>/AppData/Local/Programs/MiKTeX/tex/latex/fixmath/fixmath.sty
Package: fixmath 2022/10/06 v0.9.1 (WaS)
LaTeX Font Info:    Redeclaring math symbol \Gamma on input line 27.
LaTeX Font Info:    Redeclaring math symbol \Delta on input line 28.
LaTeX Font Info:    Redeclaring math symbol \Theta on input line 29.
LaTeX Font Info:    Redeclaring math symbol \Lambda on input line 30.
LaTeX Font Info:    Redeclaring math symbol \Xi on input line 31.
LaTeX Font Info:    Redeclaring math symbol \Pi on input line 32.
LaTeX Font Info:    Redeclaring math symbol \Sigma on input line 33.
LaTeX Font Info:    Redeclaring math symbol \Upsilon on input line 34.
LaTeX Font Info:    Redeclaring math symbol \Phi on input line 35.
LaTeX Font Info:    Redeclaring math symbol \Psi on input line 36.
LaTeX Font Info:    Redeclaring math symbol \Omega on input line 37.
LaTeX Font Info:    Redeclaring math symbol \alpha on input line 38.
LaTeX Font Info:    Redeclaring math symbol \beta on input line 39.
LaTeX Font Info:    Redeclaring math symbol \gamma on input line 40.
LaTeX Font Info:    Redeclaring math symbol \delta on input line 41.
LaTeX Font Info:    Redeclaring math symbol \epsilon on input line 42.
LaTeX Font Info:    Redeclaring math symbol \zeta on input line 43.
LaTeX Font Info:    Redeclaring math symbol \eta on input line 44.
LaTeX Font Info:    Redeclaring math symbol \theta on input line 45.
LaTeX Font Info:    Redeclaring math symbol \iota on input line 46.
LaTeX Font Info:    Redeclaring math symbol \kappa on input line 47.
LaTeX Font Info:    Redeclaring math symbol \lambda on input line 48.
LaTeX Font Info:    Redeclaring math symbol \mu on input line 49.
LaTeX Font Info:    Redeclaring math symbol \nu on input line 50.
LaTeX Font Info:    Redeclaring math symbol \xi on input line 51.
LaTeX Font Info:    Redeclaring math symbol \pi on input line 52.
LaTeX Font Info:    Redeclaring math symbol \rho on input line 53.
LaTeX Font Info:    Redeclaring math symbol \sigma on input line 54.
LaTeX Font Info:    Redeclaring math symbol \tau on input line 55.
LaTeX Font Info:    Redeclaring math symbol \upsilon on input line 56.
LaTeX Font Info:    Redeclaring math symbol \phi on input line 57.
LaTeX Font Info:    Redeclaring math symbol \chi on input line 58.
LaTeX Font Info:    Redeclaring math symbol \psi on input line 59.
LaTeX Font Info:    Redeclaring math symbol \omega on input line 60.
LaTeX Font Info:    Redeclaring math symbol \varepsilon on input line 61.
LaTeX Font Info:    Redeclaring math symbol \vartheta on input line 62.
LaTeX Font Info:    Redeclaring math symbol \varpi on input line 63.
LaTeX Font Info:    Redeclaring math symbol \varphi on input line 64.
LaTeX Font Info:    Redeclaring math symbol \varrho on input line 65.
LaTeX Font Info:    Redeclaring math symbol \varsigma on input line 66.
)
LaTeX Font Info:    Overwriting math alphabet `\mathsfit' in version `bold'
(Font)                  OML/cmbr/m/it --> OML/cmbr/bx/it on input line 201.
)
(<USER_HOME>/AppData/Local/Programs/MiKTeX/tex/latex/mfirstuc/mfirstuc.sty
Package: mfirstuc 2025/04/03 v2.09 (NLCT)
\@glsmfirst=\toks30
\@glsmrest=\toks31
) (<USER_HOME>/AppData/Local/Programs/MiKTeX/tex/latex/subfiles/subfiles.st
y
Package: subfiles 2020/11/14 v2.2 Multi-file projects (package)
(<USER_HOME>/AppData/Local/Programs/MiKTeX/tex/latex/import/import.sty
Package: import 2020/04/01  v 6.2
))
(<USER_HOME>/AppData/Local/Programs/MiKTeX/tex/latex/framed/framed.sty
Package: framed 2011/10/22 v 0.96: framed or shaded text with page breaks
\OuterFrameSep=\skip194
\fb@frw=\dimen266
\fb@frh=\dimen267
)
(<USER_HOME>/AppData/Local/Programs/MiKTeX/tex/latex/graphics/graphicx.sty
Package: graphicx 2024/12/31 v1.2e Enhanced LaTeX Graphics (DPC,SPQR)

(<USER_HOME>/AppData/Local/Programs/MiKTeX/tex/latex/graphics/graphics.sty
Package: graphics 2024/08/06 v1.4g Standard LaTeX Graphics (DPC,SPQR)

(<USER_HOME>/AppData/Local/Programs/MiKTeX/tex/latex/graphics/trig.sty
Package: trig 2023/12/02 v1.11 sin cos tan (DPC)
)
(<USER_HOME>/AppData/Local/Programs/MiKTeX/tex/latex/graphics-cfg/graphics.
cfg
File: graphics.cfg 2016/06/04 v1.11 sample graphics configuration
)
Package graphics Info: Driver file: luatex.def on input line 106.
)
\Gin@req@height=\dimen268
\Gin@req@width=\dimen269
)
(<USER_HOME>/AppData/Local/Programs/MiKTeX/tex/latex/multirow/multirow.sty
Package: multirow 2024/11/12 v2.9 Span multiple rows of a table
\multirow@colwidth=\skip195
\multirow@cntb=\count360
\multirow@dima=\skip196
\bigstrutjot=\dimen270
) (<USER_HOME>/AppData/Local/Programs/MiKTeX/tex/latex/tools/longtable.sty
Package: longtable 2025-10-13 v4.24 Multi-page Table package (DPC)
\LTleft=\skip197
\LTright=\skip198
\LTpre=\skip199
\LTpost=\skip256
\LTchunksize=\count361
\LTcapwidth=\dimen271
\LT@head=\box61
\LT@firsthead=\box62
\LT@foot=\box63
\LT@lastfoot=\box64
\LT@gbox=\box65
\LT@cols=\count362
\LT@rows=\count363
\c@LT@tables=\count364
\c@LT@chunks=\count365
\LT@p@ftn=\toks32
)
(<USER_HOME>/AppData/Local/Programs/MiKTeX/tex/latex/units/nicefrac.sty
Package: nicefrac 1998/08/04 v0.9b Nice fractions
\L@UnitsRaiseDisplaystyle=\skip257
\L@UnitsRaiseTextstyle=\skip258
\L@UnitsRaiseScriptstyle=\skip259

(<USER_HOME>/AppData/Local/Programs/MiKTeX/tex/latex/base/ifthen.sty
Package: ifthen 2024/03/16 v1.1e Standard LaTeX ifthen package (DPC)
))
(<USER_HOME>/AppData/Local/Programs/MiKTeX/tex/latex/graphics/rotating.sty
Package: rotating 2025/01/14 v2.16e rotated objects in LaTeX
\c@r@tfl@t=\count366
\rotFPtop=\skip260
\rotFPbot=\skip261
\rot@float@box=\box66
\rot@mess@toks=\toks33
) (<USER_HOME>/AppData/Local/Programs/MiKTeX/tex/latex/natbib/natbib.sty
Package: natbib 2010/09/13 8.31b (PWD, AO)
\bibhang=\skip262
\bibsep=\skip263
LaTeX Info: Redefining \cite on input line 694.
\c@NAT@ctr=\count367
)
(<USER_HOME>/AppData/Local/Programs/MiKTeX/tex/latex/pgf/frontendlayer/tikz
.sty
(<USER_HOME>/AppData/Local/Programs/MiKTeX/tex/latex/pgf/basiclayer/pgf.sty

(<USER_HOME>/AppData/Local/Programs/MiKTeX/tex/latex/pgf/utilities/pgfrcs.s
ty
(<USER_HOME>/AppData/Local/Programs/MiKTeX/tex/generic/pgf/utilities/pgfuti
l-common.tex
\pgfutil@everybye=\toks34
\pgfutil@tempdima=\dimen272
\pgfutil@tempdimb=\dimen273
)
(<USER_HOME>/AppData/Local/Programs/MiKTeX/tex/generic/pgf/utilities/pgfuti
l-latex.def
\pgfutil@abb=\box67
)
(<USER_HOME>/AppData/Local/Programs/MiKTeX/tex/generic/pgf/utilities/pgfrcs
.code.tex
(<USER_HOME>/AppData/Local/Programs/MiKTeX/tex/generic/pgf/pgf.revision.tex
)
Package: pgfrcs 2025-08-29 v3.1.11a (3.1.11a)
))
Package: pgf 2025-08-29 v3.1.11a (3.1.11a)

(<USER_HOME>/AppData/Local/Programs/MiKTeX/tex/latex/pgf/basiclayer/pgfcore
.sty
(<USER_HOME>/AppData/Local/Programs/MiKTeX/tex/latex/pgf/systemlayer/pgfsys
.sty
(<USER_HOME>/AppData/Local/Programs/MiKTeX/tex/generic/pgf/systemlayer/pgfs
ys.code.tex
Package: pgfsys 2025-08-29 v3.1.11a (3.1.11a)

(<USER_HOME>/AppData/Local/Programs/MiKTeX/tex/generic/pgf/utilities/pgfkey
s.code.tex
\pgfkeys@pathtoks=\toks35
\pgfkeys@temptoks=\toks36

(<USER_HOME>/AppData/Local/Programs/MiKTeX/tex/generic/pgf/utilities/pgfkey
slibraryfiltered.code.tex
\pgfkeys@tmptoks=\toks37
))
\pgf@x=\dimen274
\pgf@y=\dimen275
\pgf@xa=\dimen276
\pgf@ya=\dimen277
\pgf@xb=\dimen278
\pgf@yb=\dimen279
\pgf@xc=\dimen280
\pgf@yc=\dimen281
\pgf@xd=\dimen282
\pgf@yd=\dimen283
\w@pgf@writea=\write4
\r@pgf@reada=\read5
\c@pgf@counta=\count368
\c@pgf@countb=\count369
\c@pgf@countc=\count370
\c@pgf@countd=\count371
\t@pgf@toka=\toks38
\t@pgf@tokb=\toks39
\t@pgf@tokc=\toks40
\pgf@sys@id@count=\count372

(<USER_HOME>/AppData/Local/Programs/MiKTeX/tex/generic/pgf/systemlayer/pgf.
cfg
File: pgf.cfg 2025-08-29 v3.1.11a (3.1.11a)
)
Driver file for pgf: pgfsys-luatex.def

(<USER_HOME>/AppData/Local/Programs/MiKTeX/tex/generic/pgf/systemlayer/pgfs
ys-luatex.def
File: pgfsys-luatex.def 2025-08-29 v3.1.11a (3.1.11a)

(<USER_HOME>/AppData/Local/Programs/MiKTeX/tex/generic/pgf/systemlayer/pgfs
ys-common-pdf.def
File: pgfsys-common-pdf.def 2025-08-29 v3.1.11a (3.1.11a)
)))
(<USER_HOME>/AppData/Local/Programs/MiKTeX/tex/generic/pgf/systemlayer/pgfs
yssoftpath.code.tex
File: pgfsyssoftpath.code.tex 2025-08-29 v3.1.11a (3.1.11a)
\pgfsyssoftpath@smallbuffer@items=\count373
\pgfsyssoftpath@bigbuffer@items=\count374
)
(<USER_HOME>/AppData/Local/Programs/MiKTeX/tex/generic/pgf/systemlayer/pgfs
ysprotocol.code.tex
File: pgfsysprotocol.code.tex 2025-08-29 v3.1.11a (3.1.11a)
))
(<USER_HOME>/AppData/Local/Programs/MiKTeX/tex/generic/pgf/basiclayer/pgfco
re.code.tex
Package: pgfcore 2025-08-29 v3.1.11a (3.1.11a)

(<USER_HOME>/AppData/Local/Programs/MiKTeX/tex/generic/pgf/math/pgfmath.cod
e.tex
(<USER_HOME>/AppData/Local/Programs/MiKTeX/tex/generic/pgf/math/pgfmathutil
.code.tex)
(<USER_HOME>/AppData/Local/Programs/MiKTeX/tex/generic/pgf/math/pgfmathpars
er.code.tex
\pgfmath@dimen=\dimen284
\pgfmath@count=\count375
\pgfmath@box=\box68
\pgfmath@toks=\toks41
\pgfmath@stack@operand=\toks42
\pgfmath@stack@operation=\toks43
)
(<USER_HOME>/AppData/Local/Programs/MiKTeX/tex/generic/pgf/math/pgfmathfunc
tions.code.tex)
(<USER_HOME>/AppData/Local/Programs/MiKTeX/tex/generic/pgf/math/pgfmathfunc
tions.basic.code.tex)
(<USER_HOME>/AppData/Local/Programs/MiKTeX/tex/generic/pgf/math/pgfmathfunc
tions.trigonometric.code.tex)
(<USER_HOME>/AppData/Local/Programs/MiKTeX/tex/generic/pgf/math/pgfmathfunc
tions.random.code.tex)
(<USER_HOME>/AppData/Local/Programs/MiKTeX/tex/generic/pgf/math/pgfmathfunc
tions.comparison.code.tex)
(<USER_HOME>/AppData/Local/Programs/MiKTeX/tex/generic/pgf/math/pgfmathfunc
tions.base.code.tex)
(<USER_HOME>/AppData/Local/Programs/MiKTeX/tex/generic/pgf/math/pgfmathfunc
tions.round.code.tex)
(<USER_HOME>/AppData/Local/Programs/MiKTeX/tex/generic/pgf/math/pgfmathfunc
tions.misc.code.tex)
(<USER_HOME>/AppData/Local/Programs/MiKTeX/tex/generic/pgf/math/pgfmathfunc
tions.integerarithmetics.code.tex)
(<USER_HOME>/AppData/Local/Programs/MiKTeX/tex/generic/pgf/math/pgfmathcalc
.code.tex)
(<USER_HOME>/AppData/Local/Programs/MiKTeX/tex/generic/pgf/math/pgfmathfloa
t.code.tex
\c@pgfmathroundto@lastzeros=\count376
))
(<USER_HOME>/AppData/Local/Programs/MiKTeX/tex/generic/pgf/math/pgfint.code
.tex)
(<USER_HOME>/AppData/Local/Programs/MiKTeX/tex/generic/pgf/basiclayer/pgfco
repoints.code.tex
File: pgfcorepoints.code.tex 2025-08-29 v3.1.11a (3.1.11a)
\pgf@picminx=\dimen285
\pgf@picmaxx=\dimen286
\pgf@picminy=\dimen287
\pgf@picmaxy=\dimen288
\pgf@pathminx=\dimen289
\pgf@pathmaxx=\dimen290
\pgf@pathminy=\dimen291
\pgf@pathmaxy=\dimen292
\pgf@xx=\dimen293
\pgf@xy=\dimen294
\pgf@yx=\dimen295
\pgf@yy=\dimen296
\pgf@zx=\dimen297
\pgf@zy=\dimen298
)
(<USER_HOME>/AppData/Local/Programs/MiKTeX/tex/generic/pgf/basiclayer/pgfco
repathconstruct.code.tex
File: pgfcorepathconstruct.code.tex 2025-08-29 v3.1.11a (3.1.11a)
\pgf@path@lastx=\dimen299
\pgf@path@lasty=\dimen300
)
(<USER_HOME>/AppData/Local/Programs/MiKTeX/tex/generic/pgf/basiclayer/pgfco
repathusage.code.tex
File: pgfcorepathusage.code.tex 2025-08-29 v3.1.11a (3.1.11a)
\pgf@shorten@end@additional=\dimen301
\pgf@shorten@start@additional=\dimen302
)
(<USER_HOME>/AppData/Local/Programs/MiKTeX/tex/generic/pgf/basiclayer/pgfco
rescopes.code.tex
File: pgfcorescopes.code.tex 2025-08-29 v3.1.11a (3.1.11a)
\pgfpic=\box69
\pgf@hbox=\box70
\pgf@layerbox@main=\box71
\pgf@picture@serial@count=\count377
)
(<USER_HOME>/AppData/Local/Programs/MiKTeX/tex/generic/pgf/basiclayer/pgfco
regraphicstate.code.tex
File: pgfcoregraphicstate.code.tex 2025-08-29 v3.1.11a (3.1.11a)
\pgflinewidth=\dimen303
)
(<USER_HOME>/AppData/Local/Programs/MiKTeX/tex/generic/pgf/basiclayer/pgfco
retransformations.code.tex
File: pgfcoretransformations.code.tex 2025-08-29 v3.1.11a (3.1.11a)
\pgf@pt@x=\dimen304
\pgf@pt@y=\dimen305
\pgf@pt@temp=\dimen306
)
(<USER_HOME>/AppData/Local/Programs/MiKTeX/tex/generic/pgf/basiclayer/pgfco
requick.code.tex
File: pgfcorequick.code.tex 2025-08-29 v3.1.11a (3.1.11a)
)
(<USER_HOME>/AppData/Local/Programs/MiKTeX/tex/generic/pgf/basiclayer/pgfco
reobjects.code.tex
File: pgfcoreobjects.code.tex 2025-08-29 v3.1.11a (3.1.11a)
)
(<USER_HOME>/AppData/Local/Programs/MiKTeX/tex/generic/pgf/basiclayer/pgfco
repathprocessing.code.tex
File: pgfcorepathprocessing.code.tex 2025-08-29 v3.1.11a (3.1.11a)
)
(<USER_HOME>/AppData/Local/Programs/MiKTeX/tex/generic/pgf/basiclayer/pgfco
rearrows.code.tex
File: pgfcorearrows.code.tex 2025-08-29 v3.1.11a (3.1.11a)
\pgfarrowsep=\dimen307
)
(<USER_HOME>/AppData/Local/Programs/MiKTeX/tex/generic/pgf/basiclayer/pgfco
reshade.code.tex
File: pgfcoreshade.code.tex 2025-08-29 v3.1.11a (3.1.11a)
\pgf@max=\dimen308
\pgf@sys@shading@range@num=\count378
\pgf@shadingcount=\count379
)
(<USER_HOME>/AppData/Local/Programs/MiKTeX/tex/generic/pgf/basiclayer/pgfco
reimage.code.tex
File: pgfcoreimage.code.tex 2025-08-29 v3.1.11a (3.1.11a)
)
(<USER_HOME>/AppData/Local/Programs/MiKTeX/tex/generic/pgf/basiclayer/pgfco
reexternal.code.tex
File: pgfcoreexternal.code.tex 2025-08-29 v3.1.11a (3.1.11a)
\pgfexternal@startupbox=\box72
)
(<USER_HOME>/AppData/Local/Programs/MiKTeX/tex/generic/pgf/basiclayer/pgfco
relayers.code.tex
File: pgfcorelayers.code.tex 2025-08-29 v3.1.11a (3.1.11a)
)
(<USER_HOME>/AppData/Local/Programs/MiKTeX/tex/generic/pgf/basiclayer/pgfco
retransparency.code.tex
File: pgfcoretransparency.code.tex 2025-08-29 v3.1.11a (3.1.11a)
)
(<USER_HOME>/AppData/Local/Programs/MiKTeX/tex/generic/pgf/basiclayer/pgfco
repatterns.code.tex
File: pgfcorepatterns.code.tex 2025-08-29 v3.1.11a (3.1.11a)
)
(<USER_HOME>/AppData/Local/Programs/MiKTeX/tex/generic/pgf/basiclayer/pgfco
rerdf.code.tex
File: pgfcorerdf.code.tex 2025-08-29 v3.1.11a (3.1.11a)
)))
(<USER_HOME>/AppData/Local/Programs/MiKTeX/tex/generic/pgf/modules/pgfmodul
eshapes.code.tex
File: pgfmoduleshapes.code.tex 2025-08-29 v3.1.11a (3.1.11a)
\pgfnodeparttextbox=\box73
)
(<USER_HOME>/AppData/Local/Programs/MiKTeX/tex/generic/pgf/modules/pgfmodul
eplot.code.tex
File: pgfmoduleplot.code.tex 2025-08-29 v3.1.11a (3.1.11a)
)
(<USER_HOME>/AppData/Local/Programs/MiKTeX/tex/latex/pgf/compatibility/pgfc
omp-version-0-65.sty
Package: pgfcomp-version-0-65 2025-08-29 v3.1.11a (3.1.11a)
\pgf@nodesepstart=\dimen309
\pgf@nodesepend=\dimen310
)
(<USER_HOME>/AppData/Local/Programs/MiKTeX/tex/latex/pgf/compatibility/pgfc
omp-version-1-18.sty
Package: pgfcomp-version-1-18 2025-08-29 v3.1.11a (3.1.11a)
))
(<USER_HOME>/AppData/Local/Programs/MiKTeX/tex/latex/pgf/utilities/pgffor.s
ty
(<USER_HOME>/AppData/Local/Programs/MiKTeX/tex/latex/pgf/utilities/pgfkeys.
sty
(<USER_HOME>/AppData/Local/Programs/MiKTeX/tex/generic/pgf/utilities/pgfkey
s.code.tex))
(<USER_HOME>/AppData/Local/Programs/MiKTeX/tex/latex/pgf/math/pgfmath.sty
(<USER_HOME>/AppData/Local/Programs/MiKTeX/tex/generic/pgf/math/pgfmath.cod
e.tex))
(<USER_HOME>/AppData/Local/Programs/MiKTeX/tex/generic/pgf/utilities/pgffor
.code.tex
Package: pgffor 2025-08-29 v3.1.11a (3.1.11a)
\pgffor@iter=\dimen311
\pgffor@skip=\dimen312
\pgffor@stack=\toks44
\pgffor@toks=\toks45
))
(<USER_HOME>/AppData/Local/Programs/MiKTeX/tex/generic/pgf/frontendlayer/ti
kz/tikz.code.tex
Package: tikz 2025-08-29 v3.1.11a (3.1.11a)

(<USER_HOME>/AppData/Local/Programs/MiKTeX/tex/generic/pgf/libraries/pgflib
raryplothandlers.code.tex
File: pgflibraryplothandlers.code.tex 2025-08-29 v3.1.11a (3.1.11a)
\pgf@plot@mark@count=\count380
\pgfplotmarksize=\dimen313
)
\tikz@lastx=\dimen314
\tikz@lasty=\dimen315
\tikz@lastxsaved=\dimen316
\tikz@lastysaved=\dimen317
\tikz@lastmovetox=\dimen318
\tikz@lastmovetoy=\dimen319
\tikzleveldistance=\dimen320
\tikzsiblingdistance=\dimen321
\tikz@figbox=\box74
\tikz@figbox@bg=\box75
\tikz@tempbox=\box76
\tikz@tempbox@bg=\box77
\tikztreelevel=\count381
\tikznumberofchildren=\count382
\tikznumberofcurrentchild=\count383
\tikz@fig@count=\count384

(<USER_HOME>/AppData/Local/Programs/MiKTeX/tex/generic/pgf/modules/pgfmodul
ematrix.code.tex
File: pgfmodulematrix.code.tex 2025-08-29 v3.1.11a (3.1.11a)
\pgfmatrixcurrentrow=\count385
\pgfmatrixcurrentcolumn=\count386
\pgf@matrix@numberofcolumns=\count387
)
\tikz@expandcount=\count388

(<USER_HOME>/AppData/Local/Programs/MiKTeX/tex/generic/pgf/frontendlayer/ti
kz/libraries/tikzlibrarytopaths.code.tex
File: tikzlibrarytopaths.code.tex 2025-08-29 v3.1.11a (3.1.11a)
)))
(<USER_HOME>/AppData/Local/Programs/MiKTeX/tex/latex/tikzscale/tikzscale.st
y
Package: tikzscale 2013/05/22 v0.2.6 tikzscale LaTeX package

(<USER_HOME>/AppData/Local/Programs/MiKTeX/tex/latex/letltxmacro/letltxmacr
o.sty
Package: letltxmacro 2019/12/03 v1.6 Let assignment for LaTeX macros (HO)
)
\tikzscale@measuredSize=\box78
)
(<USER_HOME>/AppData/Local/Programs/MiKTeX/tex/generic/pgf/frontendlayer/ti
kz/libraries/tikzlibraryarrows.code.tex
File: tikzlibraryarrows.code.tex 2025-08-29 v3.1.11a (3.1.11a)

(<USER_HOME>/AppData/Local/Programs/MiKTeX/tex/generic/pgf/libraries/pgflib
raryarrows.code.tex
File: pgflibraryarrows.code.tex 2025-08-29 v3.1.11a (3.1.11a)
\arrowsize=\dimen322
))
(<USER_HOME>/AppData/Local/Programs/MiKTeX/tex/generic/pgf/frontendlayer/ti
kz/libraries/tikzlibraryautomata.code.tex
File: tikzlibraryautomata.code.tex 2025-08-29 v3.1.11a (3.1.11a)

(<USER_HOME>/AppData/Local/Programs/MiKTeX/tex/generic/pgf/frontendlayer/ti
kz/libraries/tikzlibraryshapes.multipart.code.tex
File: tikzlibraryshapes.multipart.code.tex 2025-08-29 v3.1.11a (3.1.11a)

(<USER_HOME>/AppData/Local/Programs/MiKTeX/tex/generic/pgf/libraries/shapes
/pgflibraryshapes.multipart.code.tex
File: pgflibraryshapes.multipart.code.tex 2025-08-29 v3.1.11a (3.1.11a)
\pgfnodepartlowerbox=\box79
\pgfnodeparttwobox=\box80
\pgfnodepartthreebox=\box81
\pgfnodepartfourbox=\box82
\pgfnodeparttwentybox=\box83
\pgfnodepartnineteenbox=\box84
\pgfnodeparteighteenbox=\box85
\pgfnodepartseventeenbox=\box86
\pgfnodepartsixteenbox=\box87
\pgfnodepartfifteenbox=\box88
\pgfnodepartfourteenbox=\box89
\pgfnodepartthirteenbox=\box90
\pgfnodeparttwelvebox=\box91
\pgfnodepartelevenbox=\box92
\pgfnodeparttenbox=\box93
\pgfnodepartninebox=\box94
\pgfnodeparteightbox=\box95
\pgfnodepartsevenbox=\box96
\pgfnodepartsixbox=\box97
\pgfnodepartfivebox=\box98
)))
(<USER_HOME>/AppData/Local/Programs/MiKTeX/tex/generic/pgf/frontendlayer/ti
kz/libraries/tikzlibraryintersections.code.tex
(<USER_HOME>/AppData/Local/Programs/MiKTeX/tex/generic/pgf/libraries/pgflib
raryintersections.code.tex
(<USER_HOME>/AppData/Local/Programs/MiKTeX/tex/generic/pgf/libraries/pgflib
raryfpu.code.tex)
\pgf@intersect@solutions=\count389
))
(<USER_HOME>/AppData/Local/Programs/MiKTeX/tex/generic/pgf/frontendlayer/ti
kz/libraries/tikzlibrarypositioning.code.tex
File: tikzlibrarypositioning.code.tex 2025-08-29 v3.1.11a (3.1.11a)
)
(<USER_HOME>/AppData/Local/Programs/MiKTeX/tex/latex/bussproofs/bussproofs.
sty
Proof Tree (bussproofs) style macros. Version 1.1.
\theLevel=\count390
\myMaxLevel=\count391
\myBoxA=\box99
\myBoxB=\box100
\myBoxC=\box101
\myBoxD=\box102
\myBoxLL=\box103
\myBoxRL=\box104
\thisAboveSkip=\dimen323
\thisBelowSkip=\dimen324
\newScoreStart=\dimen325
\newScoreEnd=\dimen326
\newCenter=\dimen327
\displace=\dimen328
\leftLowerAmt=\dimen329
\rightLowerAmt=\dimen330
\scoreHeight=\dimen331
\scoreDepth=\dimen332
\htLbox=\dimen333
\htRbox=\dimen334
\htRRbox=\dimen335
\htRRRbox=\dimen336
\htAbox=\dimen337
\htCbox=\dimen338
)
(<USER_HOME>/AppData/Local/Programs/MiKTeX/tex/latex/prooftrees/prooftrees.
sty
(<USER_HOME>/AppData/Local/Programs/MiKTeX/tex/latex/svn-prov/svn-prov.sty
Package: svn-prov 2010/04/24 v3.1862 Package Date/Version from SVN Keywords
)
Package: prooftrees 2026/02/21 v0.9.3 (SVN Rev: 11666)
(<USER_HOME>/AppData/Local/Programs/MiKTeX/tex/latex/forest/forest.sty
Package: forest 2017/07/14 v2.1.5 Drawing (linguistic) trees

(<USER_HOME>/AppData/Local/Programs/MiKTeX/tex/generic/pgf/frontendlayer/ti
kz/libraries/tikzlibraryshapes.code.tex
File: tikzlibraryshapes.code.tex 2025-08-29 v3.1.11a (3.1.11a)

(<USER_HOME>/AppData/Local/Programs/MiKTeX/tex/generic/pgf/frontendlayer/ti
kz/libraries/tikzlibraryshapes.geometric.code.tex
File: tikzlibraryshapes.geometric.code.tex 2025-08-29 v3.1.11a (3.1.11a)

(<USER_HOME>/AppData/Local/Programs/MiKTeX/tex/generic/pgf/libraries/shapes
/pgflibraryshapes.geometric.code.tex
File: pgflibraryshapes.geometric.code.tex 2025-08-29 v3.1.11a (3.1.11a)
))
(<USER_HOME>/AppData/Local/Programs/MiKTeX/tex/generic/pgf/frontendlayer/ti
kz/libraries/tikzlibraryshapes.misc.code.tex
File: tikzlibraryshapes.misc.code.tex 2025-08-29 v3.1.11a (3.1.11a)

(<USER_HOME>/AppData/Local/Programs/MiKTeX/tex/generic/pgf/libraries/shapes
/pgflibraryshapes.misc.code.tex
File: pgflibraryshapes.misc.code.tex 2025-08-29 v3.1.11a (3.1.11a)
))
(<USER_HOME>/AppData/Local/Programs/MiKTeX/tex/generic/pgf/frontendlayer/ti
kz/libraries/tikzlibraryshapes.symbols.code.tex
File: tikzlibraryshapes.symbols.code.tex 2025-08-29 v3.1.11a (3.1.11a)

(<USER_HOME>/AppData/Local/Programs/MiKTeX/tex/generic/pgf/libraries/shapes
/pgflibraryshapes.symbols.code.tex
File: pgflibraryshapes.symbols.code.tex 2025-08-29 v3.1.11a (3.1.11a)
))
(<USER_HOME>/AppData/Local/Programs/MiKTeX/tex/generic/pgf/frontendlayer/ti
kz/libraries/tikzlibraryshapes.arrows.code.tex
File: tikzlibraryshapes.arrows.code.tex 2025-08-29 v3.1.11a (3.1.11a)

(<USER_HOME>/AppData/Local/Programs/MiKTeX/tex/generic/pgf/libraries/shapes
/pgflibraryshapes.arrows.code.tex
File: pgflibraryshapes.arrows.code.tex 2025-08-29 v3.1.11a (3.1.11a)
))
(<USER_HOME>/AppData/Local/Programs/MiKTeX/tex/generic/pgf/frontendlayer/ti
kz/libraries/tikzlibraryshapes.callouts.code.tex
(<USER_HOME>/AppData/Local/Programs/MiKTeX/tex/generic/pgf/libraries/shapes
/pgflibraryshapes.callouts.code.tex)))
(<USER_HOME>/AppData/Local/Programs/MiKTeX/tex/generic/pgf/frontendlayer/ti
kz/libraries/tikzlibraryfit.code.tex
File: tikzlibraryfit.code.tex 2025-08-29 v3.1.11a (3.1.11a)
)
(<USER_HOME>/AppData/Local/Programs/MiKTeX/tex/generic/pgf/frontendlayer/ti
kz/libraries/tikzlibrarycalc.code.tex
File: tikzlibrarycalc.code.tex 2025-08-29 v3.1.11a (3.1.11a)
)
(<USER_HOME>/AppData/Local/Programs/MiKTeX/tex/latex/pgfopts/pgfopts.sty
Package: pgfopts 2014/07/10 v2.1a LaTeX package options with pgfkeys
\pgfopts@list@add@a@toks=\toks46
\pgfopts@list@add@b@toks=\toks47
)
(<USER_HOME>/AppData/Local/Programs/MiKTeX/tex/latex/elocalloc/elocalloc.st
y
Package: elocalloc 2016/12/15 v0.03 local allocation for LaTeX 2015+ (DPC)
) (<USER_HOME>/AppData/Local/Programs/MiKTeX/tex/latex/environ/environ.sty
Package: environ 2014/05/04 v0.3 A new way to define environments

(<USER_HOME>/AppData/Local/Programs/MiKTeX/tex/latex/trimspaces/trimspaces.
sty
Package: trimspaces 2009/09/17 v1.1 Trim spaces around a token list
))
(<USER_HOME>/AppData/Local/Programs/MiKTeX/tex/latex/inlinedef/inlinedef.st
y
Package: inlinedef 2008/07/10 v1.0 Inlined expansions within definitions
\ID@toks=\toks48
\ID@count=\count392
)
\ID@usercommands=\toks49
\safeloop@depth=\count393
\safeRKloop@depth=\count394
\forest@temp@dimen=\dimen339
\forest@temp@count=\count395
\forest@n=\count396
\forest@temp@global@count=\count397
\forest@temp@toks=\toks50
\forest@temparray@M=\count398
\forest@temparray@N=\count399
\forest@global@temparray@M=\count400
\forest@global@temparray@N=\count401
\forest@isnum@count=\count402
\forest@isdim@nonintpart=\count403
\forest@isdim@dimen=\dimen340
\forest@sort@m=\count404
\forest@sort@k=\count405
\forest@sort@p=\count406
\bracket@content=\toks51
\bracket@afterthought=\toks52
\forest@node@maxid=\count407
\forest@process@left@M=\count408
\forest@process@left@N=\count409
\forest@process@right@M=\count410
\forest@process@right@N=\count411
\forest@process@saved@M=\count412
\forest@process@saved@N=\count413
\forest@process@result@M=\count414
\forest@process@result@N=\count415
\forest@process@n=\count416
\forest@nodewalk@branch@toks=\toks53
\forest@nodewalk@shortsteps@resolution=\toks54
\forest@do@dynamics=\toks55
\forest@box=\box105
\forest@xg=\dimen341
\forest@yg=\dimen342
\forest@xs=\dimen343
\forest@ys=\dimen344
\forest@pi@toks=\toks56
\forest@segment@toks=\toks57
\forest@PIi@toks=\toks58
\forest@PIii@toks=\toks59
\forest@copy@in=\read6
\forest@copy@out=\write5
\forest@externalize@max@outer@n=\count417
\forest@externalize@inner@n=\count418
)
(<USER_HOME>/AppData/Local/Programs/MiKTeX/tex/latex/forest-ext/forest-lib-
ext.tagging.sty
Package: forest-lib-ext.tagging v0.1

(<USER_HOME>/AppData/Local/Programs/MiKTeX/tex/latex/forest-ext/forest-lib-
ext.utils.sty
Package: forest-lib-ext.utils 2025-12-05 v0.1
\forestext@toksa=\toks60
)
\tagforest@toks=\toks61
\tagforest@id=\count419

[Forest ext.utils debug]:: Setting processing order for tag nodes to unique=tre
e.
[Forest ext.utils debug]:: Setting processing order for collate tags to unique=
tree.
)
[Forest ext.utils debug]:: Setting processing order for proof tree copy content
 to unique=tree.
) (<USER_HOME>/AppData/Local/Programs/MiKTeX/tex/latex/wrapfig/wrapfig.sty
\wrapoverhang=\dimen345
\WF@size=\dimen346
\c@WF@wrappedlines=\count420
\WF@box=\box106
\WF@everypar=\toks62
Package: wrapfig 2003/01/31  v 3.6
)
(<USER_HOME>/AppData/Local/Programs/MiKTeX/tex/generic/catchfile/catchfile.
sty
Package: catchfile 2019/12/09 v1.8 Catch the contents of a file (HO)

(<USER_HOME>/AppData/Local/Programs/MiKTeX/tex/generic/etexcmds/etexcmds.st
y
Package: etexcmds 2019/12/15 v1.7 Avoid name clashes with e-TeX commands (HO)
))
(<USER_HOME>/AppData/Local/Programs/MiKTeX/tex/latex/hyperref/hyperref.sty
Package: hyperref 2026-04-24 v7.01q Hypertext links for LaTeX

(<USER_HOME>/AppData/Local/Programs/MiKTeX/tex/generic/kvdefinekeys/kvdefin
ekeys.sty
Package: kvdefinekeys 2019-12-19 v1.6 Define keys (HO)
)
(<USER_HOME>/AppData/Local/Programs/MiKTeX/tex/generic/pdfescape/pdfescape.
sty
Package: pdfescape 2019/12/09 v1.15 Implements pdfTeX's escape features (HO)

(<USER_HOME>/AppData/Local/Programs/MiKTeX/tex/generic/pdftexcmds/pdftexcmd
s.sty
Package: pdftexcmds 2020-06-27 v0.33 Utility functions of pdfTeX for LuaTeX (HO
)
Package pdftexcmds Info: \pdf@primitive is available.
Package pdftexcmds Info: \pdf@ifprimitive is available.
Package pdftexcmds Info: \pdfdraftmode found.
\pdftexcmds@toks=\toks63
))
(<USER_HOME>/AppData/Local/Programs/MiKTeX/tex/latex/hycolor/hycolor.sty
Package: hycolor 2020-01-27 v1.10 Color options for hyperref/bookmark (HO)
)
(<USER_HOME>/AppData/Local/Programs/MiKTeX/tex/generic/stringenc/stringenc.
sty
Package: stringenc 2019/11/29 v1.12 Convert strings between diff. encodings (HO
)
)
\@linkdim=\dimen347
\Hy@linkcounter=\count421
\Hy@pagecounter=\count422

(<USER_HOME>/AppData/Local/Programs/MiKTeX/tex/latex/hyperref/pd1enc.def
File: pd1enc.def 2026-04-24 v7.01q Hyperref: PDFDocEncoding definition (HO)
)
(<USER_HOME>/AppData/Local/Programs/MiKTeX/tex/generic/intcalc/intcalc.sty
Package: intcalc 2019/12/15 v1.3 Expandable calculations with integers (HO)
)
\Hy@SavedSpaceFactor=\count423
(<USER_HOME>/AppData/Local/Programs/MiKTeX/tex/latex/hyperref/puenc.def
File: puenc.def 2026-04-24 v7.01q Hyperref: PDF Unicode definition (HO)
)
Package hyperref Info: Hyper figures OFF on input line 4199.
Package hyperref Info: Link nesting OFF on input line 4204.
Package hyperref Info: Hyper index ON on input line 4207.
Package hyperref Info: Plain pages OFF on input line 4214.
Package hyperref Info: Backreferencing OFF on input line 4219.
Package hyperref Info: Implicit mode ON; LaTeX internals redefined.
Package hyperref Info: Bookmarks ON on input line 4466.
\c@Hy@tempcnt=\count424

(<USER_HOME>/AppData/Local/Programs/MiKTeX/tex/latex/url/url.sty
\Urlmuskip=\muskip21
Package: url 2013/09/16  ver 3.4  Verb mode for urls, etc.
)
LaTeX Info: Redefining \url on input line 4805.
\XeTeXLinkMargin=\dimen348

(<USER_HOME>/AppData/Local/Programs/MiKTeX/tex/generic/bitset/bitset.sty
Package: bitset 2019/12/09 v1.3 Handle bit-vector datatype (HO)

(<USER_HOME>/AppData/Local/Programs/MiKTeX/tex/generic/bigintcalc/bigintcal
c.sty
Package: bigintcalc 2019/12/15 v1.5 Expandable calculations on big integers (HO
)
))
\Fld@menulength=\count425
\Field@Width=\dimen349
\Fld@charsize=\dimen350
Package hyperref Info: Hyper figures OFF on input line 6091.
Package hyperref Info: Link nesting OFF on input line 6096.
Package hyperref Info: Hyper index ON on input line 6099.
Package hyperref Info: backreferencing OFF on input line 6106.
Package hyperref Info: Link coloring OFF on input line 6111.
Package hyperref Info: Link coloring with OCG OFF on input line 6116.
Package hyperref Info: PDF/A mode OFF on input line 6121.
\Hy@abspage=\count426
\c@Item=\count427
\c@Hfootnote=\count428
)
Package hyperref Info: Driver (autodetected): hluatex.

(<USER_HOME>/AppData/Local/Programs/MiKTeX/tex/latex/hyperref/hluatex.def
File: hluatex.def 2026-04-24 v7.01q Hyperref driver for luaTeX
\Fld@listcount=\count429
\c@bookmark@seq@number=\count430

(<USER_HOME>/AppData/Local/Programs/MiKTeX/tex/latex/rerunfilecheck/rerunfi
lecheck.sty
Package: rerunfilecheck 2025-06-21 v1.11 Rerun checks for auxiliary files (HO)

(<USER_HOME>/AppData/Local/Programs/MiKTeX/tex/generic/uniquecounter/unique
counter.sty
Package: uniquecounter 2019/12/15 v1.4 Provide unlimited unique counter (HO)
)
Package uniquecounter Info: New unique counter `rerunfilecheck' on input line 2
84.
)
\Hy@SectionHShift=\skip264
)
(<USER_HOME>/AppData/Local/Programs/MiKTeX/tex/latex/memoir/memhfixc.sty
Package: memhfixc 2025/09/16 v1.24 hyperref package fixes for memoir class
\c@memhycontfloat=\count431
\c@mem@Hpagenote=\count432
)
Package hyperref Info: Option `hypertexnames' set `false' on input line 70.
Package hyperref Info: Option `breaklinks' set `true' on input line 70.


Package hyperref Warning: Option `bookmarks' has already been used,
(hyperref)                setting the option has no effect on input line 70.

Package hyperref Info: Option `bookmarksopen' set `true' on input line 70.
Package hyperref Info: Option `colorlinks' set `true' on input line 70.
(<USER_HOME>/AppData/Local/Programs/MiKTeX/tex/latex/ntheorem/ntheorem.sty
Style `ntheorem', Version 1.33 <2011/08/15>
Package: ntheorem 2011/08/15 1.33
\theorem@style=\toks64
\theorem@@style=\toks65
\theorembodyfont=\toks66
\theoremnumbering=\toks67
\theorempreskipamount=\skip265
\theorempostskipamount=\skip266
\theoremframepreskipamount=\skip267
\theoremframepostskipamount=\skip268
\theoreminframepreskipamount=\skip269
\theoreminframepostskipamount=\skip270
\theorem@preskip=\toks68
\theorem@postskip=\toks69
\theorem@framepreskip=\toks70
\theorem@framepostskip=\toks71
\theorem@inframepreskip=\toks72
\theorem@inframepostskip=\toks73
\theoremindent=\dimen351
\theorem@indent=\dimen352
\theoremrightindent=\dimen353
\theorem@rightindent=\dimen354
\theoremheaderfont=\toks74
\theoremseparator=\toks75
\theoremprework=\toks76
\theorempostwork=\toks77
\theoremsymbol=\toks78
\qedsymbol=\toks79
\theoremkeyword=\toks80
\qedsymbol=\toks81
\thm@topsep=\skip271
\thm@topsepadd=\skip272
Package ntheorem Info: Option `thmmarks' loaded on input line 1175.
\c@endNonectr=\count433
\c@currNonectr=\count434
\mysavskip=\skip273
Package ntheorem Info: option `amsmath' handling for `thmmarks' loaded on input
 line 1175.
\thm@amstmpdepth=\dimen355
\tagwidth=\dimen356
Package ntheorem Info: Option `amsthm' loaded on input line 1175.
\c@proof=\count435
\c@currproofctr=\count436
\c@endproofctr=\count437
)
(<USER_HOME>/AppData/Local/Programs/MiKTeX/tex/latex/thmtools/thmtools.sty
Package: thmtools 2023/05/04 v0.76
\thmt@toks=\toks82
\c@thmt@dummyctr=\count438

(<USER_HOME>/AppData/Local/Programs/MiKTeX/tex/latex/thmtools/thm-patch.sty
Package: thm-patch 2023/05/04 v0.76

(<USER_HOME>/AppData/Local/Programs/MiKTeX/tex/latex/thmtools/parseargs.sty
Package: parseargs 2023/05/04 v0.76
\@parsespec=\toks83
)) (<USER_HOME>/AppData/Local/Programs/MiKTeX/tex/latex/thmtools/thm-kv.sty
Package: thm-kv 2023/05/04 v0.76
Package thm-kv Info: Theorem names will be uppercased on input line 42.
Package thm-kv Info: kvsetkeys patch (v1.16 or later) on input line 158.
)
(<USER_HOME>/AppData/Local/Programs/MiKTeX/tex/latex/thmtools/thm-autoref.s
ty
Package: thm-autoref 2023/05/04 v0.76

(<USER_HOME>/AppData/Local/Programs/MiKTeX/tex/latex/thmtools/aliasctr.sty
Package: aliasctr 2023/05/04 v0.76
))
(<USER_HOME>/AppData/Local/Programs/MiKTeX/tex/latex/thmtools/thm-listof.st
y
Package: thm-listof 2023/05/04 v0.76
)
(<USER_HOME>/AppData/Local/Programs/MiKTeX/tex/latex/thmtools/thm-restate.s
ty
Package: thm-restate 2023/05/04 v0.76
)
(<USER_HOME>/AppData/Local/Programs/MiKTeX/tex/latex/thmtools/thm-ntheorem.
sty
Package: thm-ntheorem 2023/05/04 v0.76
))
(<USER_HOME>/AppData/Local/Programs/MiKTeX/tex/latex/cleveref/cleveref.sty
Package: cleveref 2018/03/27 v0.21.4 Intelligent cross-referencing
Package cleveref Info: `hyperref' support loaded on input line 2370.
LaTeX Info: Redefining \cref on input line 2370.
LaTeX Info: Redefining \Cref on input line 2370.
LaTeX Info: Redefining \crefrange on input line 2370.
LaTeX Info: Redefining \Crefrange on input line 2370.
LaTeX Info: Redefining \cpageref on input line 2370.
LaTeX Info: Redefining \Cpageref on input line 2370.
LaTeX Info: Redefining \cpagerefrange on input line 2370.
LaTeX Info: Redefining \Cpagerefrange on input line 2370.
LaTeX Info: Redefining \labelcref on input line 2370.
LaTeX Info: Redefining \labelcpageref on input line 2370.
Package cleveref Info: `ntheorem' support loaded on input line 3055.
Package cleveref Info: always capitalise cross-reference names on input line 78
30.
Package cleveref Info: include cross-reference names in hyperlinks on input lin
e 7836.
Package cleveref Info: always capitalise cross-reference names on input line 78
52.
Package cleveref Info: include cross-reference names in hyperlinks on input lin
e 7852.
)
==> First Aid for cleveref.sty applied!
(../../open-logic-locale.sty) (../../locale/ar/open-logic-locale.sty)
(../../sty/open-logic-referencing.sty
File: open-logic-referencing.sty 
) (../../sty/open-logic-formulas.sty
File: open-logic-formulas 
)
(../../sty/open-logic-tokenize.sty
File: open-logic-tokenize 
Package babel Info: Making ! an active character on input line 116.
) (../../sty/open-logic-selective.sty
File: open-logic-selective.sty 

(<USER_HOME>/AppData/Local/Programs/MiKTeX/tex/latex/xpunctuate/xpunctuate.
sty
Package: xpunctuate 2023/08/13 v2.0 punctuation after command names (PGR)
 (<USER_HOME>/AppData/Local/Programs/MiKTeX/tex/latex/tools/xspace.sty
Package: xspace 2014/10/28 v1.13 Space after command names (DPC,MH)
)
\xpnct@tok=\toks84
)
\c@tagnum=\count439
) (../../sty/bussproofs-extra.sty

LaTeX Warning: You have requested file `',
               but the file provides `bussproofs-extra'.

Package: bussproofs-extra 2019/05/31 0.4 Extra commands for bussproofs.sty
\CenterCorrection=\dimen357
\DiagCorrection=\dimen358
\myBoxLLL=\box107
\myBoxRLL=\box108
) (../../sty/ptolemaicastronomy.sty

LaTeX Warning: You have requested file `',
               but the file provides `ptolemaicastronomy'.

Package: ptolemaicastronomy 
) (../../open-logic-config.sty
(<USER_HOME>/AppData/Local/Programs/MiKTeX/tex/latex/stmaryrd/stmaryrd.sty
Package: stmaryrd 1994/03/03 St Mary's Road symbol package
\symstmry=\mathgroup6
LaTeX Font Info:    Overwriting symbol font `stmry' in version `bold'
(Font)                  U/stmry/m/n --> U/stmry/b/n on input line 89.
)
Package open-logic-tokenize Info: Setting token height to height / heights on i
nput line 881.
Package open-logic-tokenize Info: Setting token hp to hp / hp on input line 882
.
Package open-logic-tokenize Info: Setting token depth to depth / depths on inpu
t line 888.

(<USER_HOME>/AppData/Local/Programs/MiKTeX/tex/generic/pgf/frontendlayer/ti
kz/libraries/tikzlibrarylindenmayersystems.code.tex
(<USER_HOME>/AppData/Local/Programs/MiKTeX/tex/generic/pgf/libraries/pgflib
rarylindenmayersystems.code.tex
\pgflsystemstep=\dimen359
\c@pgf@lsystem@iteration=\count440
))
Package open-logic-tokenize Info: Setting token language to language / language
s on input line 1357.
Package open-logic-tokenize Info: Setting token formula to formula / formulas o
n input line 1362.
Package open-logic-tokenize Info: Setting token subformula to subformula / subf
ormulas on input line 1367.
Package open-logic-tokenize Info: Setting token sentence to sentence / sentence
s on input line 1372.
Package open-logic-tokenize Info: Setting token variable to variable / variable
s on input line 1377.
Package open-logic-tokenize Info: Setting token propositional variable to propo
sitional variable / propositional variables on input line 1383.
Package open-logic-tokenize Info: Setting token constant to constant symbol / c
onstant symbols on input line 1388.
Package open-logic-tokenize Info: Setting token predicate to predicate symbol /
 predicate symbols on input line 1392.
Package open-logic-tokenize Info: Setting token function to function symbol / f
unction symbols on input line 1396.
Package open-logic-tokenize Info: Setting token operator to logical operator / 
logical operators on input line 1400.
Package open-logic-tokenize Info: Setting token main operator to main operator 
/ main operators on input line 1405.
Package open-logic-tokenize Info: Setting token free for to free for / free for
 on input line 1410.
Package open-logic-tokenize Info: Setting token identity to identity predicate 
/ identity predicates on input line 1415.
Package open-logic-tokenize Info: Setting token conditional to conditional / co
nditionals on input line 1420.
Package open-logic-tokenize Info: Setting token biconditional to biconditional 
/ biconditionals on input line 1425.
Package open-logic-tokenize Info: Setting token falsity to falsity / falsities 
on input line 1430.
Package open-logic-tokenize Info: Setting token truth to truth / truth on input
 line 1435.
Package open-logic-tokenize Info: Setting token structure to structure / struct
ures on input line 1440.
Package open-logic-tokenize Info: Setting token valuation to valuation / valuat
ions on input line 1444.
Package open-logic-tokenize Info: Setting token domain to domain / domains on i
nput line 1448.
Package open-logic-tokenize Info: Setting token value to value / values on inpu
t line 1452.
Package open-logic-tokenize Info: Setting token relational model to relational 
model / relational models on input line 1457.
Package open-logic-tokenize Info: Setting token derivation to derivation / deri
vations on input line 1461.
Package open-logic-tokenize Info: Setting token derive to derive / derives on i
nput line 1465.
Package open-logic-tokenize Info: Setting token derivable to derivable / deriva
ble on input line 1469.
Package open-logic-tokenize Info: Setting token derivability to derivability / 
derivabilities on input line 1473.
Package open-logic-tokenize Info: Setting token nonderivability to non-derivabi
lity / non-derivabilities on input line 1477.
Package open-logic-tokenize Info: Setting token proof to derivation / derivatio
ns on input line 1483.
Package open-logic-tokenize Info: Setting token prove to derive / derives on in
put line 1484.
Package open-logic-tokenize Info: Setting token proving to deriving / deriving 
on input line 1485.
Package open-logic-tokenize Info: Setting token provable to derivable / derivab
le on input line 1486.
Package open-logic-tokenize Info: Setting token provability to derivability / d
erivabilities on input line 1487.
Package open-logic-tokenize Info: Setting token nonprovability to non-derivabil
ity / non-derivabilities on input line 1488.
Package open-logic-tokenize Info: Setting token introduction to introduction / 
introductions on input line 1490.
Package open-logic-tokenize Info: Setting token elimination to elimination / el
imination on input line 1491.
Package open-logic-tokenize Info: Setting token tableau to tableau / tableaux o
n input line 1495.
Package open-logic-tokenize Info: Setting token signed formula to signed formul
a / signed formulas on input line 1499.
Package open-logic-tokenize Info: Setting token complete to complete / complete
 on input line 1503.
Package open-logic-tokenize Info: Setting token axiomatizable to axiomatizable 
/ axiomatizable on input line 1507.
Package open-logic-tokenize Info: Setting token axiomatized to axiomatized / ax
iomatized on input line 1508.
Package open-logic-tokenize Info: Setting token axiomatizability to axiomatizab
ility / axiomatizability on input line 1509.
Package open-logic-tokenize Info: Setting token represents to represents / repr
esent on input line 1513.
Package open-logic-tokenize Info: Setting token representable to representable 
/ representable on input line 1514.
Package open-logic-tokenize Info: Setting token discharge to discharge / discha
rges on input line 1519.
Package open-logic-tokenize Info: Setting token discharged to discharged / disc
harged on input line 1520.
Package open-logic-tokenize Info: Setting token undischarged to undischarged / 
undischarged on input line 1521.
Package open-logic-tokenize Info: Setting token complete to complete / complete
 on input line 1525.
Package open-logic-tokenize Info: Setting token enumerable to enumerable / enum
erable on input line 1530.
Package open-logic-tokenize Info: Setting token nonenumerable to non-enumerable
 / non-enumerable on input line 1535.
Package open-logic-tokenize Info: Setting token denumerable to denumerable / de
numerable on input line 1540.
Package open-logic-tokenize Info: Setting token element to element / elements o
n input line 1544.
Package open-logic-tokenize Info: Setting token injective to injective / inject
ive on input line 1549.
Package open-logic-tokenize Info: Setting token injection to injection / inject
ions on input line 1550.
Package open-logic-tokenize Info: Setting token surjective to surjective / surj
ective on input line 1554.
Package open-logic-tokenize Info: Setting token surjection to surjection / surj
ections on input line 1555.
Package open-logic-tokenize Info: Setting token bijective to bijective / biject
ive on input line 1560.
Package open-logic-tokenize Info: Setting token bijection to bijection / biject
ions on input line 1561.
Package open-logic-tokenize Info: Setting token decidable to decidable / decida
ble on input line 1565.
Package open-logic-tokenize Info: Setting token computably enumerable to comput
ably enumerable / computably enumerable on input line 1567.
Package open-logic-tokenize Info: Setting token c.e. to c.e.\spacefactor \@m {}
 / c.e.\spacefactor \@m {} on input line 1568.
Package open-logic-tokenize Info: Setting token argument to argument / argument
s on input line 1570.
Package open-logic-tokenize Info: Setting token parameter to parameter / parame
ters on input line 1571.
Package open-logic-tokenize Info: Setting token lambda define to $\lambd $-defi
ne / $\lambd $-defines on input line 1575.
Package open-logic-tokenize Info: Setting token lambda defined to $\lambd $-def
ined / $\lambd $-defined on input line 1577.
Package open-logic-tokenize Info: Setting token lambda definable to $\lambd $-d
efinable / $\lambd $-definable on input line 1578.
Package open-logic-tokenize Info: Setting token colorC to red / red on input li
ne 1677.
Package open-logic-tokenize Info: Setting token colorD to blue / blue on input 
line 1678.
)
Package open-logic-tokenize Info: Setting token colorE to green / green on inpu
t line 136.
 (../../locale/ar/open-logic-config.sty
Package open-logic-tokenize Info: Setting token element to عنصر / عناص
ر on input line 6.
Package open-logic-tokenize Info: Setting token formula to صيغة / صيغ on
 input line 7.
Package open-logic-tokenize Info: Setting token subformula to صيغة جزئ
ية / صيغ جزئية on input line 8.
Package open-logic-tokenize Info: Setting token sentence to جملة / جمل o
n input line 9.
Package open-logic-tokenize Info: Setting token variable to متغير / مت
غيرات on input line 10.
Package open-logic-tokenize Info: Setting token constant to رمز ثابت / 
رموز ثابتة on input line 11.
Package open-logic-tokenize Info: Setting token propositional variable to مت
غير قضوي / متغيرات قضوية on input line 12.
Package open-logic-tokenize Info: Setting token operator to مؤثر منطق
ي / مؤثرات منطقية on input line 13.
Package open-logic-tokenize Info: Setting token main operator to المؤثر 
الرئيس / المؤثرات الرئيسة on input line 14.
Package open-logic-tokenize Info: Setting token conditional to شرط / شرو
ط on input line 15.
Package open-logic-tokenize Info: Setting token biconditional to شرط ثنا
ئي / شروط ثنائية on input line 16.
Package open-logic-tokenize Info: Setting token falsity to الكذب / الك
ذب on input line 17.
Package open-logic-tokenize Info: Setting token truth to الصدق / الصد
ق on input line 18.
Package open-logic-tokenize Info: Setting token denumerable to لا نهائي
ة قابلة للتعداد / لا نهائية قابلة للتعداد on i
nput line 19.
Package open-logic-tokenize Info: Setting token proof to برهان / براه
ين on input line 20.
Package open-logic-tokenize Info: Setting token prove to نبرهن / يبره
ن on input line 21.
Package open-logic-tokenize Info: Setting token proving to برهنة / بره
نة on input line 22.
Package open-logic-tokenize Info: Setting token provable to قابلة للب
رهنة / قابلة للبرهنة on input line 23.
Package open-logic-tokenize Info: Setting token derivation to اشتقاق / 
اشتقاقات on input line 24.
Package open-logic-tokenize Info: Setting token derive to اشتقاق / يش
تق on input line 25.
Package open-logic-tokenize Info: Setting token derivable to قابلة للا
شتقاق / قابلة للاشتقاق on input line 26.
Package open-logic-tokenize Info: Setting token derivability to قابلية 
الاشتقاق / قابلية الاشتقاق on input line 27.
Package open-logic-tokenize Info: Setting token nonderivability to عدم قا
بلية الاشتقاق / عدم قابلية الاشتقاق on input line 
28.
Package open-logic-tokenize Info: Setting token introduction to إدخال / 
إدخالات on input line 29.
Package open-logic-tokenize Info: Setting token elimination to حذف / عمل
يات حذف on input line 30.
Package open-logic-tokenize Info: Setting token height to ارتفاع / ار
تفاعات on input line 31.
Package open-logic-tokenize Info: Setting token depth to عمق / أعماق on
 input line 32.
Package open-logic-tokenize Info: Setting token hp to ح.ا. / ح.ا. on input 
line 33.
Package open-logic-tokenize Info: Setting token tableau to جدول دلالي 
/ جداول دلالية on input line 34.
Package open-logic-tokenize Info: Setting token signed formula to صيغة م
وقّعة / صيغ موقّعة on input line 35.
Package open-logic-tokenize Info: Setting token discharge to إسقاط / إس
قاطات on input line 36.
Package open-logic-tokenize Info: Setting token discharged to إسقاط / إ
سقاطات on input line 37.
Package open-logic-tokenize Info: Setting token undischarged to عدم إسق
اط / عدم إسقاط on input line 38.
Package open-logic-tokenize Info: Setting token structure to بنية / بنى 
on input line 39.
Package open-logic-tokenize Info: Setting token valuation to تقييم / تق
ييمات on input line 40.
Package open-logic-tokenize Info: Setting token identity to هوية / هوي
ات on input line 41.
Package open-logic-tokenize Info: Setting token complete to كاملة / كا
ملة on input line 42.
Package open-logic-tokenize Info: Setting token axiomatizability to قابلي
ة المحورة / قابلية المحورة on input line 43.
Package open-logic-tokenize Info: Setting token axiomatizable to قابلة ل
لمحورة / قابلة للمحورة on input line 44.
Package open-logic-tokenize Info: Setting token axiomatized to مؤكسمة / 
مؤكسمة on input line 45.
Package open-logic-tokenize Info: Setting token represents to تمثّل / ت
مثّل on input line 46.
Package open-logic-tokenize Info: Setting token domain to مجال / مجال
ات on input line 47.
Package open-logic-tokenize Info: Setting token function to دالة / دوا
ل on input line 48.
Package open-logic-tokenize Info: Setting token predicate to محمول / مح
مولات on input line 49.
Package open-logic-tokenize Info: Setting token value to قيمة / قيم on i
nput line 50.
Package open-logic-tokenize Info: Setting token language to لغة / لغات o
n input line 51.
Package open-logic-tokenize Info: Setting token free for to حرًّا للإ
حلال محلّ / حرًّا للإحلال محلّ on input line 52.
Package open-logic-tokenize Info: Setting token surjective to شاملة / ش
املة on input line 53.
Package open-logic-tokenize Info: Setting token surjection to دالة شام
لة / دوال شاملة on input line 54.
Package open-logic-tokenize Info: Setting token injective to متباينة / 
متباينة on input line 55.
Package open-logic-tokenize Info: Setting token injection to دالة متبا
ينة / دوال متباينة on input line 56.
Package open-logic-tokenize Info: Setting token bijective to تقابلية / 
تقابلية on input line 57.
Package open-logic-tokenize Info: Setting token bijection to دالة تقاب
لية / دوال تقابلية on input line 58.
Package open-logic-tokenize Info: Setting token enumerable to قابلة لل
تعداد / قابلة للتعداد on input line 59.
Package open-logic-tokenize Info: Setting token nonenumerable to غير قاب
لة للتعداد / غير قابلة للتعداد on input line 60.
Package open-logic-tokenize Info: Setting token lambda define to يعرّف ب
لامبدا / يعرّف بلامبدا on input line 61.
Package open-logic-tokenize Info: Setting token lambda defined to معرّفة 
بلامبدا / معرّفة بلامبدا on input line 62.
Package open-logic-tokenize Info: Setting token lambda definable to قابلة 
للتعريف بلامبدا / قابلة للتعريف بلامبدا on inp
ut line 63.
Package open-logic-tokenize Info: Setting token parameter to معلمة / مع
لمات on input line 64.
Package open-logic-tokenize Info: Setting token decidable to قابلة للق
رار / قابلة للقرار on input line 65.
Package open-logic-tokenize Info: Setting token computably enumerable to قا
بلة للتعداد حسابيًا / قابلة للتعداد حسابيً
ا on input line 66.
Package open-logic-tokenize Info: Setting token c.e. to قابلة للتعد
اد حسابيًا / قابلة للتعداد حسابيًا on input line 67
.
)
(../../open-logic-envs.sty
\c@currthmctr=\count441
\c@endthmctr=\count442
\c@thm=\count443
\c@currexctr=\count444
\c@endexctr=\count445
\c@currlemctr=\count446
\c@endlemctr=\count447
\c@currpropctr=\count448
\c@endpropctr=\count449
\c@currcorctr=\count450
\c@endcorctr=\count451
\c@currdefnctr=\count452
\c@enddefnctr=\count453
\c@currprobctr=\count454
\c@endprobctr=\count455
\c@prob=\count456
\c@currprobdctr=\count457
\c@endprobdctr=\count458
\c@probd=\count459
\c@curraxiomctr=\count460
\c@endaxiomctr=\count461
\c@axiom=\count462
\c@currremctr=\count463
\c@endremctr=\count464
\c@rem=\count465
\c@currnotectr=\count466
\c@endnotectr=\count467
\c@note=\count468
\c@currcasectr=\count469
\c@endcasectr=\count470
\c@case=\count471
\c@currconvctr=\count472
\c@endconvctr=\count473
\c@conv=\count474
)
\gnBoxA=\box109
\gnCornerHgt=\dimen360
LaTeX Font Info:    Trying to load font information for U+msa on input line 215
.

(<USER_HOME>/AppData/Local/Programs/MiKTeX/tex/latex/amsfonts/umsa.fd
File: umsa.fd 2013/01/14 v3.01 AMS symbols A
)
LaTeX Font Info:    Trying to load font information for U+msb on input line 215
.

(<USER_HOME>/AppData/Local/Programs/MiKTeX/tex/latex/amsfonts/umsb.fd
File: umsb.fd 2013/01/14 v3.01 AMS symbols B
)
LaTeX Font Info:    Trying to load font information for U+stmry on input line 2
15.

(<USER_HOME>/AppData/Local/Programs/MiKTeX/tex/latex/stmaryrd/ustmry.fd)
\gnArgHgt=\dimen361
\symsymbolsC=\mathgroup7
\c@pcrdepth=\count475
\olphotowidth=\skip274
)
(../../sty/open-logic-defer.sty
File: open-logic-defer.sty 

(<USER_HOME>/AppData/Local/Programs/MiKTeX/tex/latex/answers/answers.sty
Package: answers 2014/08/24 v2.16 Production of solution sheets in LaTeX2e
)
\c@probdeferred=\count476
\c@probdeferredtag=\count477

Output from handle open-logic-complete-ar going to open-logic-complete-ar.prb
\open-logic-complete-ar@file=\write6

\openout6 = open-logic-complete-ar.prb
)
Package hyperref Info: Option `unicode' set `true' on input line 86.
\tikzscale@accuracy=\skip275

(<WORKSPACE_ROOT>/03_projects/language_management/arabic
_persianate_rtl/03_working_translations/openlogic/ar/locale/ar/output-release/o
pen-logic-complete-ar.aux

Package babel Info: The following font families will use the default
(babel)             settings for all or some languages:
(babel)             * \rmfamily = TeXGyrePagella(0)
(babel)               "name:TeX Gyre Pagella:mode=node;script=latn;language=dfl
t;+tlig;" at 10.0pt
(babel)             * \sffamily = TeXGyreHeros(0)
(babel)               "name:TeX Gyre Heros:mode=node;script=latn;language=dflt;
+tlig;" at 10.0pt
(babel)             * \ttfamily = LatinModernMono(0)
(babel)               "name:Latin Modern Mono:mode=node;script=latn;language=df
lt;" at 10.0pt
(babel)             There is nothing intrinsically wrong with it, but
(babel)             'babel' will no set Script and Language, which could
(babel)             be relevant in some languages. If your document uses
(babel)             these families, consider redefining them with \babelfont.
(babel)             Reported on input line 4.


Package fontspec Info: 
(fontspec)             Language 'Arabic' not explicitly supported within font
(fontspec)             'Scheherazade-Regular.ttf' with script 'Arabic'. Check
(fontspec)             the typeset output, and if it is okay then ignore this
(fontspec)             warning. Otherwise a different font should be chosen.


Package fontspec Info: 
(fontspec)             Scheherazade-Regular.ttf scale = 1.08.


Package fontspec Info: 
(fontspec)             Scheherazade-Regular scale = 1.08.


Package fontspec Info: 
(fontspec)             Scheherazade-Bold scale = 1.08.


Package fontspec Info: 
(fontspec)             Scheherazade-Regular scale = 1.08.


Package fontspec Info: 
(fontspec)             Font family 'Scheherazade-Regular.ttf(0)' created for
(fontspec)             font 'Scheherazade-Regular.ttf' with options
(fontspec)             [Renderer=Harfbuzz,Ligatures=TeX,Script=Arabic,Language=
Arabic,RawFeature={family=rm},Path=../../../00_control/fonts/scheherazade-2.100
/,UprightFont=Scheherazade-Regular.ttf,BoldFont=Scheherazade-Bold.ttf,AutoFakeS
lant=0.15,Renderer=HarfBuzz,Scale=1.08].
(fontspec)              
(fontspec)              This font family consists of the following NFSS
(fontspec)             series/shapes:
(fontspec)              
(fontspec)             - 'normal' (m/n) with NFSS spec.:
(fontspec)             <->s*[1.08]"[../../../00_control/fonts/scheherazade-2.10
0/Scheherazade-Regular.ttf]:mode=harf;script=arab;language=ARA;+tlig;family=rm;
"
(fontspec)             - 'bold' (b/n) with NFSS spec.:
(fontspec)             <->s*[1.08]"[../../../00_control/fonts/scheherazade-2.10
0/Scheherazade-Bold.ttf]:mode=harf;script=arab;language=ARA;+tlig;family=rm;"
(fontspec)             - 'italic' (m/it) with NFSS spec.:
(fontspec)             <->s*[1.08]"[../../../00_control/fonts/scheherazade-2.10
0/Scheherazade-Regular.ttf]:mode=harf;script=arab;language=ARA;slant=0.15;+tlig
;family=rm;"

LaTeX Font Info:    Font shape `TU/Scheherazade-Regular.ttf(0)/m/n' will be
(Font)              scaled to size 10.80002pt on input line 9.

Package fontspec Info: 
(fontspec)             Language 'Arabic' not explicitly supported within font
(fontspec)             'Scheherazade-Regular.ttf' with script 'Arabic'. Check
(fontspec)             the typeset output, and if it is okay then ignore this
(fontspec)             warning. Otherwise a different font should be chosen.


Package fontspec Info: 
(fontspec)             Scheherazade-Regular.ttf scale = 1.08.


Package fontspec Info: 
(fontspec)             Scheherazade-Regular scale = 1.08.


Package fontspec Info: 
(fontspec)             Scheherazade-Bold scale = 1.08.


Package fontspec Info: 
(fontspec)             Scheherazade-Regular scale = 1.08.


Package fontspec Info: 
(fontspec)             Font family 'Scheherazade-Regular.ttf(1)' created for
(fontspec)             font 'Scheherazade-Regular.ttf' with options
(fontspec)             [Renderer=Harfbuzz,Ligatures=TeX,Script=Arabic,Language=
Arabic,RawFeature={family=sf},Path=../../../00_control/fonts/scheherazade-2.100
/,UprightFont=Scheherazade-Regular.ttf,BoldFont=Scheherazade-Bold.ttf,AutoFakeS
lant=0.15,Renderer=HarfBuzz,Scale=1.08].
(fontspec)              
(fontspec)              This font family consists of the following NFSS
(fontspec)             series/shapes:
(fontspec)              
(fontspec)             - 'normal' (m/n) with NFSS spec.:
(fontspec)             <->s*[1.08]"[../../../00_control/fonts/scheherazade-2.10
0/Scheherazade-Regular.ttf]:mode=harf;script=arab;language=ARA;+tlig;family=sf;
"
(fontspec)             - 'bold' (b/n) with NFSS spec.:
(fontspec)             <->s*[1.08]"[../../../00_control/fonts/scheherazade-2.10
0/Scheherazade-Bold.ttf]:mode=harf;script=arab;language=ARA;+tlig;family=sf;"
(fontspec)             - 'italic' (m/it) with NFSS spec.:
(fontspec)             <->s*[1.08]"[../../../00_control/fonts/scheherazade-2.10
0/Scheherazade-Regular.ttf]:mode=harf;script=arab;language=ARA;slant=0.15;+tlig
;family=sf;"

LaTeX Font Info:    Font shape `TU/Scheherazade-Regular.ttf(1)/m/n' will be
(Font)              scaled to size 10.80002pt on input line 9.

Package fontspec Info: 
(fontspec)             Language 'Arabic' not explicitly supported within font
(fontspec)             'DejaVu Sans Mono' with script 'Arabic'. Check the
(fontspec)             typeset output, and if it is okay then ignore this
(fontspec)             warning. Otherwise a different font should be chosen.


Package fontspec Info: 
(fontspec)             Font family 'DejaVuSansMono(0)' created for font
(fontspec)             'DejaVu Sans Mono' with options
(fontspec)             [Renderer=Harfbuzz,WordSpace={1,0,0},HyphenChar=None,Pun
ctuationSpace=WordSpace,Script=Arabic,Language=Arabic,RawFeature={family=tt}].
(fontspec)              
(fontspec)              This font family consists of the following NFSS
(fontspec)             series/shapes:
(fontspec)              
(fontspec)             - 'normal' (m/n) with NFSS spec.: <->"name:DejaVu Sans
(fontspec)             Mono:mode=harf;script=arab;language=ARA;family=tt;"
(fontspec)             - 'bold' (b/n) with NFSS spec.: <->"name:DejaVu Sans
(fontspec)             Mono/B:mode=harf;script=arab;language=ARA;family=tt;"
(fontspec)             - 'italic' (m/it) with NFSS spec.: <->"name:DejaVu Sans
(fontspec)             Mono/I:mode=harf;script=arab;language=ARA;family=tt;"
(fontspec)             - 'bold italic' (b/it) with NFSS spec.: <->"name:DejaVu
(fontspec)             Sans
(fontspec)             Mono/BI:mode=harf;script=arab;language=ARA;family=tt;"

)
\openout1 = open-logic-complete-ar.aux

LaTeX Font Info:    Checking defaults for OML/cmm/m/it on input line 103.
LaTeX Font Info:    ... okay on input line 103.
LaTeX Font Info:    Checking defaults for OMS/cmsy/m/n on input line 103.
LaTeX Font Info:    ... okay on input line 103.
LaTeX Font Info:    Checking defaults for OT1/cmr/m/n on input line 103.
LaTeX Font Info:    ... okay on input line 103.
LaTeX Font Info:    Checking defaults for T1/cmr/m/n on input line 103.
LaTeX Font Info:    ... okay on input line 103.
LaTeX Font Info:    Checking defaults for TS1/cmr/m/n on input line 103.
LaTeX Font Info:    ... okay on input line 103.
LaTeX Font Info:    Checking defaults for TU/lmr/m/n on input line 103.
LaTeX Font Info:    ... okay on input line 103.
LaTeX Font Info:    Checking defaults for OMX/cmex/m/n on input line 103.
LaTeX Font Info:    ... okay on input line 103.
LaTeX Font Info:    Checking defaults for U/cmr/m/n on input line 103.
LaTeX Font Info:    ... okay on input line 103.
LaTeX Font Info:    Checking defaults for PD1/pdf/m/n on input line 103.
LaTeX Font Info:    ... okay on input line 103.
LaTeX Font Info:    Checking defaults for PU/pdf/m/n on input line 103.
LaTeX Font Info:    ... okay on input line 103.


Class memoir Warning: \addtodef is marked deprecated and will be
(memoir)              removed in 2026, use instead \patchcmd,
(memoir)              \pretocmd or \apptocmd from the etoolbox package
(memoir)              (which is autoloaded by the class) on input line 103.


Package fontspec Info: 
(fontspec)             Adjusting the maths setup (use [no-math] to avoid
(fontspec)             this).

\symlegacymaths=\mathgroup8
LaTeX Font Info:    Overwriting symbol font `legacymaths' in version `bold'
(Font)                  OT1/cmr/m/n --> OT1/cmr/bx/n on input line 103.
LaTeX Font Info:    Redeclaring math accent \acute on input line 103.
LaTeX Font Info:    Redeclaring math accent \grave on input line 103.
LaTeX Font Info:    Redeclaring math accent \ddot on input line 103.
LaTeX Font Info:    Redeclaring math accent \tilde on input line 103.
LaTeX Font Info:    Redeclaring math accent \bar on input line 103.
LaTeX Font Info:    Redeclaring math accent \breve on input line 103.
LaTeX Font Info:    Redeclaring math accent \check on input line 103.
LaTeX Font Info:    Redeclaring math accent \hat on input line 103.
LaTeX Font Info:    Redeclaring math accent \dot on input line 103.
LaTeX Font Info:    Redeclaring math accent \mathring on input line 103.
LaTeX Font Info:    Redeclaring math symbol \Gamma on input line 103.
LaTeX Font Info:    Redeclaring math symbol \Delta on input line 103.
LaTeX Font Info:    Redeclaring math symbol \Theta on input line 103.
LaTeX Font Info:    Redeclaring math symbol \Lambda on input line 103.
LaTeX Font Info:    Redeclaring math symbol \Xi on input line 103.
LaTeX Font Info:    Redeclaring math symbol \Pi on input line 103.
LaTeX Font Info:    Redeclaring math symbol \Sigma on input line 103.
LaTeX Font Info:    Redeclaring math symbol \Upsilon on input line 103.
LaTeX Font Info:    Redeclaring math symbol \Phi on input line 103.
LaTeX Font Info:    Redeclaring math symbol \Psi on input line 103.
LaTeX Font Info:    Redeclaring math symbol \Omega on input line 103.
LaTeX Font Info:    Redeclaring math symbol \mathdollar on input line 103.
LaTeX Font Info:    Redeclaring symbol font `operators' on input line 103.
LaTeX Font Info:    Encoding `OT1' has changed to `TU' for symbol font
(Font)              `operators' in the math version `normal' on input line 103.

LaTeX Font Info:    Overwriting symbol font `operators' in version `normal'
(Font)                  OT1/cmr/m/n --> TU/TeXGyrePagella(0)/m/n on input line 
103.
LaTeX Font Info:    Encoding `OT1' has changed to `TU' for symbol font
(Font)              `operators' in the math version `bold' on input line 103.
LaTeX Font Info:    Overwriting symbol font `operators' in version `bold'
(Font)                  OT1/cmr/bx/n --> TU/TeXGyrePagella(0)/m/n on input line
 103.
LaTeX Font Info:    Overwriting symbol font `operators' in version `normal'
(Font)                  TU/TeXGyrePagella(0)/m/n --> TU/TeXGyrePagella(0)/m/n o
n input line 103.
LaTeX Font Info:    Overwriting math alphabet `\mathit' in version `normal'
(Font)                  OT1/cmr/m/it --> TU/TeXGyrePagella(0)/m/it on input lin
e 103.
LaTeX Font Info:    Overwriting math alphabet `\mathbf' in version `normal'
(Font)                  OT1/cmr/bx/n --> TU/TeXGyrePagella(0)/b/n on input line
 103.
LaTeX Font Info:    Overwriting math alphabet `\mathsf' in version `normal'
(Font)                  OT1/cmss/m/n --> TU/TeXGyreHeros(0)/m/n on input line 1
03.
LaTeX Font Info:    Overwriting math alphabet `\mathtt' in version `normal'
(Font)                  OT1/cmtt/m/n --> TU/LatinModernMono(0)/m/n on input lin
e 103.
LaTeX Font Info:    Overwriting symbol font `operators' in version `bold'
(Font)                  TU/TeXGyrePagella(0)/m/n --> TU/TeXGyrePagella(0)/b/n o
n input line 103.
LaTeX Font Info:    Overwriting math alphabet `\mathit' in version `bold'
(Font)                  OT1/cmr/bx/it --> TU/TeXGyrePagella(0)/b/it on input li
ne 103.
LaTeX Font Info:    Overwriting math alphabet `\mathsf' in version `bold'
(Font)                  OT1/cmss/bx/n --> TU/TeXGyreHeros(0)/b/n on input line 
103.
LaTeX Font Info:    Overwriting math alphabet `\mathtt' in version `bold'
(Font)                  OT1/cmtt/m/n --> TU/LatinModernMono(0)/b/n on input lin
e 103.

(<USER_HOME>/AppData/Local/Programs/MiKTeX/tex/context/base/mkii/supp-pdf.m
kii
[Loading MPS to PDF converter (version 2006.09.02).]
\scratchcounter=\count478
\scratchdimen=\dimen362
\scratchbox=\box110
\nofMPsegments=\count479
\nofMParguments=\count480
\everyMPshowfont=\toks85
\MPscratchCnt=\count481
\MPscratchDim=\dimen363
\MPnumerator=\count482
\makeMPintoPDFobject=\count483
\everyMPtoPDFconversion=\toks86
)
(<USER_HOME>/AppData/Local/Programs/MiKTeX/tex/latex/epstopdf-pkg/epstopdf-
base.sty
Package: epstopdf-base 2020-01-24 v2.11 Base part for package epstopdf
Package epstopdf-base Info: Redefining graphics rule for `.eps' on input line 4
85.

(<USER_HOME>/AppData/Local/Programs/MiKTeX/tex/latex/00miktex/epstopdf-sys.
cfg
File: epstopdf-sys.cfg 2021/03/18 v2.0 Configuration of epstopdf for MiKTeX
))
Removing  `Babel.pre_otfload_h' from `hpack_filter'.
Removing  `luaotfload.node_processor' from `hpack_filter'.
Removing  `luaotfload.harf.finalize_hlist' from `hpack_filter'.
Inserting `Babel.math_box_dir' in `hpack_filter'.
Inserting `Babel.pre_otfload_h' in `hpack_filter'.
Inserting `luaotfload.node_processor' in `hpack_filter'.
Inserting `luaotfload.harf.finalize_hlist' in `hpack_filter'.
Inserting `Babel.unset_atdir' in `pre_linebreak_filter'.
Inserting `Babel.unset_atdir' in `hpack_filter'.
Package hyperref Info: Link coloring ON on input line 103.

(<WORKSPACE_ROOT>/03_projects/language_management/arabic
_persianate_rtl/03_working_translations/openlogic/ar/locale/ar/output-release/o
pen-logic-complete-ar.out)
(<WORKSPACE_ROOT>/03_projects/language_management/arabic
_persianate_rtl/03_working_translations/openlogic/ar/locale/ar/output-release/o
pen-logic-complete-ar.out)
\@outlinefile=\write7

\openout7 = open-logic-complete-ar.out
LaTeX Font Info:    Font shape `TU/Scheherazade-Regular.ttf(0)/m/n' will be
(Font)              scaled to size 26.87044pt on input line 108.
LaTeX Font Info:    Font shape `TU/Scheherazade-Regular.ttf(0)/b/n' will be
(Font)              scaled to size 26.87044pt on input line 108.
LaTeX Font Info:    Font shape `TU/Scheherazade-Regular.ttf(1)/b/n' will be
(Font)              scaled to size 26.87044pt on input line 108.
LaTeX Font Info:    Font shape `TU/Scheherazade-Regular.ttf(0)/m/n' will be
(Font)              scaled to size 18.66243pt on input line 110.
LaTeX Font Info:    Font shape `TU/Scheherazade-Regular.ttf(0)/m/n' will be
(Font)              scaled to size 12.96002pt on input line 112.
LaTeX Font Info:    Font shape `TU/Scheherazade-Regular.ttf(0)/m/n' will be
(Font)              scaled to size 11.826pt on input line 114.
Package cleveref Info: loaded `english' language definitions on input line 135.

 [1

{<USER_HOME>/AppData/Local/MiKTeX/fonts/map/pdftex/pdftex.map}] (./content/
open-logic-about.tex
LaTeX Font Info:    Font shape `TU/Scheherazade-Regular.ttf(0)/m/n' will be
(Font)              scaled to size 22.39923pt on input line 1.
LaTeX Font Info:    Font shape `TU/Scheherazade-Regular.ttf(0)/b/n' will be
(Font)              scaled to size 22.39923pt on input line 1.
LaTeX Font Info:    Font shape `TU/Scheherazade-Regular.ttf(0)/m/it' will be
(Font)              scaled to size 10.80002pt on input line 5.
)
(<WORKSPACE_ROOT>/03_projects/language_management/arabic
_persianate_rtl/03_working_translations/openlogic/ar/locale/ar/output-release/o
pen-logic-complete-ar.toc
LaTeX Font Info:    Font shape `TU/Scheherazade-Regular.ttf(0)/b/n' will be
(Font)              scaled to size 10.80002pt on input line 4.
LaTeX Font Info:    Trying to load font information for U+ntxsyc on input line 
4.

(<USER_HOME>/AppData/Local/Programs/MiKTeX/tex/latex/newtx/untxsyc.fd
File: untxsyc.fd 2012/04/12 Fontinst v1.933 font definitions for U/ntxsyc.
)
LaTeX Font Info:    Font shape `TU/Scheherazade-Regular.ttf(0)/b/n' will be
(Font)              scaled to size 11.826pt on input line 5.

[1


]
LaTeX Font Info:    Font shape `TU/Scheherazade-Regular.ttf(0)/m/sl' in size <1
0> not available
(Font)              Font shape `TU/Scheherazade-Regular.ttf(0)/m/it' tried inst
ead on input line 57.
LaTeX Font Info:    Font shape `TU/Scheherazade-Regular.ttf(0)/m/it' will be
(Font)              scaled to size 10.80002pt on input line 57.
LaTeX Font Info:    Font shape `TU/Scheherazade-Regular.ttf(0)/m/n' will be
(Font)              scaled to size 6.48001pt on input line 57.
LaTeX Font Info:    Font shape `TU/Scheherazade-Regular.ttf(1)/m/n' will be
(Font)              scaled to size 6.48001pt on input line 57.
 [2] [3] [4] [5] [6] [7] [8] [9] [10] [11] [12]
Package cleveref Info: loaded `english' language definitions on input line 526.

Package cleveref Info: loaded `english' language definitions on input line 533.

 [13] [14] [15]
Underfull \vbox (badness 10000) has occurred while \output is active []

 [16]
[17] [18] [19]) (./content/content.tex [20]
(./content/sets-functions-relations/sets-functions-relations-complete.tex
[21

]
LaTeX Font Info:    Font shape `TU/Scheherazade-Regular.ttf(0)/b/n' will be
(Font)              scaled to size 18.66243pt on input line 7.
 [22

] (./content/sets-functions-relations/sets/sets.tex [23]
\bbl@ensure@arabic {باب} 1.
Output from handle open-logic-complete-ar going to open-logic-complete-ar.prb

\openout6 = open-logic-complete-ar.prb
(./content/sets-functions-relations/sets/basics.tex
LaTeX Font Info:    Font shape `TU/Scheherazade-Regular.ttf(0)/b/n' will be
(Font)              scaled to size 12.96002pt on input line 10.
Package hyperref Info: bookmark level for unknown defn defaults to 0 on input l
ine 26.
Package hyperref Info: bookmark level for unknown ex defaults to 0 on input lin
e 47.
LaTeX Font Info:    Font shape `TU/Scheherazade-Regular.ttf(0)/m/n' will be
(Font)              scaled to size 7.56001pt on input line 49.
LaTeX Font Info:    Font shape `TU/Scheherazade-Regular.ttf(0)/m/n' will be
(Font)              scaled to size 5.40001pt on input line 49.
 [24

])
(./content/sets-functions-relations/sets/subsets.tex
Package hyperref Info: bookmark level for unknown prop defaults to 0 on input l
ine 53.
 [25])
(./content/sets-functions-relations/sets/important-sets.tex)
(./content/sets-functions-relations/sets/unions-and-intersections.tex [26]
(../../assets/diagrams/union.tikz) (../../assets/diagrams/union.tikz)
(../../assets/diagrams/union.tikz) (../../assets/diagrams/union.tikz)
(../../assets/diagrams/union.tikz) (../../assets/diagrams/intersection.tikz)
(../../assets/diagrams/intersection.tikz)
(../../assets/diagrams/intersection.tikz)
(../../assets/diagrams/intersection.tikz)
(../../assets/diagrams/intersection.tikz) [27]
(../../assets/diagrams/difference.tikz) (../../assets/diagrams/difference.tikz) (../../assets/diagrams/difference.tikz) (../../assets/diagrams/difference.tikz) (../../assets/diagrams/difference.tikz))
(./content/sets-functions-relations/sets/pairs-and-products.tex [28]
Package hyperref Info: bookmark level for unknown proof defaults to 0 on input 
line 90.


Class memoir Warning: The material used in the headers is too large
(12.23376pt) for the given head height (12.0pt), it is recommended to
either increase the head height or redesign the header
(in both cases you will find help in the memoir manual). on input line 98.

[29]) (./content/sets-functions-relations/sets/russells-paradox.tex
Package hyperref Info: bookmark level for unknown thm defaults to 0 on input li
ne 43.
 [30])
(<WORKSPACE_ROOT>/03_projects/language_management/arabic
_persianate_rtl/03_working_translations/openlogic/ar/locale/ar/output-release/o
pen-logic-complete-ar.prb
Package hyperref Info: bookmark level for unknown probd defaults to 0 on input 
line 4.
))
(./content/sets-functions-relations/relations/relations-complete.tex [31]
\bbl@ensure@arabic {باب} 2.
Output from handle open-logic-complete-ar going to open-logic-complete-ar.prb

\openout6 = open-logic-complete-ar.prb
(./content/sets-functions-relations/relations/relations-as-sets.tex [32

])
(./content/sets-functions-relations/relations/reflections.tex [33])
(./content/sets-functions-relations/relations/special-properties.tex [34])
(./content/sets-functions-relations/relations/equivalence-relations.tex)
(./content/sets-functions-relations/relations/orders.tex [35] [36])
(./content/sets-functions-relations/relations/graphs.tex [37])
(./content/sets-functions-relations/relations/trees.tex [38]
Package cleveref Info: loaded `english' language definitions on input line 116.

Package cleveref Info: loaded `english' language definitions on input line 121.

Package cleveref Info: loaded `english' language definitions on input line 122.

)
(./content/sets-functions-relations/relations/operations.tex [39])
(<WORKSPACE_ROOT>/03_projects/language_management/arabic
_persianate_rtl/03_working_translations/openlogic/ar/locale/ar/output-release/o
pen-logic-complete-ar.prb))
(./content/sets-functions-relations/functions/functions.tex [40]
\bbl@ensure@arabic {باب} 3.
Output from handle open-logic-complete-ar going to open-logic-complete-ar.prb

\openout6 = open-logic-complete-ar.prb
(./content/sets-functions-relations/functions/function-basics.tex
(../../assets/diagrams/function.tikz) (../../assets/diagrams/function.tikz)
(../../assets/diagrams/function.tikz) (../../assets/diagrams/function.tikz)
(../../assets/diagrams/function.tikz) [41

])
(./content/sets-functions-relations/functions/function-kinds.tex
(../../assets/diagrams/surjective.tikz) (../../assets/diagrams/surjective.tikz) (../../assets/diagrams/surjective.tikz) (../../assets/diagrams/surjective.tikz) (../../assets/diagrams/surjective.tikz) [42]
(../../assets/diagrams/injective.tikz) (../../assets/diagrams/injective.tikz)
(../../assets/diagrams/injective.tikz) (../../assets/diagrams/injective.tikz)
(../../assets/diagrams/injective.tikz) (../../assets/diagrams/bijective.tikz)
(../../assets/diagrams/bijective.tikz) (../../assets/diagrams/bijective.tikz)
(../../assets/diagrams/bijective.tikz) (../../assets/diagrams/bijective.tikz)
[43]) (./content/sets-functions-relations/functions/functions-relations.tex
[44]) (./content/sets-functions-relations/functions/inverses.tex [45]
LaTeX Font Info:    Font shape `TU/Scheherazade-Regular.ttf(0)/m/n' will be
(Font)              scaled to size 8.64001pt on input line 110.
)
(./content/sets-functions-relations/functions/composition.tex
(../../assets/diagrams/composition.tikz)
(../../assets/diagrams/composition.tikz)
(../../assets/diagrams/composition.tikz))
(./content/sets-functions-relations/functions/partial-functions.tex [46])
(<WORKSPACE_ROOT>/03_projects/language_management/arabic
_persianate_rtl/03_working_translations/openlogic/ar/locale/ar/output-release/o
pen-logic-complete-ar.prb [47]))
(./content/sets-functions-relations/size-of-sets/size-of-sets-complete.tex
[48]
\bbl@ensure@arabic {باب} 4.
Output from handle open-logic-complete-ar going to open-logic-complete-ar.prb

\openout6 = open-logic-complete-ar.prb
(./content/sets-functions-relations/size-of-sets/introduction.tex)
(./content/sets-functions-relations/size-of-sets/enumerability.tex [49

]
[50]
Package hyperref Info: bookmark level for unknown cor defaults to 0 on input li
ne 204.
 [51]) (./content/sets-functions-relations/size-of-sets/zig-zag.tex
[52]) (./content/sets-functions-relations/size-of-sets/pairing.tex [53])
(./content/sets-functions-relations/size-of-sets/pairing-alt.tex

LaTeX Font Warning: Command \small invalid in math mode on input line 23.

LaTeX Font Info:    Font shape `TU/Scheherazade-Regular.ttf(0)/m/n' will be
(Font)              scaled to size 9.72002pt on input line 23.

LaTeX Font Warning: Command \small invalid in math mode on input line 31.


LaTeX Font Warning: Command \small invalid in math mode on input line 40.

[54]) (./content/sets-functions-relations/size-of-sets/non-enumerability.tex
[55] [56]) (./content/sets-functions-relations/size-of-sets/reduction.tex
[57]) (./content/sets-functions-relations/size-of-sets/equinumerous-sets.tex
[58]) (./content/sets-functions-relations/size-of-sets/comparing-size.tex
[59]) (./content/sets-functions-relations/size-of-sets/schroder-bernstein.tex)
[60] (./content/sets-functions-relations/size-of-sets/enumerability-alt.tex
[61])
(./content/sets-functions-relations/size-of-sets/non-enumerability-alt.tex
[62] [63]) (./content/sets-functions-relations/size-of-sets/reduction-alt.tex)
(<WORKSPACE_ROOT>/03_projects/language_management/arabic
_persianate_rtl/03_working_translations/openlogic/ar/locale/ar/output-release/o
pen-logic-complete-ar.prb [64] [65]))
(./content/sets-functions-relations/arithmetization/arithmetization.tex
[66] [67]
\bbl@ensure@arabic {باب} 5.
Output from handle open-logic-complete-ar going to open-logic-complete-ar.prb

\openout6 = open-logic-complete-ar.prb
(./content/sets-functions-relations/arithmetization/integers.tex

Package hyperref Warning: Token not allowed in a PDF string (Unicode):
(hyperref)                removing `math shift' on input line 11.


Package hyperref Warning: Token not allowed in a PDF string (Unicode):
(hyperref)                removing `math shift' on input line 11.


Package hyperref Warning: Token not allowed in a PDF string (Unicode):
(hyperref)                removing `math shift' on input line 11.


Package hyperref Warning: Token not allowed in a PDF string (Unicode):
(hyperref)                removing `math shift' on input line 11.

[68

]) (./content/sets-functions-relations/arithmetization/rationals.tex

Package hyperref Warning: Token not allowed in a PDF string (Unicode):
(hyperref)                removing `math shift' on input line 10.


Package hyperref Warning: Token not allowed in a PDF string (Unicode):
(hyperref)                removing `math shift' on input line 10.


Package hyperref Warning: Token not allowed in a PDF string (Unicode):
(hyperref)                removing `math shift' on input line 10.


Package hyperref Warning: Token not allowed in a PDF string (Unicode):
(hyperref)                removing `math shift' on input line 10.

[69]) (./content/sets-functions-relations/arithmetization/reals.tex

Class memoir Warning: The material used in the headers is too large
(12.6609pt) for the given head height (12.0pt), it is recommended to
either increase the head height or redesign the header
(in both cases you will find help in the memoir manual). on input line 35.


Overfull \vbox (0.6609pt too high) has occurred while \output is active []


[70]) (./content/sets-functions-relations/arithmetization/cuts.tex

Package hyperref Warning: Token not allowed in a PDF string (Unicode):
(hyperref)                removing `math shift' on input line 10.


Package hyperref Warning: Token not allowed in a PDF string (Unicode):
(hyperref)                removing `math shift' on input line 10.


Package hyperref Warning: Token not allowed in a PDF string (Unicode):
(hyperref)                removing `math shift' on input line 10.


Package hyperref Warning: Token not allowed in a PDF string (Unicode):
(hyperref)                removing `math shift' on input line 10.

[71]
Overfull \vbox (0.6609pt too high) has occurred while \output is active []


[72]) (./content/sets-functions-relations/arithmetization/reflections.tex
[73]) (./content/sets-functions-relations/arithmetization/checking-details.tex
Underfull \vbox (badness 2080) has occurred while \output is active []


Overfull \vbox (0.6609pt too high) has occurred while \output is active []


[74]
LaTeX Font Info:    Font shape `TU/Scheherazade-Regular.ttf(0)/m/it' will be
(Font)              scaled to size 8.64001pt on input line 108.
 [75]) (./content/sets-functions-relations/arithmetization/cauchy.tex
Overfull \vbox (0.6609pt too high) has occurred while \output is active []


[76]
Overfull \vbox (0.6609pt too high) has occurred while \output is active []


[77]
Overfull \vbox (0.6609pt too high) has occurred while \output is active []


[78])
(<WORKSPACE_ROOT>/03_projects/language_management/arabic
_persianate_rtl/03_working_translations/openlogic/ar/locale/ar/output-release/o
pen-logic-complete-ar.prb))
(./content/sets-functions-relations/infinite/infinite.tex
Overfull \vbox (0.6609pt too high) has occurred while \output is active []


[79]
\bbl@ensure@arabic {باب} 6.
Output from handle open-logic-complete-ar going to open-logic-complete-ar.prb

\openout6 = open-logic-complete-ar.prb
(./content/sets-functions-relations/infinite/hilberts-hotel.tex)
(./content/sets-functions-relations/infinite/dedekind-algebra.tex [80

]
Package hyperref Info: bookmark level for unknown lem defaults to 0 on input li
ne 50.
 [81])
(./content/sets-functions-relations/infinite/dedekind-induction.tex [82])
(./content/sets-functions-relations/infinite/dedekinds-proof.tex [83])
(./content/sets-functions-relations/infinite/card-sb.tex [84])))
(./content/propositional-logic/propositional-logic.tex [85] [86

]
LaTeX Font Info:    Trying to load font information for U+euf on input line 15.


(<USER_HOME>/AppData/Local/Programs/MiKTeX/tex/latex/amsfonts/ueuf.fd
File: ueuf.fd 2013/01/14 v3.01 Euler Fraktur
)
(./content/propositional-logic/syntax-and-semantics/syntax-and-semantics.tex
[87]
\bbl@ensure@arabic {باب} 7.
Output from handle open-logic-complete-ar going to open-logic-complete-ar.prb

\openout6 = open-logic-complete-ar.prb
(./content/propositional-logic/syntax-and-semantics/introduction.tex [88

])
(./content/propositional-logic/syntax-and-semantics/formulas.tex
LaTeX Font Info:    Trying to load font information for OML+cmbr on input line 
22.

(<USER_HOME>/AppData/Local/Programs/MiKTeX/tex/latex/cmbright/omlcmbr.fd
File: omlcmbr.fd 2005/04/13 v8.1 (WaS)
)
LaTeX Font Info:    Trying to load font information for OML+cmbrm on input line
 22.

(<USER_HOME>/AppData/Local/Programs/MiKTeX/tex/latex/cmbright/omlcmbrm.fd
File: omlcmbrm.fd 2005/04/13 v8.1 (WaS)
)
LaTeX Font Info:    Font shape `OML/cmbr/m/it' in size <10> not available
(Font)              Font shape `OML/cmbrm/m/it' tried instead on input line 22.

LaTeX Font Info:    Font shape `OML/cmbr/m/it' in size <7> not available
(Font)              Font shape `OML/cmbrm/m/it' tried instead on input line 22.

LaTeX Font Info:    Font shape `OML/cmbr/m/it' in size <5> not available
(Font)              Font shape `OML/cmbrm/m/it' tried instead on input line 22.


[89]) (./content/propositional-logic/syntax-and-semantics/preliminaries.tex

LaTeX Font Warning: Font shape `TU/Scheherazade-Regular.ttf(0)/b/it' undefined
(Font)              using `TU/Scheherazade-Regular.ttf(0)/b/n' instead on input
 line 13.

[90])
(./content/propositional-logic/syntax-and-semantics/formation-sequences.tex
[91]) (./content/propositional-logic/syntax-and-semantics/valuations-sat.tex
[92] [93])
(./content/propositional-logic/syntax-and-semantics/semantic-notions.tex)
(<WORKSPACE_ROOT>/03_projects/language_management/arabic
_persianate_rtl/03_working_translations/openlogic/ar/locale/ar/output-release/o
pen-logic-complete-ar.prb [94]))
(./content/propositional-logic/../first-order-logic/proof-systems/proof-systems
.tex [95]
\bbl@ensure@arabic {باب} 8.
Output from handle open-logic-complete-ar going to open-logic-complete-ar.prb

\openout6 = open-logic-complete-ar.prb

(./content/propositional-logic/../first-order-logic/proof-systems/introduction.
tex [96

])
(./content/propositional-logic/../first-order-logic/proof-systems/sequent-calcu
lus.tex
\myBox1=\box111
\myScoreStart1=\dimen364
\myCenter1=\dimen365
\myScoreEnd1=\dimen366
)
(./content/propositional-logic/../first-order-logic/proof-systems/natural-deduc
tion.tex [97])
(./content/propositional-logic/../first-order-logic/proof-systems/tableaux.tex
[98])
(./content/propositional-logic/../first-order-logic/proof-systems/axiomatic-ded
uction.tex [99]))
(./content/propositional-logic/../first-order-logic/sequent-calculus/sequent-ca
lculus.tex [100]
\bbl@ensure@arabic {باب} 9.
Output from handle open-logic-complete-ar going to open-logic-complete-ar.prb

\openout6 = open-logic-complete-ar.prb

(./content/propositional-logic/../first-order-logic/sequent-calculus/rules-and-
proofs.tex [101

])
(./content/propositional-logic/../first-order-logic/sequent-calculus/propositio
nal-rules.tex
LaTeX Font Info:    Font shape `OML/cmbr/m/it' in size <10.95> not available
(Font)              Font shape `OML/cmbrm/m/it' tried instead on input line 15.

LaTeX Font Info:    Font shape `OML/cmbr/m/it' in size <8> not available
(Font)              Font shape `OML/cmbrm/m/it' tried instead on input line 15.

LaTeX Font Info:    Font shape `OML/cmbr/m/it' in size <6> not available
(Font)              Font shape `OML/cmbrm/m/it' tried instead on input line 15.

\myBox2=\box112
\myScoreStart2=\dimen367
\myCenter2=\dimen368
\myScoreEnd2=\dimen369
)
(./content/propositional-logic/../first-order-logic/sequent-calculus/structural
-rules.tex [102])
(./content/propositional-logic/../first-order-logic/sequent-calculus/derivation
s.tex [103])
(./content/propositional-logic/../first-order-logic/sequent-calculus/proving-th
ings.tex [104] [105] [106])
(./content/propositional-logic/../first-order-logic/sequent-calculus/proof-theo
retic-notions.tex [107] [108])
(./content/propositional-logic/../first-order-logic/sequent-calculus/provabilit
y-consistency.tex [109])
(./content/propositional-logic/../first-order-logic/sequent-calculus/provabilit
y-propositional.tex [110])
(./content/propositional-logic/../first-order-logic/sequent-calculus/soundness.
tex [111] [112] [113] [114])
(<WORKSPACE_ROOT>/03_projects/language_management/arabic
_persianate_rtl/03_working_translations/openlogic/ar/locale/ar/output-release/o
pen-logic-complete-ar.prb [115]))
(./content/propositional-logic/../first-order-logic/natural-deduction/natural-d
eduction.tex [116]
\bbl@ensure@arabic {باب} 10.
Output from handle open-logic-complete-ar going to open-logic-complete-ar.prb

\openout6 = open-logic-complete-ar.prb

(./content/propositional-logic/../first-order-logic/natural-deduction/rules-and
-proofs.tex)
(./content/propositional-logic/../first-order-logic/natural-deduction/propositi
onal-rules.tex [117

]
\myBox3=\box113
\myScoreStart3=\dimen370
\myCenter3=\dimen371
\myScoreEnd3=\dimen372
)
(./content/propositional-logic/../first-order-logic/natural-deduction/derivatio
ns.tex
Overfull \vbox (0.6609pt too high) has occurred while \output is active []


[118])
(./content/propositional-logic/../first-order-logic/natural-deduction/proving-t
hings.tex [119]
Overfull \vbox (0.6609pt too high) has occurred while \output is active []


[120] [121]
Overfull \vbox (0.6609pt too high) has occurred while \output is active []


[122])
(./content/propositional-logic/../first-order-logic/natural-deduction/proof-the
oretic-notions.tex [123])
(./content/propositional-logic/../first-order-logic/natural-deduction/provabili
ty-consistency.tex
Overfull \vbox (0.6609pt too high) has occurred while \output is active []


[124])
(./content/propositional-logic/../first-order-logic/natural-deduction/provabili
ty-propositional.tex [125]
\myBox4=\box114
\myScoreStart4=\dimen373
\myCenter4=\dimen374
\myScoreEnd4=\dimen375
)
(./content/propositional-logic/../first-order-logic/natural-deduction/soundness
.tex
Overfull \vbox (0.6609pt too high) has occurred while \output is active []


[126] [127]
Overfull \vbox (0.6609pt too high) has occurred while \output is active []


[128])
(<WORKSPACE_ROOT>/03_projects/language_management/arabic
_persianate_rtl/03_working_translations/openlogic/ar/locale/ar/output-release/o
pen-logic-complete-ar.prb [129]))
(./content/propositional-logic/../first-order-logic/tableaux/tableaux.tex
Overfull \vbox (0.6609pt too high) has occurred while \output is active []


[130]
\bbl@ensure@arabic {باب} 11.
Output from handle open-logic-complete-ar going to open-logic-complete-ar.prb

\openout6 = open-logic-complete-ar.prb

(./content/propositional-logic/../first-order-logic/tableaux/rules-and-proofs.t
ex)
(./content/propositional-logic/../first-order-logic/tableaux/propositional-rule
s.tex
Underfull \vbox (badness 2285) has occurred while \output is active []

 [131

])
(./content/propositional-logic/../first-order-logic/tableaux/derivations.tex
[132]
Overfull \hbox (1.97803pt too wide) detected at line 23
$\OML/cmm/m/it/10 S[]$ 
 []


Overfull \hbox (2.93523pt too wide) detected at line 24
$\OML/cmm/m/it/10 S[]$ 
 []


Overfull \hbox (0.82118pt too wide) detected at line 28
$\OML/cmm/m/it/10 S[]$ 
 []

)
(./content/propositional-logic/../first-order-logic/tableaux/proving-things.tex
[133] [134] [135]
Underfull \vbox (badness 2401) has occurred while \output is active []

 [136])
(./content/propositional-logic/../first-order-logic/tableaux/proof-theoretic-no
tions.tex [137] [138])
(./content/propositional-logic/../first-order-logic/tableaux/provability-consis
tency.tex [139])
(./content/propositional-logic/../first-order-logic/tableaux/provability-propos
itional.tex [140] [141])
(./content/propositional-logic/../first-order-logic/tableaux/soundness.tex
[142] [143])
(<WORKSPACE_ROOT>/03_projects/language_management/arabic
_persianate_rtl/03_working_translations/openlogic/ar/locale/ar/output-release/o
pen-logic-complete-ar.prb [144]))
(./content/propositional-logic/../first-order-logic/axiomatic-deduction/axiomat
ic-deduction.tex [145]
\bbl@ensure@arabic {باب} 12.
Output from handle open-logic-complete-ar going to open-logic-complete-ar.prb

\openout6 = open-logic-complete-ar.prb

(./content/propositional-logic/../first-order-logic/axiomatic-deduction/rules-a
nd-proofs.tex [146

])
(./content/propositional-logic/../first-order-logic/axiomatic-deduction/axioms-
rules-propositional.tex

LaTeX Font Warning: Font shape `TU/Scheherazade-Regular.ttf(0)/m/sc' undefined
(Font)              using `TU/Scheherazade-Regular.ttf(0)/m/n' instead on input
 line 41.

)
(./content/propositional-logic/../first-order-logic/axiomatic-deduction/proving
-things.tex
LaTeX Font Info:    Font shape `TU/Scheherazade-Regular.ttf(0)/m/sc' will be
(Font)              scaled to size 10.80002pt on input line 19.
 [147]
Overfull \vbox (0.6609pt too high) has occurred while \output is active []


[148])
(./content/propositional-logic/../first-order-logic/axiomatic-deduction/proof-t
heoretic-notions.tex [149])
(./content/propositional-logic/../first-order-logic/axiomatic-deduction/deducti
on-theorem.tex
Overfull \vbox (0.6609pt too high) has occurred while \output is active []


[150])
(./content/propositional-logic/../first-order-logic/axiomatic-deduction/provabi
lity-consistency.tex)
(./content/propositional-logic/../first-order-logic/axiomatic-deduction/provabi
lity-propositional.tex [151])
(./content/propositional-logic/../first-order-logic/axiomatic-deduction/soundne
ss.tex
Overfull \vbox (0.6609pt too high) has occurred while \output is active []


[152])
(<WORKSPACE_ROOT>/03_projects/language_management/arabic
_persianate_rtl/03_working_translations/openlogic/ar/locale/ar/output-release/o
pen-logic-complete-ar.prb))
(./content/propositional-logic/../first-order-logic/completeness/completeness.t
ex [153]
\bbl@ensure@arabic {باب} 13.
Output from handle open-logic-complete-ar going to open-logic-complete-ar.prb

\openout6 = open-logic-complete-ar.prb

(./content/propositional-logic/../first-order-logic/completeness/introduction.t
ex)
(./content/propositional-logic/../first-order-logic/completeness/outline.tex
[154

])
(./content/propositional-logic/../first-order-logic/completeness/complete-consi
stent-sets.tex [155])
(./content/propositional-logic/../first-order-logic/completeness/lindenbaums-le
mma.tex [156])
(./content/propositional-logic/../first-order-logic/completeness/construction-o
f-model.tex [157])
(./content/propositional-logic/../first-order-logic/completeness/completeness-t
hm.tex)
(./content/propositional-logic/../first-order-logic/completeness/compactness.te
x [158])
(./content/propositional-logic/../first-order-logic/completeness/compactness-di
rect.tex)
(<WORKSPACE_ROOT>/03_projects/language_management/arabic
_persianate_rtl/03_working_translations/openlogic/ar/locale/ar/output-release/o
pen-logic-complete-ar.prb [159])))
(./content/first-order-logic/first-order-logic.tex [160] [161

]
(./content/first-order-logic/introduction/introduction.tex [162]
\bbl@ensure@arabic {باب} 14.
Output from handle open-logic-complete-ar going to open-logic-complete-ar.prb

\openout6 = open-logic-complete-ar.prb
(./content/first-order-logic/introduction/first-order-logic.tex [163

])
(./content/first-order-logic/introduction/syntax.tex)
(./content/first-order-logic/introduction/formulas.tex
Overfull \vbox (0.6609pt too high) has occurred while \output is active []


[164]) (./content/first-order-logic/introduction/satisfaction.tex [165])
(./content/first-order-logic/introduction/sentences.tex
Overfull \vbox (0.6609pt too high) has occurred while \output is active []


[166]) (./content/first-order-logic/introduction/semantic-notions.tex)
(./content/first-order-logic/introduction/substitution.tex)
(./content/first-order-logic/introduction/models-theories.tex [167])
(./content/first-order-logic/introduction/soundness-completeness.tex
Overfull \vbox (0.6609pt too high) has occurred while \output is active []


[168])) (./content/first-order-logic/syntax-and-semantics/syntax.tex [169]
\bbl@ensure@arabic {باب} 15.
Output from handle open-logic-complete-ar going to open-logic-complete-ar.prb

\openout6 = open-logic-complete-ar.prb
(./content/first-order-logic/syntax-and-semantics/intro-syntax.tex)
(./content/first-order-logic/syntax-and-semantics/first-order-languages.tex
[170

]) (./content/first-order-logic/syntax-and-semantics/terms-formulas.tex
[171] [172]
LaTeX Font Info:    Font shape `TU/Scheherazade-Regular.ttf(0)/b/it' will be
(Font)              scaled to size 10.80002pt on input line 179.
)
(./content/first-order-logic/syntax-and-semantics/unique-readability.tex
[173] [174])
(./content/first-order-logic/syntax-and-semantics/main-operator.tex [175])
(./content/first-order-logic/syntax-and-semantics/subformulas.tex [176])
(./content/first-order-logic/syntax-and-semantics/formation-sequences.tex
[177] [178] [179])
(./content/first-order-logic/syntax-and-semantics/free-vars-sentences.tex)
(./content/first-order-logic/syntax-and-semantics/substitution.tex [180]
[181])
(<WORKSPACE_ROOT>/03_projects/language_management/arabic
_persianate_rtl/03_working_translations/openlogic/ar/locale/ar/output-release/o
pen-logic-complete-ar.prb))
(./content/first-order-logic/syntax-and-semantics/semantics.tex [182]
\bbl@ensure@arabic {باب} 16.
Output from handle open-logic-complete-ar going to open-logic-complete-ar.prb

\openout6 = open-logic-complete-ar.prb
(./content/first-order-logic/syntax-and-semantics/intro-semantics.tex)
(./content/first-order-logic/syntax-and-semantics/structures.tex [183

])
(./content/first-order-logic/syntax-and-semantics/covered-structures.tex
[184]) (./content/first-order-logic/syntax-and-semantics/satisfaction.tex
Overfull \hbox (0.4453pt too wide) in paragraph at lines 39--42
[]\TU/Scheherazade-Regular.ttf(0)/m/it/10 إسناد المتغيرات $\OML/c
mm/m/it/10 s$ \TU/Scheherazade-Regular.ttf(0)/m/sc/10 ل بنية $\U/euf/m/n/1
0 M$ \TU/Scheherazade-Regular.ttf(0)/m/sc/10 دالة ترسل كل متغير 
إلى  عنصر من $[]$؛ أي $\OML/cmm/m/it/10 s [] [] [] \OMS/cmsy/m/n/10
 !
 []


Overfull \vbox (0.6609pt too high) has occurred while \output is active []


[185] [186]
Overfull \vbox (0.6609pt too high) has occurred while \output is active []


[187] [188]) (./content/first-order-logic/syntax-and-semantics/assignments.tex
[189] [190])
(./content/first-order-logic/syntax-and-semantics/extensionality.tex [191]
Overfull \hbox (36.04787pt too wide) in paragraph at lines 65--68
[]\TU/Scheherazade-Regular.ttf(0)/m/it/10 لتكن $\U/euf/m/n/10 M$  \TU/Scheh
erazade-Regular.ttf(0)/m/it/10 بنية، وليكن $\OML/cmm/m/it/10 t$ \TU/S
cheherazade-Regular.ttf(0)/m/it/10 و$\OML/cmm/m/it/10 t[]$ \TU/Scheherazade-Re
gular.ttf(0)/m/it/10 حدين، وليكن $\OML/cmm/m/it/10 s$ \TU/Scheherazad
e-Regular.ttf(0)/m/it/10 إسناد متغيرات. عندئذ $[][]\OT1/cmr/m/
n/10 (\OML/cmm/m/it/10 t\OT1/cmr/m/n/10 [\OML/cmm/m/it/10 t[]\OT1/cmr/m/n/10 /\
OML/cmm/m/it/10 x\OT1/cmr/m/n/10 ]) = [][](\OML/cmm/m/it/10 t\OT1/cmr/m/n/10 )$
\TU/Scheherazade-Regular.ttf(0)/m/it/10 . 
 []


Overfull \hbox (39.64252pt too wide) in paragraph at lines 82--85
[]\TU/Scheherazade-Regular.ttf(0)/m/sc/10 إذا كان $\OML/cmm/m/it/10 t \OM
S/cmsy/m/n/10  \OML/cmm/m/it/10 x$\TU/Scheherazade-Regular.ttf(0)/m/sc/10 ، 
فإن $\OML/cmm/m/it/10 t\OT1/cmr/m/n/10 [\OML/cmm/m/it/10 t[]\OT1/cmr/m/n/10 
/\OML/cmm/m/it/10 x\OT1/cmr/m/n/10 ] = \OML/cmm/m/it/10 t[]$\TU/Scheherazade-Re
gular.ttf(0)/m/sc/10 . لكن $[][]\OT1/cmr/m/n/10 (\OML/cmm/m/it/10 x\OT1/cmr/
m/n/10 ) = [][](\OML/cmm/m/it/10 t[]\OT1/cmr/m/n/10 )$ \TU/Scheherazade-Regular
.ttf(0)/m/sc/10 بحسب تعريف $\OML/cmm/m/it/10 s\OT1/cmr/m/n/10 [[][](\O
ML/cmm/m/it/10 t[]\OT1/cmr/m/n/10 )/\OML/cmm/m/it/10 x\OT1/cmr/m/n/10 ]$\TU/Sch
eherazade-Regular.ttf(0)/m/sc/10 . 
 []

[192]) (./content/first-order-logic/syntax-and-semantics/semantic-notions.tex
[193])
(<WORKSPACE_ROOT>/03_projects/language_management/arabic
_persianate_rtl/03_working_translations/openlogic/ar/locale/ar/output-release/o
pen-logic-complete-ar.prb [194]
Overfull \hbox (11.69286pt too wide) in paragraph at lines 117--120
[]\TU/Scheherazade-Regular.ttf(0)/m/sc/10 (هذه المسألة حالة خا
صة مما يعرف بمبرهنة سكولم؛ وتسمى $\OMS/cmsy/m/n/10 8\OML/cmm/m/it/10 x '\OT1/cmr/m/n/10 (\OML/cmm/m/it/10 x; f\OT1/cmr/m/n/10 (\OML/cmm/m/it/10 x\OT1/cmr/m/n/10 ))$ \TU/Scheherazade-Regular.ttf(0)/m/it/10 
صيغة سكولم السوية \TU/Scheherazade-Regular.ttf(0)/m/sc/10 لـ $
\OMS/cmsy/m/n/10 8\OML/cmm/m/it/10 x \OMS/cmsy/m/n/10 9\OML/cmm/m/it/10 y '\OT1
/cmr/m/n/10 (\OML/cmm/m/it/10 x; y\OT1/cmr/m/n/10 )$\TU/Scheherazade-Regular.tt
f(0)/m/sc/10 .) 
 []

)) (./content/first-order-logic/models-theories/models-theories.tex [195]
\bbl@ensure@arabic {باب} 17.
Output from handle open-logic-complete-ar going to open-logic-complete-ar.prb

\openout6 = open-logic-complete-ar.prb
(./content/first-order-logic/models-theories/introduction.tex [196

])
(./content/first-order-logic/models-theories/expressing-props-of-structures.tex

Overfull \hbox (1.89633pt too wide) in paragraph at lines 42--49
[]\TU/Scheherazade-Regular.ttf(0)/m/sc/10 تصدق الجملة $\OMS/cmsy/m/n/
10 8\OML/cmm/m/it/10 x x \OMS/cmsy/m/n/10  \OML/cmm/m/it/10 x$ \TU/Scheherazad
e-Regular.ttf(0)/m/sc/10 في $\U/euf/m/n/10 M$ \TU/Scheherazade-Regular.ttf(0)
/m/sc/10 إذا وفقط إذا كانت $[]$ علاقة انعكاسية. و
تصدق الجملة $\OMS/cmsy/m/n/10 8\OML/cmm/m/it/10 x \OMS/cmsy/m/n/10 8\
OML/cmm/m/it/10 y \OT1/cmr/m/n/10 ((\OML/cmm/m/it/10 x \OMS/cmsy/m/n/10 
 []

) (./content/first-order-logic/models-theories/theories.tex
Underfull \vbox (badness 1178) has occurred while \output is active []

 [197]
[198]) (./content/first-order-logic/models-theories/expressing-relations.tex
Overfull \vbox (0.6609pt too high) has occurred while \output is active []


[199]) (./content/first-order-logic/models-theories/set-theory.tex [200]
[201]) (./content/first-order-logic/models-theories/size-of-structures.tex
[202])
(<WORKSPACE_ROOT>/03_projects/language_management/arabic
_persianate_rtl/03_working_translations/openlogic/ar/locale/ar/output-release/o
pen-logic-complete-ar.prb [203]))
(./content/first-order-logic/proof-systems/proof-systems.tex [204]
\bbl@ensure@arabic {باب} 18.
Output from handle open-logic-complete-ar going to open-logic-complete-ar.prb

\openout6 = open-logic-complete-ar.prb
(./content/first-order-logic/proof-systems/introduction.tex [205

])
(./content/first-order-logic/proof-systems/sequent-calculus.tex)
(./content/first-order-logic/proof-systems/natural-deduction.tex [206])
(./content/first-order-logic/proof-systems/tableaux.tex
Overfull \vbox (0.6609pt too high) has occurred while \output is active []


[207]) (./content/first-order-logic/proof-systems/axiomatic-deduction.tex
[208])) (./content/first-order-logic/sequent-calculus/sequent-calculus.tex
[209]
\bbl@ensure@arabic {باب} 19.
Output from handle open-logic-complete-ar going to open-logic-complete-ar.prb

\openout6 = open-logic-complete-ar.prb
(./content/first-order-logic/sequent-calculus/rules-and-proofs.tex [210

])
(./content/first-order-logic/sequent-calculus/propositional-rules.tex)
(./content/first-order-logic/sequent-calculus/quantifier-rules.tex [211])
(./content/first-order-logic/sequent-calculus/structural-rules.tex [212])
(./content/first-order-logic/sequent-calculus/derivations.tex [213])
(./content/first-order-logic/sequent-calculus/proving-things.tex [214] [215]
[216]) (./content/first-order-logic/sequent-calculus/proving-things-quant.tex
[217])
(./content/first-order-logic/sequent-calculus/proof-theoretic-notions.tex
[218] [219])
(./content/first-order-logic/sequent-calculus/provability-consistency.tex
[220])
(./content/first-order-logic/sequent-calculus/provability-propositional.tex
[221])
(./content/first-order-logic/sequent-calculus/provability-quantifiers.tex
[222]) (./content/first-order-logic/sequent-calculus/soundness.tex [223]
[224] [225] [226]) (./content/first-order-logic/sequent-calculus/identity.tex
[227]) (./content/first-order-logic/sequent-calculus/soundness-identity.tex)
(<WORKSPACE_ROOT>/03_projects/language_management/arabic
_persianate_rtl/03_working_translations/openlogic/ar/locale/ar/output-release/o
pen-logic-complete-ar.prb [228] [229]))
(./content/first-order-logic/natural-deduction/natural-deduction.tex [230]
\bbl@ensure@arabic {باب} 20.
Output from handle open-logic-complete-ar going to open-logic-complete-ar.prb

\openout6 = open-logic-complete-ar.prb
(./content/first-order-logic/natural-deduction/rules-and-proofs.tex)
(./content/first-order-logic/natural-deduction/propositional-rules.tex [231

])
(./content/first-order-logic/natural-deduction/quantifier-rules.tex
Overfull \vbox (0.6609pt too high) has occurred while \output is active []


[232] [233]) (./content/first-order-logic/natural-deduction/derivations.tex
Overfull \vbox (0.6609pt too high) has occurred while \output is active []


[234]) (./content/first-order-logic/natural-deduction/proving-things.tex
[235]
Overfull \vbox (0.6609pt too high) has occurred while \output is active []


[236] [237])
(./content/first-order-logic/natural-deduction/proving-things-quant.tex
Overfull \vbox (0.6609pt too high) has occurred while \output is active []


[238] [239]
Overfull \vbox (0.6609pt too high) has occurred while \output is active []


[240])
(./content/first-order-logic/natural-deduction/proof-theoretic-notions.tex
[241])
(./content/first-order-logic/natural-deduction/provability-consistency.tex
Overfull \vbox (0.6609pt too high) has occurred while \output is active []


[242])
(./content/first-order-logic/natural-deduction/provability-propositional.tex
[243]
Overfull \vbox (0.6609pt too high) has occurred while \output is active []


[244])
(./content/first-order-logic/natural-deduction/provability-quantifiers.tex)
(./content/first-order-logic/natural-deduction/soundness.tex [245]
Overfull \vbox (0.6609pt too high) has occurred while \output is active []


[246] [247]) (./content/first-order-logic/natural-deduction/identity.tex
Overfull \vbox (0.6609pt too high) has occurred while \output is active []


[248] [249])
(./content/first-order-logic/natural-deduction/soundness-identity.tex)
(<WORKSPACE_ROOT>/03_projects/language_management/arabic
_persianate_rtl/03_working_translations/openlogic/ar/locale/ar/output-release/o
pen-logic-complete-ar.prb
Overfull \vbox (0.6609pt too high) has occurred while \output is active []


[250] [251]
Overfull \hbox (0.23604pt too wide) in paragraph at lines 85--89
[]\TU/Scheherazade-Regular.ttf(0)/m/sc/10 أثبت أن $\OT1/cmr/m/n/10 =$ \TU
/Scheherazade-Regular.ttf(0)/m/sc/10 تناظرية ومتعدية معًا، 
أي أعط اشتقاقات لـ $\OMS/cmsy/m/n/10 8\OML/cmm/m/it/10 x \OMS/cm
sy/m/n/10 8\OML/cmm/m/it/10 y \OT1/cmr/m/n/10 (\OML/cmm/m/it/10 x \OT1/cmr/m/n/
10 = \OML/cmm/m/it/10 y [] y \OT1/cmr/m/n/10 = \OML/cmm/m/it/10 x\OT1/cmr/m/n/1
0 )$ \TU/Scheherazade-Regular.ttf(0)/m/sc/10 و $\OMS/cmsy/m/n/10 8\OML/cmm/m/i
t/10 x \OMS/cmsy/m/n/10 8\OML/cmm/m/it/10 y \OMS/cmsy/m/n/10 8\OML/cmm/m/it/10 
z\OT1/cmr/m/n/10 ((\OML/cmm/m/it/10 x \OT1/cmr/m/n/10 =
 []

)) (./content/first-order-logic/tableaux/tableaux.tex
Overfull \vbox (0.6609pt too high) has occurred while \output is active []


[252]
\bbl@ensure@arabic {باب} 21.
Output from handle open-logic-complete-ar going to open-logic-complete-ar.prb

\openout6 = open-logic-complete-ar.prb
(./content/first-order-logic/tableaux/rules-and-proofs.tex)
(./content/first-order-logic/tableaux/propositional-rules.tex
Underfull \vbox (badness 2285) has occurred while \output is active []

 [253

])
(./content/first-order-logic/tableaux/quantifier-rules.tex [254])
(./content/first-order-logic/tableaux/derivations.tex [255]
Overfull \hbox (1.97803pt too wide) detected at line 23
$\OML/cmm/m/it/10 S[]$ 
 []


Overfull \hbox (2.93523pt too wide) detected at line 24
$\OML/cmm/m/it/10 S[]$ 
 []


Overfull \hbox (0.82118pt too wide) detected at line 28
$\OML/cmm/m/it/10 S[]$ 
 []

) (./content/first-order-logic/tableaux/proving-things.tex [256] [257] [258]
Underfull \vbox (badness 2401) has occurred while \output is active []

 [259])
(./content/first-order-logic/tableaux/proving-things-quant.tex [260] [261]
[262]

Package prooftrees Warning: Merging conflicting justifications for line 6! Plea
se examine the output carefully and use "move by" to move lines later in the pr
oof if required. Details of how to do this are included in the documentation. o
n input line 276.


Package prooftrees Warning: Merging conflicting justifications for line 6! Plea
se examine the output carefully and use "move by" to move lines later in the pr
oof if required. Details of how to do this are included in the documentation. o
n input line 310.


Package prooftrees Warning: Merging conflicting justifications for line 7! Plea
se examine the output carefully and use "move by" to move lines later in the pr
oof if required. Details of how to do this are included in the documentation. o
n input line 310.

) (./content/first-order-logic/tableaux/proof-theoretic-notions.tex [263]
[264]) (./content/first-order-logic/tableaux/provability-consistency.tex
[265]) (./content/first-order-logic/tableaux/provability-propositional.tex
[266] [267] [268])
(./content/first-order-logic/tableaux/provability-quantifiers.tex [269])
(./content/first-order-logic/tableaux/soundness.tex [270] [271])
(./content/first-order-logic/tableaux/identity.tex [272])
(./content/first-order-logic/tableaux/soundness-identity.tex)
(<WORKSPACE_ROOT>/03_projects/language_management/arabic
_persianate_rtl/03_working_translations/openlogic/ar/locale/ar/output-release/o
pen-logic-complete-ar.prb [273] [274]))
(./content/first-order-logic/axiomatic-deduction/axiomatic-deduction.tex
[275]
\bbl@ensure@arabic {باب} 22.
Output from handle open-logic-complete-ar going to open-logic-complete-ar.prb

\openout6 = open-logic-complete-ar.prb
(./content/first-order-logic/axiomatic-deduction/rules-and-proofs.tex [276

])
(./content/first-order-logic/axiomatic-deduction/axioms-rules-propositional.tex
) (./content/first-order-logic/axiomatic-deduction/axioms-rules-quantifiers.tex
[277]) (./content/first-order-logic/axiomatic-deduction/proving-things.tex
Overfull \vbox (0.6609pt too high) has occurred while \output is active []


[278])
(./content/first-order-logic/axiomatic-deduction/proving-things-quant.tex
[279])
(./content/first-order-logic/axiomatic-deduction/proof-theoretic-notions.tex
Overfull \vbox (0.6609pt too high) has occurred while \output is active []


[280]) (./content/first-order-logic/axiomatic-deduction/deduction-theorem.tex
[281])
(./content/first-order-logic/axiomatic-deduction/deduction-theorem-quantifiers.
tex
Overfull \vbox (0.6609pt too high) has occurred while \output is active []


[282])
(./content/first-order-logic/axiomatic-deduction/provability-consistency.tex
[283])
(./content/first-order-logic/axiomatic-deduction/provability-propositional.tex) (./content/first-order-logic/axiomatic-deduction/provability-quantifiers.tex
Overfull \vbox (0.6609pt too high) has occurred while \output is active []


[284]) (./content/first-order-logic/axiomatic-deduction/soundness.tex [285])
(./content/first-order-logic/axiomatic-deduction/identity.tex)
(<WORKSPACE_ROOT>/03_projects/language_management/arabic
_persianate_rtl/03_working_translations/openlogic/ar/locale/ar/output-release/o
pen-logic-complete-ar.prb
Overfull \vbox (0.6609pt too high) has occurred while \output is active []


[286])) (./content/first-order-logic/completeness/completeness.tex [287]
\bbl@ensure@arabic {باب} 23.
Output from handle open-logic-complete-ar going to open-logic-complete-ar.prb

\openout6 = open-logic-complete-ar.prb
(./content/first-order-logic/completeness/introduction.tex)
(./content/first-order-logic/completeness/outline.tex [288

] [289])
(./content/first-order-logic/completeness/complete-consistent-sets.tex [290])
(./content/first-order-logic/completeness/henkin-expansions.tex [291])
(./content/first-order-logic/completeness/lindenbaums-lemma.tex [292])
(./content/first-order-logic/completeness/construction-of-model.tex
Overfull \hbox (6.2944pt too wide) in paragraph at lines 70--70
[]\TU/Scheherazade-Regular.ttf(0)/m/sc/10 يُسند إلى الدالة $\OML/
cmm/m/it/10 f$ \TU/Scheherazade-Regular.ttf(0)/m/sc/10 الدالة التي 
تكون حججها الحدود المغلقة $\OML/cmm/m/it/10 t[]$\TU/Scheh
erazade-Regular.ttf(0)/m/sc/10 ، …، $\OML/cmm/m/it/10 t[]$\TU/Scheherazade-
Regular.ttf(0)/m/sc/10 ، وتكون قيمتها الحد المغلق $\OML/c
mm/m/it/10 f\OT1/cmr/m/n/10 (\OML/cmm/m/it/10 t[]; [] ; t[]\OT1/cmr/m/n/10 )$\T
U/Scheherazade-Regular.ttf(0)/m/sc/10 : 
 []

[293]
Overfull \hbox (1.51295pt too wide) in paragraph at lines 152--152
[]\TU/Scheherazade-Regular.ttf(0)/m/sc/10 بحسب [][]قضية 16.19[][]، ي
تحقق $[] \U/msa/m/n/10  \OMS/cmsy/m/n/10 8\OML/cmm/m/it/10 x '\OT1/cmr/m/n
/10 (\OML/cmm/m/it/10 x\OT1/cmr/m/n/10 )$ \TU/Scheherazade-Regular.ttf(0)/m/sc/
10 إذا وفقط إذا تحقق لكل إسناد متغيرات $\OML/cmm/m
/it/10 s$ \TU/Scheherazade-Regular.ttf(0)/m/sc/10 أن $[]\OML/cmm/m/it/10 ; s 
\U/msa/m/n/10 
 []

[294]) (./content/first-order-logic/completeness/identity.tex [295]
Overfull \hbox (68.03636pt too wide) in paragraph at lines 71--77
[]\TU/Scheherazade-Regular.ttf(0)/m/sc/10 إذا كان $\OT1/cmr/m/n/10 ^^@[] 
\OMS/cmsy/m/n/10 ` \OML/cmm/m/it/10 t \OT1/cmr/m/n/10 = \OML/cmm/m/it/10 t[]$ \
TU/Scheherazade-Regular.ttf(0)/m/sc/10 و $\OT1/cmr/m/n/10 ^^@[] \OMS/cmsy/m/n/
10 ` \OML/cmm/m/it/10 R\OT1/cmr/m/n/10 (\OML/cmm/m/it/10 t[]; [] ; t[]; t; t[]; [] ; t[]\OT1/cmr/m/n/10 )$\TU/Scheherazade-Regular.ttf(0)/m/sc/10 
، فإن $\OT1/cmr/m/n/10 ^^@[] \OMS/cmsy/m/n/10 ` \OML/cmm/m/it/10 R\OT1/cmr/
m/n/10 (\OML/cmm/m/it/10 t[]; [] ; t[]; t[]; t[]; [] ; t[]\OT1/cmr/m/n/10 )$
 []

[296]) (./content/first-order-logic/completeness/completeness-thm.tex [297])
(./content/first-order-logic/completeness/compactness.tex [298])
(./content/first-order-logic/completeness/compactness-direct.tex [299])
(./content/first-order-logic/completeness/downward-ls.tex [300])
(<WORKSPACE_ROOT>/03_projects/language_management/arabic
_persianate_rtl/03_working_translations/openlogic/ar/locale/ar/output-release/o
pen-logic-complete-ar.prb [301]))
(./content/first-order-logic/beyond/beyond.tex [302]
\bbl@ensure@arabic {باب} 24.
Output from handle open-logic-complete-ar going to open-logic-complete-ar.prb

\openout6 = open-logic-complete-ar.prb
(./content/first-order-logic/beyond/introduction.tex)
(./content/first-order-logic/beyond/many-sorted-logic.tex
Underfull \vbox (badness 10000) has occurred while \output is active []

 [303

])
(./content/first-order-logic/beyond/second-order-logic.tex [304] [305] [306])
(./content/first-order-logic/beyond/higher-order-logic.tex [307])
(./content/first-order-logic/beyond/intuitionistic-logic.tex [308]
Overfull \vbox (0.6609pt too high) has occurred while \output is active []


[309] [310]) (./content/first-order-logic/beyond/modal-logics.tex [311])
(./content/first-order-logic/beyond/other-logics.tex)))
(./content/model-theory/model-theory.tex [312] [313

]
(./content/model-theory/basics/basics.tex [314]
\bbl@ensure@arabic {باب} 25.
Output from handle open-logic-complete-ar going to open-logic-complete-ar.prb

\openout6 = open-logic-complete-ar.prb
(./content/model-theory/basics/reducts-and-expansions.tex)
(./content/model-theory/basics/substructures.tex [315

]
Package hyperref Info: bookmark level for unknown rem defaults to 0 on input li
ne 39.
)
(./content/model-theory/basics/overspill.tex)
(./content/model-theory/basics/isomorphism.tex [316])
(./content/model-theory/basics/theory-of-m.tex [317])
(./content/model-theory/basics/partial-iso.tex [318] [319])
(./content/model-theory/basics/dlo.tex [320])
(<WORKSPACE_ROOT>/03_projects/language_management/arabic
_persianate_rtl/03_working_translations/openlogic/ar/locale/ar/output-release/o
pen-logic-complete-ar.prb))
(./content/model-theory/models-of-arithmetic/models-of-arithmetic.tex [321]
\bbl@ensure@arabic {باب} 26.
Output from handle open-logic-complete-ar going to open-logic-complete-ar.prb

\openout6 = open-logic-complete-ar.prb
(./content/model-theory/models-of-arithmetic/introduction.tex [322

])
(./content/model-theory/models-of-arithmetic/standard-models.tex
Overfull \hbox (3.63167pt too wide) in paragraph at lines 90--98
[]$\OML/cmm/m/it/10 g\OT1/cmr/m/n/10 ([](\OML/cmm/m/it/10 n; m\OT1/cmr/m/n/10 ))
 = \OML/cmm/m/it/10 g\OT1/cmr/m/n/10 (\OML/cmm/m/it/10 n \OT1/cmr/m/n/10 + \OML
/cmm/m/it/10 m\OT1/cmr/m/n/10 )$\TU/Scheherazade-Regular.ttf(0)/m/sc/10 ، ل
أن $\OT1/cmr/m/n/10 +$ \TU/Scheherazade-Regular.ttf(0)/m/sc/10 في $\U/euf/m
/n/10 N$ \TU/Scheherazade-Regular.ttf(0)/m/sc/10 دالة الجمع على $\U
/msb/m/n/10 N$\TU/Scheherazade-Regular.ttf(0)/m/sc/10 . ثم $\OML/cmm/m/it/10 
g\OT1/cmr/m/n/10 (\OML/cmm/m/it/10 n \OT1/cmr/m/n/10 + \OML/cmm/m/it/10 m\OT1/c
mr/m/n/10 ) = [][]([])$
 []

[323]) (./content/model-theory/models-of-arithmetic/non-standard-models.tex
[324]) (./content/model-theory/models-of-arithmetic/models-of-q.tex
LaTeX Font Info:    Font shape `OML/cmbr/m/it' in size <12> not available
(Font)              Font shape `OML/cmbrm/m/it' tried instead on input line 10.



Package hyperref Warning: Token not allowed in a PDF string (Unicode):
(hyperref)                removing `math shift' on input line 10.


Package hyperref Warning: Token not allowed in a PDF string (Unicode):
(hyperref)                removing `\Th' on input line 10.


Package hyperref Warning: Token not allowed in a PDF string (Unicode):
(hyperref)                removing `math shift' on input line 10.

[325] [326]) (./content/model-theory/models-of-arithmetic/models-of-pa.tex

Package hyperref Warning: Token not allowed in a PDF string (Unicode):
(hyperref)                removing `math shift' on input line 10.


Package hyperref Warning: Token not allowed in a PDF string (Unicode):
(hyperref)                removing `\Th' on input line 10.


Package hyperref Warning: Token not allowed in a PDF string (Unicode):
(hyperref)                removing `math shift' on input line 10.

[327] [328]) (./content/model-theory/models-of-arithmetic/computable-models.tex
[329] [330])
(<WORKSPACE_ROOT>/03_projects/language_management/arabic
_persianate_rtl/03_working_translations/openlogic/ar/locale/ar/output-release/o
pen-logic-complete-ar.prb))
(./content/model-theory/interpolation/interpolation.tex [331]
\bbl@ensure@arabic {باب} 27.
Output from handle open-logic-complete-ar going to open-logic-complete-ar.prb

\openout6 = open-logic-complete-ar.prb
(./content/model-theory/interpolation/introduction.tex)
(./content/model-theory/interpolation/separation.tex [332

])
(./content/model-theory/interpolation/interpolation-proof.tex
Overfull \vbox (0.6609pt too high) has occurred while \output is active []


[333] [334]) (./content/model-theory/interpolation/definability.tex [335]))
(./content/model-theory/lindstrom/lindstrom.tex [336]
\bbl@ensure@arabic {باب} 28.
Output from handle open-logic-complete-ar going to open-logic-complete-ar.prb

\openout6 = open-logic-complete-ar.prb
(./content/model-theory/lindstrom/introduction.tex)
(./content/model-theory/lindstrom/abstract-logics.tex [337

])
(./content/model-theory/lindstrom/ls-property.tex [338])
(./content/model-theory/lindstrom/lindstrom-proof.tex [339])))
(./content/computability/computability.tex [340] [341

]
(./content/computability/recursive-functions/recursive-functions.tex [342]
\bbl@ensure@arabic {باب} 29.
Output from handle open-logic-complete-ar going to open-logic-complete-ar.prb

\openout6 = open-logic-complete-ar.prb
(./content/computability/recursive-functions/introduction.tex)
(./content/computability/recursive-functions/primitive-recursion.tex [343

]
[344]) (./content/computability/recursive-functions/composition.tex [345])
(./content/computability/recursive-functions/pr-functions.tex [346] [347])
(./content/computability/recursive-functions/notation-pr-functions.tex)
(./content/computability/recursive-functions/pr-functions-computable.tex
[348]) (./content/computability/recursive-functions/examples.tex [349] [350])
(./content/computability/recursive-functions/pr-relations.tex [351] [352])
(./content/computability/recursive-functions/bounded-minimization.tex [353])
(./content/computability/recursive-functions/primes.tex [354])
(./content/computability/recursive-functions/sequences.tex [355] [356])
(./content/computability/recursive-functions/trees.tex [357])
(./content/computability/recursive-functions/other-recursions.tex [358])
(./content/computability/recursive-functions/non-pr-functions.tex
Overfull \hbox (4.11644pt too wide) in paragraph at lines 29--32
[]\TU/Scheherazade-Regular.ttf(0)/m/sc/10 ويمكن إعطاء أمثلة أ
صرح لدوال قابلة للحساب وليست عودية بدائية. 
فليدل الترميز $\OML/cmm/m/it/10 g[]\OT1/cmr/m/n/10 (\OML/cmm/m/it/1
0 x\OT1/cmr/m/n/10 )$\TU/Scheherazade-Regular.ttf(0)/m/sc/10 ، مثلًا، 
على $\OML/cmm/m/it/10 g\OT1/cmr/m/n/10 (\OML/cmm/m/it/10 g\OT1/cmr/m/n/10 ([
] \OML/cmm/m/it/10 g\OT1/cmr/m/n/10 (\OML/cmm/m/it/10 x\OT1/cmr/m/n/10 )))$\TU/
Scheherazade-Regular.ttf(0)/m/sc/10 ،
 []

[359]) (./content/computability/recursive-functions/partial-functions.tex
[360]
Overfull \hbox (3.58098pt too wide) in paragraph at lines 74--81
[]\TU/Scheherazade-Regular.ttf(0)/m/sc/10 إذا كانت $\OML/cmm/m/it/10 R\O
T1/cmr/m/n/10 (\OML/cmm/m/it/10 x; []\OT1/cmr/m/n/10 )$ \TU/Scheherazade-Regula
r.ttf(0)/m/sc/10 أي علاقة، عرفنا $\OML/cmm/m/it/10 x R\OT1/cmr/m/
n/10 (\OML/cmm/m/it/10 x; []\OT1/cmr/m/n/10 )$ \TU/Scheherazade-Regular.ttf(0)/
m/sc/10 بأنه $\OML/cmm/m/it/10 x \OT1/cmr/m/n/10 (1 [] \OML/cmm/m/it/10 [
]\OT1/cmr/m/n/10 (\OML/cmm/m/it/10 x; []\OT1/cmr/m/n/10 ))$\TU/Scheherazade-Reg
ular.ttf(0)/m/sc/10 . وبعبارة أخرى، يعيد $\OML/cmm/m/it/10 x R\OT1/cmr/m/n/10 (\OML/cmm/m/it/10 x; []\OT1/cmr/m/n/10 )$
 []

) (./content/computability/recursive-functions/normal-form.tex)
(./content/computability/recursive-functions/halting-problem.tex [361])
(./content/computability/recursive-functions/general-recursive-functions.tex)
[362]
(<WORKSPACE_ROOT>/03_projects/language_management/arabic
_persianate_rtl/03_working_translations/openlogic/ar/locale/ar/output-release/o
pen-logic-complete-ar.prb))
(./content/computability/computability-theory/computability-theory.tex [363]
\bbl@ensure@arabic {باب} 30.
Output from handle open-logic-complete-ar going to open-logic-complete-ar.prb

\openout6 = open-logic-complete-ar.prb
(./content/computability/computability-theory/introduction.tex)
(./content/computability/computability-theory/coding-computations.tex [364

])
(./content/computability/computability-theory/normal-form.tex [365])
(./content/computability/computability-theory/s-m-n.tex

Package hyperref Warning: Token not allowed in a PDF string (Unicode):
(hyperref)                removing `math shift' on input line 10.


Package hyperref Warning: Token not allowed in a PDF string (Unicode):
(hyperref)                removing `math shift' on input line 10.


Package hyperref Warning: Token not allowed in a PDF string (Unicode):
(hyperref)                removing `math shift' on input line 10.


Package hyperref Warning: Token not allowed in a PDF string (Unicode):
(hyperref)                removing `math shift' on input line 10.


Package hyperref Warning: Token not allowed in a PDF string (Unicode):
(hyperref)                removing `math shift' on input line 10.


Package hyperref Warning: Token not allowed in a PDF string (Unicode):
(hyperref)                removing `math shift' on input line 10.

) (./content/computability/computability-theory/universal-part-function.tex
Overfull \hbox (0.71973pt too wide) in paragraph at lines 24--26
[]\TU/Scheherazade-Regular.ttf(0)/m/sc/10 لتكن $[]\OT1/cmr/m/n/10 (\OML/cmm
/m/it/10 e; x\OT1/cmr/m/n/10 ) \OMS/cmsy/m/n/10 ' \OML/cmm/m/it/10 U\OT1/cmr/m/
n/10 (\OML/cmm/m/it/10 s T\OT1/cmr/m/n/10 (\OML/cmm/m/it/10 e; x; s\OT1/cmr/m/
n/10 ))$\TU/Scheherazade-Regular.ttf(0)/m/sc/10 ، حيث $\OML/cmm/m/it/10 U$ 
\TU/Scheherazade-Regular.ttf(0)/m/sc/10 و$\OML/cmm/m/it/10 T$ \TU/Scheherazade
-Regular.ttf(0)/m/sc/10 كما في مبرهنة كليني للصورة ال
سوية ([][]مبرهنة 30.1[][]). [] 
 []

[366]) (./content/computability/computability-theory/no-universal-function.tex) (./content/computability/computability-theory/halting-problem.tex [367])
(./content/computability/computability-theory/russells-paradox.tex [368])
(./content/computability/computability-theory/computable-sets.tex)
(./content/computability/computability-theory/ce-sets.tex [369])
(./content/computability/computability-theory/equiv-ce-defs.tex [370] [371])
(./content/computability/computability-theory/non-comp-set.tex)
(./content/computability/computability-theory/ce-closed-cup-cap.tex [372])
(./content/computability/computability-theory/complement-ce.tex [373])
(./content/computability/computability-theory/reducibility.tex [374])
(./content/computability/computability-theory/prop-reduce.tex)
(./content/computability/computability-theory/complete-ce-sets.tex [375])
(./content/computability/computability-theory/k-1.tex [376])
(./content/computability/computability-theory/total.tex)
(./content/computability/computability-theory/rice-theorem.tex [377] [378])
(./content/computability/computability-theory/fixed-point-thm.tex [379]
[380])
(./content/computability/computability-theory/application-fixed-point.tex
[381])
(./content/computability/computability-theory/def-functions-self-reference.tex
[382])
(<WORKSPACE_ROOT>/03_projects/language_management/arabic
_persianate_rtl/03_working_translations/openlogic/ar/locale/ar/output-release/o
pen-logic-complete-ar.prb))) (./content/turing-machines/turing-machines.tex
[383] [384

]
(./content/turing-machines/machines-computations/machines-computations.tex
\bbl@ensure@arabic {باب} 31.
Output from handle open-logic-complete-ar going to open-logic-complete-ar.prb

\openout6 = open-logic-complete-ar.prb
(./content/turing-machines/machines-computations/introduction.tex
(../../assets/diagrams/turing-machine.tikz)
(../../assets/diagrams/turing-machine.tikz)
(../../assets/diagrams/turing-machine.tikz)
(../../assets/diagrams/turing-machine.tikz)
(../../assets/diagrams/turing-machine.tikz) [385

])
(./content/turing-machines/machines-computations/representing-tms.tex [386]
[387]) (./content/turing-machines/machines-computations/turing-machines.tex
[388]) (./content/turing-machines/machines-computations/configuration.tex
[389] [390]) (./content/turing-machines/machines-computations/unary-numbers.tex
[391]) (./content/turing-machines/machines-computations/halting-states.tex
[392]
Underfull \vbox (badness 10000) has occurred while \output is active []

 [393])
(./content/turing-machines/machines-computations/disciplined-machines.tex)
(./content/turing-machines/machines-computations/combining-machines.tex
[394] [395]) (./content/turing-machines/machines-computations/variants.tex
[396] [397])
(./content/turing-machines/machines-computations/church-turing-thesis.tex)
(<WORKSPACE_ROOT>/03_projects/language_management/arabic
_persianate_rtl/03_working_translations/openlogic/ar/locale/ar/output-release/o
pen-logic-complete-ar.prb [398]
Overfull \hbox (0.83047pt too wide) in paragraph at lines 81--83
[]\TU/Scheherazade-Regular.ttf(0)/m/sc/10 تنتقي الدالة $[]$ أصغ
ر قيمة من وسيطاتها؛ ولذلك $[]\OT1/cmr/m/n/10 (3\OML/cmm/m/
it/10 ; \OT1/cmr/m/n/10 5) = 3$ \TU/Scheherazade-Regular.ttf(0)/m/sc/10 و$[]\O
T1/cmr/m/n/10 (20\OML/cmm/m/it/10 ; \OT1/cmr/m/n/10 16) = 16$ \TU/Scheherazade-
Regular.ttf(0)/m/sc/10 و$[]\OT1/cmr/m/n/10 (4\OML/cmm/m/it/10 ; \OT1/cmr/m/n/1
0 4) =
 []

)) (./content/turing-machines/undecidability/undecidability.tex [399]
\bbl@ensure@arabic {باب} 32.
Output from handle open-logic-complete-ar going to open-logic-complete-ar.prb

\openout6 = open-logic-complete-ar.prb
(./content/turing-machines/undecidability/introduction.tex [400

])
(./content/turing-machines/undecidability/enumerating-tms.tex [401])
(./content/turing-machines/undecidability/universal-tm.tex [402] [403])
(./content/turing-machines/undecidability/halting-problem.tex [404])
(./content/turing-machines/undecidability/decision-problem.tex)
(./content/turing-machines/undecidability/representing-tms.tex [405] [406]
[407]) (./content/turing-machines/undecidability/verification.tex [408]
[409] [410])
(./content/turing-machines/undecidability/unsolvability-decision-problem.tex
[411]) (./content/turing-machines/undecidability/trakhtenbrot.tex [412]
[413])
(<WORKSPACE_ROOT>/03_projects/language_management/arabic
_persianate_rtl/03_working_translations/openlogic/ar/locale/ar/output-release/o
pen-logic-complete-ar.prb [414]
Overfull \hbox (19.07721pt too wide) in paragraph at lines 67--77
[] \OT1/cmr/m/n/10 = \OMS/cmsy/m/n/10 f\OT1/cmr/m/n/10 0\OML/cmm/m/it/10 ; \OT1
/cmr/m/n/10 1\OML/cmm/m/it/10 ; \OT1/cmr/m/n/10 2\OMS/cmsy/m/n/10 g$\TU/Scheher
azade-Regular.ttf(0)/m/sc/10 ، و $[]\OT1/cmr/m/n/10 (0) = [](1) = 1$\TU/Scheh
erazade-Regular.ttf(0)/m/sc/10 ، و $[]\OT1/cmr/m/n/10 (2) = 2$\TU/Scheherazad
e-Regular.ttf(0)/m/sc/10 ، و $[] \OT1/cmr/m/n/10 = \OMS/cmsy/m/n/10 fh\OT1/cm
r/m/n/10 0\OML/cmm/m/it/10 ; \OT1/cmr/m/n/10 1\OMS/cmsy/m/n/10 i\OML/cmm/m/it/1
0 ; \OMS/cmsy/m/n/10 h\OT1/cmr/m/n/10 1\OML/cmm/m/it/10 ; \OT1/cmr/m/n/10 1\OMS
/cmsy/m/n/10 i\OML/cmm/m/it/10 ; \OMS/cmsy/m/n/10 h\OT1/cmr/m/n/10 2\OML/cmm/m/
it/10 ; \OT1/cmr/m/n/10 2\OMS/cmsy/m/n/10 ig$\TU/Scheherazade-Regular.ttf(0)/m/
sc/10 .
 []

))) (./content/incompleteness/incompleteness.tex [415] [416

]
(./content/incompleteness/introduction/introduction.tex [417]
\bbl@ensure@arabic {باب} 33.
Output from handle open-logic-complete-ar going to open-logic-complete-ar.prb

\openout6 = open-logic-complete-ar.prb
(./content/incompleteness/introduction/historical-background.tex [418

] [419])
(./content/incompleteness/introduction/definitions.tex
Overfull \vbox (0.6609pt too high) has occurred while \output is active []


[420] [421]
Overfull \vbox (0.6609pt too high) has occurred while \output is active []


[422]) (./content/incompleteness/introduction/overview.tex [423])
(./content/incompleteness/introduction/undecidability.tex
Overfull \vbox (0.6609pt too high) has occurred while \output is active []


[424])
(<WORKSPACE_ROOT>/03_projects/language_management/arabic
_persianate_rtl/03_working_translations/openlogic/ar/locale/ar/output-release/o
pen-logic-complete-ar.prb))
(./content/incompleteness/arithmetization-syntax/arithmetization-syntax.tex
[425]
\bbl@ensure@arabic {باب} 34.
Output from handle open-logic-complete-ar going to open-logic-complete-ar.prb

\openout6 = open-logic-complete-ar.prb
(./content/incompleteness/arithmetization-syntax/introduction.tex [426

])
(./content/incompleteness/arithmetization-syntax/coding-symbols.tex [427])
(./content/incompleteness/arithmetization-syntax/coding-terms.tex [428]
LaTeX Font Info:    Font shape `TU/Scheherazade-Regular.ttf(0)/m/it' will be
(Font)              scaled to size 6.48001pt on input line 94.
)
(./content/incompleteness/arithmetization-syntax/coding-formulas.tex [429])
(./content/incompleteness/arithmetization-syntax/substitution.tex)
(./content/incompleteness/arithmetization-syntax/proofs-in-lk.tex

Package hyperref Warning: Token not allowed in a PDF string (Unicode):
(hyperref)                removing `math shift' on input line 10.


Package hyperref Warning: Token not allowed in a PDF string (Unicode):
(hyperref)                removing `\Log' on input line 10.


Package hyperref Warning: Token not allowed in a PDF string (Unicode):
(hyperref)                removing `math shift' on input line 10.

[430]
Overfull \hbox (4.824pt too wide) in paragraph at lines 21--24
[]\TU/Scheherazade-Regular.ttf(0)/m/sc/10 إذا كانت $\OT1/cmr/m/n/10 ^^@$
 \TU/Scheherazade-Regular.ttf(0)/m/sc/10 متتالية منتهية من جم
ل، حيث $\OT1/cmr/m/n/10 ^^@ = \OMS/cmsy/m/n/10 h\OML/cmm/m/it/10 '[]; [] ; '[]\OMS/cmsy/m/n/10 i$\TU/Scheherazade-Regular.ttf(0)/m/sc/10 
، فإن $[]\OT1/cmr/m/n/10 ^^@[] = \OMS/cmsy/m/n/10 h[][][]\OML/cmm/m/it/10 ; [] ; [][][]\OMS/cmsy/m/n/10 i$\TU/Scheherazade-Regular.ttf(0)/m/sc/10 . 
 []


Overfull \vbox (0.6609pt too high) has occurred while \output is active []


[431]
Overfull \hbox (12.34717pt too wide) in paragraph at lines 127--132
[]\TU/Scheherazade-Regular.ttf(0)/m/sc/10 وعلينا أيضًا أن نثب
ت، لكل قاعدة استدلال $\OML/cmm/m/it/10 R$\TU/Scheherazade-Regu
lar.ttf(0)/m/sc/10 ، أن العلاقة $[][]\OT1/cmr/m/n/10 (\OML/cmm/m/it/1
0 p\OT1/cmr/m/n/10 )$ \TU/Scheherazade-Regular.ttf(0)/m/sc/10 عودية بد
ائية؛ وتصدق $[][]\OT1/cmr/m/n/10 (\OML/cmm/m/it/10 p\OT1/cmr/m/n/10 )$
 []

[432]) (./content/incompleteness/arithmetization-syntax/proofs-in-nd.tex
Overfull \vbox (0.6609pt too high) has occurred while \output is active []


[433] [434]
Overfull \hbox (13.87935pt too wide) in paragraph at lines 136--142
[]\TU/Scheherazade-Regular.ttf(0)/m/sc/10 علينا هنا أن نثبت، ل
كل قاعدة استدلال $\OML/cmm/m/it/10 R$\TU/Scheherazade-Regular.ttf
(0)/m/sc/10 ، أن العلاقة $[][]\OT1/cmr/m/n/10 (\OML/cmm/m/it/10 d\OT1
/cmr/m/n/10 )$ \TU/Scheherazade-Regular.ttf(0)/m/sc/10 عودية بدائية
؛ وتصدق $[][]\OT1/cmr/m/n/10 (\OML/cmm/m/it/10 d\OT1/cmr/m/n/10 )$
 []


Overfull \hbox (27.37144pt too wide) in paragraph at lines 157--161
\TU/Scheherazade-Regular.ttf(0)/m/sc/10 عندئذ يكون عدد غودل $\O
ML/cmm/m/it/10 d$ \TU/Scheherazade-Regular.ttf(0)/m/sc/10 لـ$\OML/cmm/m/it/10
 $ \TU/Scheherazade-Regular.ttf(0)/m/sc/10 هو $\OMS/cmsy/m/n/10 h\OT1/cmr/m/
n/10 2\OML/cmm/m/it/10 ; d[]; d[]; [][][]; \OT1/cmr/m/n/10 0\OML/cmm/m/it/10 ; 
k\OMS/cmsy/m/n/10 i$\TU/Scheherazade-Regular.ttf(0)/m/sc/10 ، حيث $[]\OT1/c
mr/m/n/10 (\OML/cmm/m/it/10 d[]\OT1/cmr/m/n/10 ) = []\OML/cmm/m/it/10 '[]$ \TU/
Scheherazade-Regular.ttf(0)/m/sc/10 و$[]\OT1/cmr/m/n/10 (\OML/cmm/m/it/10 d[]\
OT1/cmr/m/n/10 ) =
 []


Overfull \vbox (0.6609pt too high) has occurred while \output is active []


[435] [436]) (./content/incompleteness/arithmetization-syntax/proofs-in-ax.tex
[437]

LaTeX Font Warning: Font shape `TU/Scheherazade-Regular.ttf(0)/m/scit' undefine
d
(Font)              using `TU/Scheherazade-Regular.ttf(0)/m/sc' instead on inpu
t line 60.

[438] [439])
(<WORKSPACE_ROOT>/03_projects/language_management/arabic
_persianate_rtl/03_working_translations/openlogic/ar/locale/ar/output-release/o
pen-logic-complete-ar.prb [440]))
(./content/incompleteness/representability-in-q/representability-in-q.tex
[441]
\bbl@ensure@arabic {باب} 35.
LaTeX Font Info:    Font shape `OML/cmbr/m/it' in size <20.74> not available
(Font)              Font shape `OML/cmbrm/m/it' tried instead on input line 8.
LaTeX Font Info:    Font shape `OML/cmbr/m/it' in size <14.4> not available
(Font)              Font shape `OML/cmbrm/m/it' tried instead on input line 8.

Package hyperref Warning: Token not allowed in a PDF string (Unicode):
(hyperref)                removing `math shift' on input line 8.


Package hyperref Warning: Token not allowed in a PDF string (Unicode):
(hyperref)                removing `\Th' on input line 8.


Package hyperref Warning: Token not allowed in a PDF string (Unicode):
(hyperref)                removing `math shift' on input line 8.

Output from handle open-logic-complete-ar going to open-logic-complete-ar.prb

\openout6 = open-logic-complete-ar.prb
(./content/incompleteness/representability-in-q/introduction.tex [442

])
(./content/incompleteness/representability-in-q/representable-comp.tex

Package hyperref Warning: Token not allowed in a PDF string (Unicode):
(hyperref)                removing `math shift' on input line 10.


Package hyperref Warning: Token not allowed in a PDF string (Unicode):
(hyperref)                removing `\Th' on input line 10.


Package hyperref Warning: Token not allowed in a PDF string (Unicode):
(hyperref)                removing `math shift' on input line 10.


Overfull \hbox (13.42108pt too wide) in paragraph at lines 25--47
\TU/Scheherazade-Regular.ttf(0)/m/sc/10 لكن $\OML/cmm/m/it/10 m \OMS/cmsy/m/
n/10 6\OT1/cmr/m/n/10 = \OML/cmm/m/it/10 f\OT1/cmr/m/n/10 (\OML/cmm/m/it/10 n[]
; [] ; n[]\OT1/cmr/m/n/10 )$\TU/Scheherazade-Regular.ttf(0)/m/sc/10 . ضع $\OM
L/cmm/m/it/10 l \OT1/cmr/m/n/10 = \OML/cmm/m/it/10 f\OT1/cmr/m/n/10 (\OML/cmm/m
/it/10 n[]; [] ; n[]\OT1/cmr/m/n/10 )$\TU/Scheherazade-Regular.ttf(0)/m/sc/10 . 
بحسب [][]تعريف 35.1[][][][](1)[][]، $\TU/TeXGyrePagella(0)/b/n/10 Q \
OMS/cmsy/m/n/10 ` \OML/cmm/m/it/10 '[]\OT1/cmr/m/n/10 ([]\OML/cmm/m/it/10 ; [] 
; []; []\OT1/cmr/m/n/10 )$\TU/Scheherazade-Regular.ttf(0)/m/sc/10 .
 []


Overfull \hbox (4.10286pt too wide) in paragraph at lines 54--65
\TU/Scheherazade-Regular.ttf(0)/m/sc/10 الحساب، وهذا إجراء ي
مكن تنفيذه آليًا. ولكل واحدة منها نختبر ما 
إذا كانت  اشتقاق لـ صيغة من الصورة $\OML/cmm/m/it/10
 '[]\OT1/cmr/m/n/10 ([]\OML/cmm/m/it/10 ; [] ; []; []\OT1/cmr/m/n/10 )$
 []


Overfull \vbox (0.6609pt too high) has occurred while \output is active []


[443]
Overfull \hbox (43.655pt too wide) in paragraph at lines 88--91
[]\TU/Scheherazade-Regular.ttf(0)/m/sc/10 والآن تأمل العلاقة $\
OML/cmm/m/it/10 R\OT1/cmr/m/n/10 (\OML/cmm/m/it/10 n[]; [] ; n[]; s\OT1/cmr/m/n
/10 )$ \TU/Scheherazade-Regular.ttf(0)/m/sc/10 التي تصدق إذا كان 
$\OT1/cmr/m/n/10 (\OML/cmm/m/it/10 s\OT1/cmr/m/n/10 )[]$ \TU/Scheherazade-Regul
ar.ttf(0)/m/sc/10 عدد غودل لـ اشتقاق من $\TU/TeXGyrePagella(0)
/b/n/10 Q$ \TU/Scheherazade-Regular.ttf(0)/m/sc/10 للصيغة $\OML/cmm/m/it/
10 '[]\OT1/cmr/m/n/10 ([]\OML/cmm/m/it/10 ; [] ; []; []\OT1/cmr/m/n/10 )$\TU/Sc
heherazade-Regular.ttf(0)/m/sc/10 : 
 []

) (./content/incompleteness/representability-in-q/beta-function.tex
Overfull \vbox (0.6609pt too high) has occurred while \output is active []


[444] [445]) (./content/incompleteness/representability-in-q/prim-rec.tex
Overfull \vbox (0.6609pt too high) has occurred while \output is active []


[446]) (./content/incompleteness/representability-in-q/basic-representable.tex

Package hyperref Warning: Token not allowed in a PDF string (Unicode):
(hyperref)                removing `math shift' on input line 10.


Package hyperref Warning: Token not allowed in a PDF string (Unicode):
(hyperref)                removing `\Th' on input line 10.


Package hyperref Warning: Token not allowed in a PDF string (Unicode):
(hyperref)                removing `math shift' on input line 10.

[447]
Overfull \vbox (0.6609pt too high) has occurred while \output is active []


[448])
(./content/incompleteness/representability-in-q/composition-representable.tex

Package hyperref Warning: Token not allowed in a PDF string (Unicode):
(hyperref)                removing `math shift' on input line 10.


Package hyperref Warning: Token not allowed in a PDF string (Unicode):
(hyperref)                removing `\Th' on input line 10.


Package hyperref Warning: Token not allowed in a PDF string (Unicode):
(hyperref)                removing `math shift' on input line 10.


Overfull \vbox (0.6609pt too high) has occurred while \output is active []


[449]
Overfull \hbox (19.39421pt too wide) in paragraph at lines 74--78
[]\TU/Scheherazade-Regular.ttf(0)/m/it/10 إذا كانت $\OML/cmm/m/it/10 '[]
\OT1/cmr/m/n/10 (\OML/cmm/m/it/10 y[]; [] ; y[]; z\OT1/cmr/m/n/10 )$ \TU/Schehe
razade-Regular.ttf(0)/m/it/10 تمثل $\OML/cmm/m/it/10 f\OT1/cmr/m/n/10 (\OML
/cmm/m/it/10 y[]; [] ; y[]\OT1/cmr/m/n/10 )$ \TU/Scheherazade-Regular.ttf(0)/m/
it/10 في $\TU/TeXGyrePagella(0)/b/n/10 Q$\TU/Scheherazade-Regular.ttf(0)/m/it
/10 ، وكانت $\OML/cmm/m/it/10 '[]\OT1/cmr/m/n/10 (\OML/cmm/m/it/10 x[]; [
] ; x[]; y\OT1/cmr/m/n/10 )$
 []

)
(./content/incompleteness/representability-in-q/minimization-representable.tex

Package hyperref Warning: Token not allowed in a PDF string (Unicode):
(hyperref)                removing `math shift' on input line 10.


Package hyperref Warning: Token not allowed in a PDF string (Unicode):
(hyperref)                removing `\Th' on input line 10.


Package hyperref Warning: Token not allowed in a PDF string (Unicode):
(hyperref)                removing `math shift' on input line 10.


Overfull \vbox (0.6609pt too high) has occurred while \output is active []


[450]
Overfull \vbox (0.6609pt too high) has occurred while \output is active []


[451]
Overfull \vbox (0.6609pt too high) has occurred while \output is active []


[452]) (./content/incompleteness/representability-in-q/comp-representable.tex

Package hyperref Warning: Token not allowed in a PDF string (Unicode):
(hyperref)                removing `math shift' on input line 10.


Package hyperref Warning: Token not allowed in a PDF string (Unicode):
(hyperref)                removing `\Th' on input line 10.


Package hyperref Warning: Token not allowed in a PDF string (Unicode):
(hyperref)                removing `math shift' on input line 10.

) (./content/incompleteness/representability-in-q/representing-relations.tex
Overfull \vbox (0.6609pt too high) has occurred while \output is active []


[453]
Overfull \hbox (21.40337pt too wide) in paragraph at lines 16--23
[]\TU/Scheherazade-Regular.ttf(0)/m/sc/10 تكون العلاقة $\OML/cmm/m/i
t/10 R\OT1/cmr/m/n/10 (\OML/cmm/m/it/10 x[]; [] ; x[]\OT1/cmr/m/n/10 )$ \TU/Sch
eherazade-Regular.ttf(0)/m/sc/10 على الأعداد الطبيعية \TU/Sch
eherazade-Regular.ttf(0)/m/it/10 قابلة للتمثيل في $\TU/TeXGyrePag
ella(0)/b/n/10 Q$ \TU/Scheherazade-Regular.ttf(0)/m/sc/10 إذا وُجدت ص
يغة $\OML/cmm/m/it/10 '[]\OT1/cmr/m/n/10 (\OML/cmm/m/it/10 x[]; [] ; x[]\OT1
/cmr/m/n/10 )$
 []


Overfull \hbox (37.24617pt too wide) in paragraph at lines 38--50
\TU/Scheherazade-Regular.ttf(0)/m/sc/10 هي الصيغة $\OML/cmm/m/it/10 '[]
\OT1/cmr/m/n/10 (\OML/cmm/m/it/10 x[]; [] ; x[]; []\OT1/cmr/m/n/10 )$\TU/Schehe
razade-Regular.ttf(0)/m/sc/10 . عندئذ، لأي $\OML/cmm/m/it/10 n[]$\TU/S
cheherazade-Regular.ttf(0)/m/sc/10 ، …، $\OML/cmm/m/it/10 n[]$\TU/Scheheraz
ade-Regular.ttf(0)/m/sc/10 ، إذا صدقت $\OML/cmm/m/it/10 R\OT1/cmr/m/n/1
0 (\OML/cmm/m/it/10 n[]; [] ; n[]\OT1/cmr/m/n/10 )$\TU/Scheherazade-Regular.ttf
(0)/m/sc/10 ، كانت $\OML/cmm/m/it/10 []\OT1/cmr/m/n/10 (\OML/cmm/m/it/10 
n[]; [] ; n[]\OT1/cmr/m/n/10 ) =
 []

) (./content/incompleteness/representability-in-q/undecidability.tex
Overfull \vbox (0.6609pt too high) has occurred while \output is active []


[454]) (./content/incompleteness/representability-in-q/sigma1-completeness.tex
[455]
Overfull \vbox (0.6609pt too high) has occurred while \output is active []


[456])
(<WORKSPACE_ROOT>/03_projects/language_management/arabic
_persianate_rtl/03_working_translations/openlogic/ar/locale/ar/output-release/o
pen-logic-complete-ar.prb))
(./content/incompleteness/theories-computability/theories-computability.tex
[457]
Overfull \vbox (0.6609pt too high) has occurred while \output is active []


[458]
\bbl@ensure@arabic {باب} 36.
Output from handle open-logic-complete-ar going to open-logic-complete-ar.prb

\openout6 = open-logic-complete-ar.prb
(./content/incompleteness/theories-computability/introduction.tex)
(./content/incompleteness/theories-computability/q-is-ce.tex

Package hyperref Warning: Token not allowed in a PDF string (Unicode):
(hyperref)                removing `math shift' on input line 11.


Package hyperref Warning: Token not allowed in a PDF string (Unicode):
(hyperref)                removing `\Th' on input line 11.


Package hyperref Warning: Token not allowed in a PDF string (Unicode):
(hyperref)                removing `math shift' on input line 11.

[459

])
(./content/incompleteness/theories-computability/oconsis-ext-of-q-undec.tex

Package hyperref Warning: Token not allowed in a PDF string (Unicode):
(hyperref)                removing `math shift' on input line 11.


Package hyperref Warning: Token not allowed in a PDF string (Unicode):
(hyperref)                removing `\Th' on input line 11.


Package hyperref Warning: Token not allowed in a PDF string (Unicode):
(hyperref)                removing `math shift' on input line 11.


Package hyperref Warning: Token not allowed in a PDF string (Unicode):
(hyperref)                removing `math shift' on input line 11.


Package hyperref Warning: Token not allowed in a PDF string (Unicode):
(hyperref)                removing `\omega' on input line 11.


Package hyperref Warning: Token not allowed in a PDF string (Unicode):
(hyperref)                removing `math shift' on input line 11.

)
(./content/incompleteness/theories-computability/extensions-of-q-not-decidable.
tex

Package hyperref Warning: Token not allowed in a PDF string (Unicode):
(hyperref)                removing `math shift' on input line 11.


Package hyperref Warning: Token not allowed in a PDF string (Unicode):
(hyperref)                removing `\Th' on input line 11.


Package hyperref Warning: Token not allowed in a PDF string (Unicode):
(hyperref)                removing `math shift' on input line 11.

[460])
(./content/incompleteness/theories-computability/computably-axiomatizable.tex)
(./content/incompleteness/theories-computability/complete-decidable.tex
Package cleveref Info: loaded `english' language definitions on input line 34.
Package cleveref Info: loaded `english' language definitions on input line 36.

[461])
(./content/incompleteness/theories-computability/first-incompleteness.tex

Package hyperref Warning: Token not allowed in a PDF string (Unicode):
(hyperref)                removing `math shift' on input line 11.


Package hyperref Warning: Token not allowed in a PDF string (Unicode):
(hyperref)                removing `\Th' on input line 11.


Package hyperref Warning: Token not allowed in a PDF string (Unicode):
(hyperref)                removing `math shift' on input line 11.


Package hyperref Warning: Token not allowed in a PDF string (Unicode):
(hyperref)                removing `\@printtoken' on input line 11.


Package hyperref Warning: Token not allowed in a PDF string (Unicode):
(hyperref)                removing `superscript' on input line 11.

) (./content/incompleteness/theories-computability/inseparability.tex

Package hyperref Warning: Token not allowed in a PDF string (Unicode):
(hyperref)                removing `math shift' on input line 11.


Package hyperref Warning: Token not allowed in a PDF string (Unicode):
(hyperref)                removing `\Th' on input line 11.


Package hyperref Warning: Token not allowed in a PDF string (Unicode):
(hyperref)                removing `math shift' on input line 11.

Package cleveref Info: loaded `english' language definitions on input line 14.
Package cleveref Info: loaded `english' language definitions on input line 16.
Package cleveref Info: loaded `english' language definitions on input line 22.
Package cleveref Info: loaded `english' language definitions on input line 27.
Package cleveref Info: loaded `english' language definitions on input line 41.
) (./content/incompleteness/theories-computability/consis-with-q.tex

Package hyperref Warning: Token not allowed in a PDF string (Unicode):
(hyperref)                removing `math shift' on input line 11.


Package hyperref Warning: Token not allowed in a PDF string (Unicode):
(hyperref)                removing `\Th' on input line 11.


Package hyperref Warning: Token not allowed in a PDF string (Unicode):
(hyperref)                removing `math shift' on input line 11.

[462]
Package cleveref Info: loaded `english' language definitions on input line 31.
Package cleveref Info: loaded `english' language definitions on input line 36.
Package cleveref Info: loaded `english' language definitions on input line 44.
) (./content/incompleteness/theories-computability/interpretability.tex

Package hyperref Warning: Token not allowed in a PDF string (Unicode):
(hyperref)                removing `math shift' on input line 11.


Package hyperref Warning: Token not allowed in a PDF string (Unicode):
(hyperref)                removing `\Th' on input line 11.


Package hyperref Warning: Token not allowed in a PDF string (Unicode):
(hyperref)                removing `math shift' on input line 11.

Package cleveref Info: loaded `english' language definitions on input line 26.
[463]))
(./content/incompleteness/incompleteness-provability/incompleteness-provability
.tex [464]
\bbl@ensure@arabic {باب} 37.
Output from handle open-logic-complete-ar going to open-logic-complete-ar.prb

\openout6 = open-logic-complete-ar.prb
(./content/incompleteness/incompleteness-provability/introduction.tex [465

])
(./content/incompleteness/incompleteness-provability/fixed-point-lemma.tex
Overfull \hbox (11.39108pt too wide) in paragraph at lines 83--86
[]\TU/Scheherazade-Regular.ttf(0)/m/sc/10 إذا أعطيت $\OML/cmm/m/it/10  \OT1/cmr/m/n/10 (\OML/cmm/m/it/10 x\OT1/cmr/m/n/10 )$\TU/Scheherazade-Regular.ttf(0)/m/sc/10 
، فلتكن $\OML/cmm/m/it/10 \OT1/cmr/m/n/10 (\OML/cmm/m/it/10 x\OT1/cmr/m/
n/10 )$ \TU/Scheherazade-Regular.ttf(0)/m/sc/10 الصيغة $\OMS/cmsy/m/n/10 
9\OML/cmm/m/it/10 y \OT1/cmr/m/n/10 (\OML/cmm/m/it/10 []\OT1/cmr/m/n/10 (\OML/
cmm/m/it/10 x; y\OT1/cmr/m/n/10 ) \OMS/cmsy/m/n/10 ^ \OML/cmm/m/it/10  \OT1/cmr
/m/n/10 (\OML/cmm/m/it/10 y\OT1/cmr/m/n/10 ))$\TU/Scheherazade-Regular.ttf(0)/m
/sc/10 ، ولتكن $\OML/cmm/m/it/10 '$ \TU/Scheherazade-Regular.ttf(0)/m/sc/
10 قطرها؛ أي الصيغة $\OML/cmm/m/it/10 \OT1/cmr/m/n/10 ([][][])$\
TU/Scheherazade-Regular.ttf(0)/m/sc/10 . 
 []

[466])
(./content/incompleteness/incompleteness-provability/first-incompleteness-thm.t
ex
Overfull \hbox (7.77504pt too wide) in paragraph at lines 38--43
[]\TU/Scheherazade-Regular.ttf(0)/m/sc/10 لتكن $\TU/TeXGyrePagella(0)/b/n/1
0 T$ \TU/Scheherazade-Regular.ttf(0)/m/sc/10 نظرية قابلة للمحو
رة تحتوي $\TU/TeXGyrePagella(0)/b/n/10 Q$\TU/Scheherazade-Regular.ttf(0)
/m/sc/10 . عندئذ تكون $[][]\OT1/cmr/m/n/10 (\OML/cmm/m/it/10 x; y\OT1/
cmr/m/n/10 )$ \TU/Scheherazade-Regular.ttf(0)/m/sc/10 قابلة للقرار
، ومن ثم تمثلها في $\TU/TeXGyrePagella(0)/b/n/10 Q$  \TU/Schehera
zade-Regular.ttf(0)/m/sc/10 صيغة $[][]\OT1/cmr/m/n/10 (\OML/cmm/m/it/10 x; 
y\OT1/cmr/m/n/10 )$\TU/Scheherazade-Regular.ttf(0)/m/sc/10 .
 []

[467]) (./content/incompleteness/incompleteness-provability/rosser-thm.tex
[468]) (./content/incompleteness/incompleteness-provability/godels-paper.tex
[469])
(./content/incompleteness/incompleteness-provability/provability-conditions.tex

Package hyperref Warning: Token not allowed in a PDF string (Unicode):
(hyperref)                removing `math shift' on input line 11.


Package hyperref Warning: Token not allowed in a PDF string (Unicode):
(hyperref)                removing `\Th' on input line 11.


Package hyperref Warning: Token not allowed in a PDF string (Unicode):
(hyperref)                removing `math shift' on input line 11.

)
(./content/incompleteness/incompleteness-provability/second-incompleteness-thm.
tex [470]
Underfull \vbox (badness 10000) has occurred while \output is active []

 [471])
(./content/incompleteness/incompleteness-provability/lob-thm.tex [472]
Overfull \hbox (6.55391pt too wide) in paragraph at lines 87--93
[]\TU/Scheherazade-Regular.ttf(0)/m/sc/10 افترض أن $\OML/cmm/m/it/10 '$ 
 \TU/Scheherazade-Regular.ttf(0)/m/sc/10 جملة بحيث إن $\TU/TeXGyrePag
ella(0)/b/n/10 T$ \TU/Scheherazade-Regular.ttf(0)/m/sc/10 يشتق $[][]\OT1/cm
r/m/n/10 ([][][]) [] \OML/cmm/m/it/10 '$\TU/Scheherazade-Regular.ttf(0)/m/sc/10
 . ولتكن $\OML/cmm/m/it/10  \OT1/cmr/m/n/10 (\OML/cmm/m/it/10 y\OT1/cmr/m/
n/10 )$ \TU/Scheherazade-Regular.ttf(0)/m/sc/10 الـصيغة  $[][]\OT1/cmr/m
/n/10 (\OML/cmm/m/it/10 y\OT1/cmr/m/n/10 ) []
 []

[473]) (./content/incompleteness/incompleteness-provability/tarski-thm.tex
[474] [475])
(<WORKSPACE_ROOT>/03_projects/language_management/arabic
_persianate_rtl/03_working_translations/openlogic/ar/locale/ar/output-release/o
pen-logic-complete-ar.prb)))
(./content/second-order-logic/second-order-logic.tex [476] [477

]
(./content/second-order-logic/syntax-and-semantics/syntax-and-semantics.tex
[478]
\bbl@ensure@arabic {باب} 38.
Output from handle open-logic-complete-ar going to open-logic-complete-ar.prb

\openout6 = open-logic-complete-ar.prb
(./content/second-order-logic/syntax-and-semantics/introduction.tex)
(./content/second-order-logic/syntax-and-semantics/terms-formulas.tex [479

]
Overfull \hbox (6.1547pt too wide) in paragraph at lines 65--69
[]\TU/Scheherazade-Regular.ttf(0)/m/sc/10 تعرف مجموعة \TU/Scheherazad
e-Regular.ttf(0)/m/it/10 صيغ الرتبة الثانية $[][]\OT1/cmr/m/n/1
0 (\OMS/cmsy/m/n/10 L\OT1/cmr/m/n/10 )$ \TU/Scheherazade-Regular.ttf(0)/m/sc/10
 للغة $\OMS/cmsy/m/n/10 L$ \TU/Scheherazade-Regular.ttf(0)/m/sc/10 بإض
افة البنود الآتية إلى [][]تعريف 15.5[][]: 
 []


Overfull \hbox (0.89136pt too wide) in paragraph at lines 69--72
[]\TU/Scheherazade-Regular.ttf(0)/m/sc/10 إذا كان $\OML/cmm/m/it/10 X$ \T
U/Scheherazade-Regular.ttf(0)/m/sc/10 متغيرًا محموليًا ذا $\OM
L/cmm/m/it/10 n$ \TU/Scheherazade-Regular.ttf(0)/m/sc/10 مواضع، وكان
ت $\OML/cmm/m/it/10 t[]$\TU/Scheherazade-Regular.ttf(0)/m/sc/10 ، و…، و$
\OML/cmm/m/it/10 t[]$ \TU/Scheherazade-Regular.ttf(0)/m/sc/10 حدودًا م
ن الرتبة الثانية للغة $\OMS/cmsy/m/n/10 L$\TU/Scheherazade-Re
gular.ttf(0)/m/sc/10 ، فإن $\OML/cmm/m/it/10 X\OT1/cmr/m/n/10 (\OML/cmm/m/i
t/10 t[]; [] ; t[]\OT1/cmr/m/n/10 )$
 []

) (./content/second-order-logic/syntax-and-semantics/satisfaction.tex [480]
[481]) (./content/second-order-logic/syntax-and-semantics/semantic-notions.tex) (./content/second-order-logic/syntax-and-semantics/expressive-power.tex
[482]) (./content/second-order-logic/syntax-and-semantics/inf-count.tex
[483] [484])
(<WORKSPACE_ROOT>/03_projects/language_management/arabic
_persianate_rtl/03_working_translations/openlogic/ar/locale/ar/output-release/o
pen-logic-complete-ar.prb
Overfull \hbox (5.37465pt too wide) in paragraph at lines 21--25
[]\TU/Scheherazade-Regular.ttf(0)/m/sc/10 تصدق الـجملة $[] \OMS/cmsy
/m/n/10 ^ []$ \TU/Scheherazade-Regular.ttf(0)/m/sc/10 في جميع المجا
لات الـ لا نهائية قابلة للتعداد وفيها وحده
ا. عدّل تعريف $[]$
 []

)) (./content/second-order-logic/metatheory/metatheory.tex [485]
\bbl@ensure@arabic {باب} 39.
Output from handle open-logic-complete-ar going to open-logic-complete-ar.prb

\openout6 = open-logic-complete-ar.prb
(./content/second-order-logic/metatheory/introduction.tex)
(./content/second-order-logic/metatheory/second-order-arithmetic.tex
Underfull \vbox (badness 1189) has occurred while \output is active []

 [486

]
[487])
(./content/second-order-logic/metatheory/undecidability-and-axiomatizability.te
x) (./content/second-order-logic/metatheory/compactness.tex [488])
(./content/second-order-logic/metatheory/loewenheim-skolem.tex)
(<WORKSPACE_ROOT>/03_projects/language_management/arabic
_persianate_rtl/03_working_translations/openlogic/ar/locale/ar/output-release/o
pen-logic-complete-ar.prb))
(./content/second-order-logic/sol-and-set-theory/sol-and-set-theory.tex
Overfull \vbox (0.6609pt too high) has occurred while \output is active []


[489]
\bbl@ensure@arabic {باب} 40.
Output from handle open-logic-complete-ar going to open-logic-complete-ar.prb

\openout6 = open-logic-complete-ar.prb
(./content/second-order-logic/sol-and-set-theory/introduction.tex)
(./content/second-order-logic/sol-and-set-theory/comparing-sets.tex [490

])
(./content/second-order-logic/sol-and-set-theory/cardinalities.tex [491])
(./content/second-order-logic/sol-and-set-theory/power-of-continuum.tex
[492]))) (./content/lambda-calculus/lambda-calculus.tex [493] [494

]
(./content/lambda-calculus/introduction/introduction.tex [495]
\bbl@ensure@arabic {باب} 41.
Output from handle open-logic-complete-ar going to open-logic-complete-ar.prb

\openout6 = open-logic-complete-ar.prb
(./content/lambda-calculus/introduction/overview.tex [496

])
(./content/lambda-calculus/introduction/syntax.tex
Package hyperref Info: bookmark level for unknown conv defaults to 0 on input l
ine 31.

Overfull \hbox (40.66629pt too wide) in paragraph at lines 34--36
[]\TU/Scheherazade-Regular.ttf(0)/m/sc/10 وكذلك، حين تحذف الأ
قواس، يعطى تجريد لامبدا أوسع مجال ممكن. فمث
لًا، تقرأ $\OML/cmm/m/it/10 x: MNP$ \TU/Scheherazade-Regular.ttf(0)/m/
sc/10 على أنها $\OT1/cmr/m/n/10 (\OML/cmm/m/it/10 x: \OT1/cmr/m/n/10 ((\OML/cmm/m/it/10 MN\OT1/cmr/m/n/10 )\OML/cmm/m/it/10 P\OT1/cmr/m/n/10 ))$\TU/Scheherazade-Regular.ttf(0)/m/sc/10 . 
 []

) (./content/lambda-calculus/introduction/reduction.tex [497])
(./content/lambda-calculus/introduction/church-rosser.tex [498])
(./content/lambda-calculus/introduction/currying.tex) [499]
(./content/lambda-calculus/introduction/lambda-definability.tex)
(./content/lambda-calculus/introduction/lambda-computable.tex
Overfull \hbox (1.01276pt too wide) in paragraph at lines 25--34
\TU/Scheherazade-Regular.ttf(0)/m/sc/10 لإجراء البحث هذا. فيم
كن، مثلًا، تعريف متتالية من الدوال والعلاق
ات العودية البدائية: ``$[]$'' و``$[]$''
 []

) (./content/lambda-calculus/introduction/computable-lambda.tex [500])
(./content/lambda-calculus/introduction/basic-pr-lambda.tex)
(./content/lambda-calculus/introduction/composition.tex)
(./content/lambda-calculus/introduction/primitive-recursion.tex [501] [502])
(./content/lambda-calculus/introduction/fixed-point-combinator.tex [503])
(./content/lambda-calculus/introduction/minimization.tex [504]))
(./content/lambda-calculus/syntax/syntax.tex [505]
\bbl@ensure@arabic {باب} 42.
Output from handle open-logic-complete-ar going to open-logic-complete-ar.prb

\openout6 = open-logic-complete-ar.prb
(./content/lambda-calculus/syntax/terms.tex)
(./content/lambda-calculus/syntax/unique-readability.tex [506

])
(./content/lambda-calculus/syntax/abbreviated-syntax.tex
Overfull \hbox (2.48851pt too wide) in paragraph at lines 18--20
[]\TU/Scheherazade-Regular.ttf(0)/m/sc/10 عند حذف الأقواس، يج
ري التطبيق من اليسار إلى اليمين. فمثلًا، إذ
ا كانت $\OML/cmm/m/it/10 M$ \TU/Scheherazade-Regular.ttf(0)/m/sc/10 و$\OM
L/cmm/m/it/10 N$ \TU/Scheherazade-Regular.ttf(0)/m/sc/10 و$\OML/cmm/m/it/10 P$
 \TU/Scheherazade-Regular.ttf(0)/m/sc/10 و $\OML/cmm/m/it/10 Q$ \TU/Scheheraza
de-Regular.ttf(0)/m/sc/10 حدودًا، كان $\OML/cmm/m/it/10 MNPQ$
 []


Overfull \hbox (12.45966pt too wide) in paragraph at lines 20--22
[]\TU/Scheherazade-Regular.ttf(0)/m/sc/10 وعند حذف الأقواس أي
ضًا، يعطى تجريد لامبدا أوسع مجال ممكن. فمثل
ًا، تقرأ $\OML/cmm/m/it/10 x: MNP$ \TU/Scheherazade-Regular.ttf(0)/m/sc
/10 على أنها $\OT1/cmr/m/n/10 (\OML/cmm/m/it/10 x: MNP\OT1/cmr/m/n/10 )$\TU/Scheherazade-Regular.ttf(0)/m/sc/10 . 
 []

) (./content/lambda-calculus/syntax/free-variables.tex [507])
(./content/lambda-calculus/syntax/substitution.tex [508] [509])
(./content/lambda-calculus/syntax/alpha.tex

Package hyperref Warning: Token not allowed in a PDF string (Unicode):
(hyperref)                removing `math shift' on input line 10.


Package hyperref Warning: Token not allowed in a PDF string (Unicode):
(hyperref)                removing `\alpha' on input line 10.


Package hyperref Warning: Token not allowed in a PDF string (Unicode):
(hyperref)                removing `math shift' on input line 10.


Overfull \hbox (2.65887pt too wide) in paragraph at lines 18--20
[]\TU/Scheherazade-Regular.ttf(0)/m/sc/10 إذا احتوى حد $\OML/cmm/m/it
/10 M$ \TU/Scheherazade-Regular.ttf(0)/m/sc/10 واقعةً لـ$\OML/cmm/m/it/
10 x: N$\TU/Scheherazade-Regular.ttf(0)/m/sc/10 ، وكان $\OML/cmm/m/it/10 
y [] []\OT1/cmr/m/n/10 (\OML/cmm/m/it/10 N\OT1/cmr/m/n/10 )$\TU/Scheherazade-Re
gular.ttf(0)/m/sc/10 ، وكان $\OML/cmm/m/it/10 N\OT1/cmr/m/n/10 [\OML/cmm/m
/it/10 y\OT1/cmr/m/n/10 /\OML/cmm/m/it/10 x\OT1/cmr/m/n/10 ]$
 []

[510] [511] [512]) (./content/lambda-calculus/syntax/de-bruijn.tex [513])
(./content/lambda-calculus/syntax/term-revisited.tex

Package hyperref Warning: Token not allowed in a PDF string (Unicode):
(hyperref)                removing `math shift' on input line 10.


Package hyperref Warning: Token not allowed in a PDF string (Unicode):
(hyperref)                removing `\alpha' on input line 10.


Package hyperref Warning: Token not allowed in a PDF string (Unicode):
(hyperref)                removing `math shift' on input line 10.

[514]) (./content/lambda-calculus/syntax/beta.tex

Package hyperref Warning: Token not allowed in a PDF string (Unicode):
(hyperref)                removing `math shift' on input line 10.


Package hyperref Warning: Token not allowed in a PDF string (Unicode):
(hyperref)                removing `\beta' on input line 10.


Package hyperref Warning: Token not allowed in a PDF string (Unicode):
(hyperref)                removing `math shift' on input line 10.

[515] [516]) (./content/lambda-calculus/syntax/eta.tex

Package hyperref Warning: Token not allowed in a PDF string (Unicode):
(hyperref)                removing `math shift' on input line 10.


Package hyperref Warning: Token not allowed in a PDF string (Unicode):
(hyperref)                removing `\eta' on input line 10.


Package hyperref Warning: Token not allowed in a PDF string (Unicode):
(hyperref)                removing `math shift' on input line 10.

[517])
(<WORKSPACE_ROOT>/03_projects/language_management/arabic
_persianate_rtl/03_working_translations/openlogic/ar/locale/ar/output-release/o
pen-logic-complete-ar.prb [518]))
(./content/lambda-calculus/church-rosser/church-rosser.tex [519]
\bbl@ensure@arabic {باب} 43.
Output from handle open-logic-complete-ar going to open-logic-complete-ar.prb

\openout6 = open-logic-complete-ar.prb
(./content/lambda-calculus/church-rosser/definitions-and-properties.tex
[520

]) (./content/lambda-calculus/church-rosser/parallel-beta-reduction.tex

Package hyperref Warning: Token not allowed in a PDF string (Unicode):
(hyperref)                removing `math shift' on input line 11.


Package hyperref Warning: Token not allowed in a PDF string (Unicode):
(hyperref)                removing `\beta' on input line 11.


Package hyperref Warning: Token not allowed in a PDF string (Unicode):
(hyperref)                removing `math shift' on input line 11.

[521]
Overfull \hbox (18.90656pt too wide) in paragraph at lines 95--102
[]\TU/Scheherazade-Regular.ttf(0)/m/sc/10 الخطوة الأخيرة هي [][]
(4)[][]: يكون $\OML/cmm/m/it/10 M$ \TU/Scheherazade-Regular.ttf(0)/m/sc/10 
هو $\OT1/cmr/m/n/10 (\OML/cmm/m/it/10 x: N\OT1/cmr/m/n/10 )\OML/cmm/m/it/10 
Q$ \TU/Scheherazade-Regular.ttf(0)/m/sc/10 و$\OML/cmm/m/it/10 M[]$ \TU/Scheher
azade-Regular.ttf(0)/m/sc/10 هو $\OML/cmm/m/it/10 N[]\OT1/cmr/m/n/10 [\OML/cm
m/m/it/10 Q[]\OT1/cmr/m/n/10 /\OML/cmm/m/it/10 x\OT1/cmr/m/n/10 ]$\TU/Scheheraz
ade-Regular.ttf(0)/m/sc/10 . نريد إثبات $\OT1/cmr/m/n/10 ((\OML/cmm/m/
it/10 x: N\OT1/cmr/m/n/10 )\OML/cmm/m/it/10 Q\OT1/cmr/m/n/10 )[\OML/cmm/m/it/1
0 R\OT1/cmr/m/n/10 /\OML/cmm/m/it/10 y\OT1/cmr/m/n/10 ] []
 []


Overfull \hbox (8.85414pt too wide) in paragraph at lines 116--122
[]\TU/Scheherazade-Regular.ttf(0)/m/sc/10 القاعدة الأخيرة هي []
[](2)[][]: يكون $\OML/cmm/m/it/10 M$ \TU/Scheherazade-Regular.ttf(0)/m/sc/1
0 هو $\OML/cmm/m/it/10 x: N$ \TU/Scheherazade-Regular.ttf(0)/m/sc/10 و$\OML
/cmm/m/it/10 M[]$ \TU/Scheherazade-Regular.ttf(0)/m/sc/10 هو $\OML/cmm/m/it/1
0 x: N[]$\TU/Scheherazade-Regular.ttf(0)/m/sc/10 ، مع $\OML/cmm/m/it/10 N [
] N[]$\TU/Scheherazade-Regular.ttf(0)/m/sc/10 . نريد بيان أن $\OML/cm
m/m/it/10 x: N[] []
 []

[522]) (./content/lambda-calculus/church-rosser/beta-reduction.tex

Package hyperref Warning: Token not allowed in a PDF string (Unicode):
(hyperref)                removing `math shift' on input line 11.


Package hyperref Warning: Token not allowed in a PDF string (Unicode):
(hyperref)                removing `\beta' on input line 11.


Package hyperref Warning: Token not allowed in a PDF string (Unicode):
(hyperref)                removing `math shift' on input line 11.

[523]) (./content/lambda-calculus/church-rosser/parallel-beta-eta-reduction.tex

Package hyperref Warning: Token not allowed in a PDF string (Unicode):
(hyperref)                removing `math shift' on input line 11.


Package hyperref Warning: Token not allowed in a PDF string (Unicode):
(hyperref)                removing `\beta' on input line 11.


Package hyperref Warning: Token not allowed in a PDF string (Unicode):
(hyperref)                removing `\eta' on input line 11.


Package hyperref Warning: Token not allowed in a PDF string (Unicode):
(hyperref)                removing `math shift' on input line 11.


Overfull \hbox (22.28627pt too wide) detected at line 58
[]
 []


Overfull \hbox (8.58101pt too wide) in paragraph at lines 71--79
\OML/cmm/m/it/10 x: Nx$ \TU/Scheherazade-Regular.ttf(0)/m/sc/10 و$\OML/cmm/m/
it/10 M[]$ \TU/Scheherazade-Regular.ttf(0)/m/sc/10 هو $\OML/cmm/m/it/10 N[]$ 
\TU/Scheherazade-Regular.ttf(0)/m/sc/10 لبعض $\OML/cmm/m/it/10 x$ \TU/Scheh
erazade-Regular.ttf(0)/m/sc/10 و$\OML/cmm/m/it/10 N[]$\TU/Scheherazade-Regular
.ttf(0)/m/sc/10 ، حيث $\OML/cmm/m/it/10 x [] []\OT1/cmr/m/n/10 (\OML/cmm/m/
it/10 N\OT1/cmr/m/n/10 )$ \TU/Scheherazade-Regular.ttf(0)/m/sc/10 و$\OML/cmm/m
/it/10 N [] N[]$\TU/Scheherazade-Regular.ttf(0)/m/sc/10 . نريد بيان أ
ن $\OT1/cmr/m/n/10 (\OML/cmm/m/it/10 x: Nx\OT1/cmr/m/n/10 )[\OML/cmm/m/it/10 
R\OT1/cmr/m/n/10 /\OML/cmm/m/it/10 y\OT1/cmr/m/n/10 ] []
 []

[524]) (./content/lambda-calculus/church-rosser/beta-eta-reduction.tex

Package hyperref Warning: Token not allowed in a PDF string (Unicode):
(hyperref)                removing `math shift' on input line 11.


Package hyperref Warning: Token not allowed in a PDF string (Unicode):
(hyperref)                removing `\beta' on input line 11.


Package hyperref Warning: Token not allowed in a PDF string (Unicode):
(hyperref)                removing `\eta' on input line 11.


Package hyperref Warning: Token not allowed in a PDF string (Unicode):
(hyperref)                removing `math shift' on input line 11.

)
(<WORKSPACE_ROOT>/03_projects/language_management/arabic
_persianate_rtl/03_working_translations/openlogic/ar/locale/ar/output-release/o
pen-logic-complete-ar.prb [525]))
(./content/lambda-calculus/lambda-definability/lambda-definability.tex [526]
\bbl@ensure@arabic {باب} 44.
Output from handle open-logic-complete-ar going to open-logic-complete-ar.prb

\openout6 = open-logic-complete-ar.prb
(./content/lambda-calculus/lambda-definability/introduction.tex [527

])
(./content/lambda-calculus/lambda-definability/arithmetical-functions.tex
[528]) (./content/lambda-calculus/lambda-definability/pairs.tex [529])
(./content/lambda-calculus/lambda-definability/truth-values.tex [530])
(./content/lambda-calculus/lambda-definability/primitive-recursive-functions.te
x [531]
Overfull \hbox (14.79636pt too wide) in paragraph at lines 69--73
\TU/Scheherazade-Regular.ttf(0)/m/sc/10 وبعبارة غير صورية، ي
كرر التعريف بالعودية البدائية تحديث الحال
ة الذي تحدده الدالة $\OML/cmm/m/it/10 g$ \TU/Scheherazade-Regul
ar.ttf(0)/m/sc/10 عدد $\OML/cmm/m/it/10 y$ \TU/Scheherazade-Regular.ttf(0)/m
/sc/10 من المرات، بدءًا من $\OML/cmm/m/it/10 f\OT1/cmr/m/n/10 (\OML/cmm/m/it/10 x[]; [] ; x[]\OT1/cmr/m/n/10 )$\TU/Scheherazade-Regular.ttf(0)/m/sc/10 .
 []


Overfull \hbox (47.745pt too wide) in paragraph at lines 103--108
[]\TU/Scheherazade-Regular.ttf(0)/m/sc/10 والآن افترض أن $\OML/cmm/
m/it/10 D[]\OMS/cmsy/m/n/10 h[]\OML/cmm/m/it/10 ; F []\OMS/cmsy/m/n/10 i [][]! 
h[]\OML/cmm/m/it/10 ; []\OMS/cmsy/m/n/10 i$\TU/Scheherazade-Regular.ttf(0)/m/sc
/10 . نريد أن نبين أن $\OML/cmm/m/it/10 D[]\OMS/cmsy/m/n/10 h[]\OML
/cmm/m/it/10 ; F []\OMS/cmsy/m/n/10 i [][]! h[]\OML/cmm/m/it/10 ; []\OMS/cmsy/m
/n/10 i$\TU/Scheherazade-Regular.ttf(0)/m/sc/10 . 
 []


Underfull \vbox (badness 2799) has occurred while \output is active []

 [532])
(./content/lambda-calculus/lambda-definability/fixpoints.tex [533] [534])
(./content/lambda-calculus/lambda-definability/minimization.tex [535])
(./content/lambda-calculus/lambda-definability/partial-recursive-functions.tex
[536])
(./content/lambda-calculus/lambda-definability/lambda-definable-recursive.tex
Overfull \hbox (14.13165pt too wide) in paragraph at lines 30--38
\TU/Scheherazade-Regular.ttf(0)/m/sc/10 لنحصل على عدد غودل لل
حد $\OML/cmm/m/it/10 F[] [] []$\TU/Scheherazade-Regular.ttf(0)/m/sc/10 . و
بعد ذلك نطبق $[]$ في عدد غودل هذا. فإذا كانت $\OM
L/cmm/m/it/10 f\OT1/cmr/m/n/10 (\OML/cmm/m/it/10 n[]; [] ; n[]\OT1/cmr/m/n/10 )$
 []

)
(<WORKSPACE_ROOT>/03_projects/language_management/arabic
_persianate_rtl/03_working_translations/openlogic/ar/locale/ar/output-release/o
pen-logic-complete-ar.prb))) (./content/many-valued-logic/many-valued-logic.tex
[537] [538

]
(./content/many-valued-logic/syntax-and-semantics/syntax-and-semantics.tex
[539]
\bbl@ensure@arabic {باب} 45.
Output from handle open-logic-complete-ar going to open-logic-complete-ar.prb

\openout6 = open-logic-complete-ar.prb
(./content/many-valued-logic/syntax-and-semantics/introduction.tex)
(./content/many-valued-logic/syntax-and-semantics/connectives.tex [540

])
(./content/many-valued-logic/syntax-and-semantics/formulas.tex)
(./content/many-valued-logic/syntax-and-semantics/matrices.tex [541])
(./content/many-valued-logic/syntax-and-semantics/valuations-sat.tex)
(./content/many-valued-logic/syntax-and-semantics/semantic-notions.tex [542])
(./content/many-valued-logic/syntax-and-semantics/sublogics.tex

Package hyperref Warning: Token not allowed in a PDF string (Unicode):
(hyperref)                removing `math shift' on input line 11.


Package hyperref Warning: Token not allowed in a PDF string (Unicode):
(hyperref)                removing `\Log' on input line 11.


Package hyperref Warning: Token not allowed in a PDF string (Unicode):
(hyperref)                removing `math shift' on input line 11.

[543])
(<WORKSPACE_ROOT>/03_projects/language_management/arabic
_persianate_rtl/03_working_translations/openlogic/ar/locale/ar/output-release/o
pen-logic-complete-ar.prb))
(./content/many-valued-logic/three-valued-logics/three-valued-logics.tex
[544]
\bbl@ensure@arabic {باب} 46.
Output from handle open-logic-complete-ar going to open-logic-complete-ar.prb

\openout6 = open-logic-complete-ar.prb
(./content/many-valued-logic/three-valued-logics/introduction.tex)
(./content/many-valued-logic/three-valued-logics/lukasiewicz.tex
Package cleveref Info: loaded `english' language definitions on input line 11.
Package cleveref Info: loaded `english' language definitions on input line 14.
Package cleveref Info: loaded `english' language definitions on input line 14.
Package cleveref Info: loaded `english' language definitions on input line 18.
Package cleveref Info: loaded `english' language definitions on input line 34.
Package cleveref Info: loaded `english' language definitions on input line 36.
 [545

]
Package cleveref Info: loaded `english' language definitions on input line 67.
Package cleveref Info: loaded `english' language definitions on input line 73.
Package cleveref Info: loaded `english' language definitions on input line 90.
Package cleveref Info: loaded `english' language definitions on input line 98.
Package cleveref Info: loaded `english' language definitions on input line 106.

Package cleveref Info: loaded `english' language definitions on input line 120.

Package cleveref Info: loaded `english' language definitions on input line 128.

Package cleveref Info: loaded `english' language definitions on input line 137.

Package cleveref Info: loaded `english' language definitions on input line 178.

 [546]
Package cleveref Info: loaded `english' language definitions on input line 197.

Package cleveref Info: loaded `english' language definitions on input line 232.

)
(./content/many-valued-logic/three-valued-logics/kleene.tex
Overfull \vbox (0.6609pt too high) has occurred while \output is active []


[547]) (./content/many-valued-logic/three-valued-logics/goedel.tex [548]
Package cleveref Info: loaded `english' language definitions on input line 62.
Package cleveref Info: loaded `english' language definitions on input line 65.
Package cleveref Info: loaded `english' language definitions on input line 67.
)
(./content/many-valued-logic/three-valued-logics/multiple-designation.tex

Package hyperref Warning: Token not allowed in a PDF string (Unicode):
(hyperref)                removing `math shift' on input line 11.


Package hyperref Warning: Token not allowed in a PDF string (Unicode):
(hyperref)                removing `math shift' on input line 11.

[549] [550]
Package cleveref Info: loaded `english' language definitions on input line 168.

Package cleveref Info: loaded `english' language definitions on input line 178.

Package cleveref Info: loaded `english' language definitions on input line 178.

)
(<WORKSPACE_ROOT>/03_projects/language_management/arabic
_persianate_rtl/03_working_translations/openlogic/ar/locale/ar/output-release/o
pen-logic-complete-ar.prb
Package cleveref Info: loaded `english' language definitions on input line 6.
Package cleveref Info: loaded `english' language definitions on input line 10.
Package cleveref Info: loaded `english' language definitions on input line 24.
 [551]
Package cleveref Info: loaded `english' language definitions on input line 33.
Package cleveref Info: loaded `english' language definitions on input line 46.
 [552]))
(./content/many-valued-logic/infinite-valued-logics/infinite-valued-logics.tex
[553]
\bbl@ensure@arabic {باب} 47.
Output from handle open-logic-complete-ar going to open-logic-complete-ar.prb

\openout6 = open-logic-complete-ar.prb
(./content/many-valued-logic/infinite-valued-logics/introduction.tex)
(./content/many-valued-logic/infinite-valued-logics/lukasiewicz.tex
Package cleveref Info: loaded `english' language definitions on input line 11.
Package cleveref Info: loaded `english' language definitions on input line 14.
Package cleveref Info: loaded `english' language definitions on input line 17.
Package cleveref Info: loaded `english' language definitions on input line 18.
Package cleveref Info: loaded `english' language definitions on input line 33.
Package cleveref Info: loaded `english' language definitions on input line 33.
Package cleveref Info: loaded `english' language definitions on input line 33.
Package cleveref Info: loaded `english' language definitions on input line 33.
Package cleveref Info: loaded `english' language definitions on input line 33.
Package cleveref Info: loaded `english' language definitions on input line 33.
Package cleveref Info: loaded `english' language definitions on input line 33.
Package cleveref Info: loaded `english' language definitions on input line 33.
 [554

]
Package cleveref Info: loaded `english' language definitions on input line 35.
Package cleveref Info: loaded `english' language definitions on input line 40.
Package cleveref Info: loaded `english' language definitions on input line 41.
Package cleveref Info: loaded `english' language definitions on input line 58.
Package cleveref Info: loaded `english' language definitions on input line 66.
Package cleveref Info: loaded `english' language definitions on input line 74.
Package cleveref Info: loaded `english' language definitions on input line 84.
Package cleveref Info: loaded `english' language definitions on input line 85.
Package cleveref Info: loaded `english' language definitions on input line 98.
)
(./content/many-valued-logic/infinite-valued-logics/goedel.tex [555])
(<WORKSPACE_ROOT>/03_projects/language_management/arabic
_persianate_rtl/03_working_translations/openlogic/ar/locale/ar/output-release/o
pen-logic-complete-ar.prb [556]
Package cleveref Info: loaded `english' language definitions on input line 9.
))
(./content/many-valued-logic/sequent-calculus/sequent-calculus.tex [557]
\bbl@ensure@arabic {باب} 48.
Output from handle open-logic-complete-ar going to open-logic-complete-ar.prb

\openout6 = open-logic-complete-ar.prb
(./content/many-valued-logic/sequent-calculus/introduction.tex)
(./content/many-valued-logic/sequent-calculus/rules-and-proofs.tex [558

]
Package cleveref Info: loaded `english' language definitions on input line 65.
Package cleveref Info: loaded `english' language definitions on input line 71.
)
(./content/many-valued-logic/sequent-calculus/structural-rules.tex [559])
(./content/many-valued-logic/sequent-calculus/propositional-rules.tex
Package cleveref Info: loaded `english' language definitions on input line 20.
 [560]
Package cleveref Info: loaded `english' language definitions on input line 62.
Package cleveref Info: loaded `english' language definitions on input line 89.
Package cleveref Info: loaded `english' language definitions on input line 116.

Package cleveref Info: loaded `english' language definitions on input line 122.

Package cleveref Info: loaded `english' language definitions on input line 128.

Package cleveref Info: loaded `english' language definitions on input line 134.


[561]
Package cleveref Info: loaded `english' language definitions on input line 231.

Package cleveref Info: loaded `english' language definitions on input line 231.

))) (./content/normal-modal-logic/normal-modal-logic.tex [562] [563]
[564

]
(./content/normal-modal-logic/syntax-and-semantics/syntax-and-semantics.tex
[565]
\bbl@ensure@arabic {باب} 49.
Output from handle open-logic-complete-ar going to open-logic-complete-ar.prb

\openout6 = open-logic-complete-ar.prb
(./content/normal-modal-logic/syntax-and-semantics/introduction.tex [566

])
(./content/normal-modal-logic/syntax-and-semantics/language-modal-logic.tex)
(./content/normal-modal-logic/syntax-and-semantics/substitution.tex
Overfull \vbox (0.6609pt too high) has occurred while \output is active []


[567]
Overfull \hbox (24.95332pt too wide) in paragraph at lines 99--99
\TU/Scheherazade-Regular.ttf(0)/m/sc/10 لاحظ أن الإحلال المت
زامن لا يساوي، بوجه عام، الإحلال المتكرر. ف
قارن مثلًا $\OML/cmm/m/it/10 '\OT1/cmr/m/n/10 [\OML/cmm/m/it/10 []\OT
1/cmr/m/n/10 /\OML/cmm/m/it/10 p[]; []\OT1/cmr/m/n/10 /\OML/cmm/m/it/10 p[]\OT
1/cmr/m/n/10 ]$ \TU/Scheherazade-Regular.ttf(0)/m/sc/10 أعلاه بـ $\OT1/c
mr/m/n/10 (\OML/cmm/m/it/10 '\OT1/cmr/m/n/10 [\OML/cmm/m/it/10 []\OT1/cmr/m/n/
10 /\OML/cmm/m/it/10 p[]\OT1/cmr/m/n/10 ])[\OML/cmm/m/it/10 []\OT1/cmr/m/n/10 
/\OML/cmm/m/it/10 p[]\OT1/cmr/m/n/10 ]$\TU/Scheherazade-Regular.ttf(0)/m/sc/10 
،
 []


Overfull \hbox (24.95332pt too wide) in paragraph at lines 99--99
\TU/Scheherazade-Regular.ttf(0)/m/sc/10 لاحظ أن الإحلال المت
زامن لا يساوي، بوجه عام، الإحلال المتكرر. ف
قارن مثلًا $\OML/cmm/m/it/10 '\OT1/cmr/m/n/10 [\OML/cmm/m/it/10 []\OT
1/cmr/m/n/10 /\OML/cmm/m/it/10 p[]; []\OT1/cmr/m/n/10 /\OML/cmm/m/it/10 p[]\OT
1/cmr/m/n/10 ]$ \TU/Scheherazade-Regular.ttf(0)/m/sc/10 أعلاه بـ $\OT1/c
mr/m/n/10 (\OML/cmm/m/it/10 '\OT1/cmr/m/n/10 [\OML/cmm/m/it/10 []\OT1/cmr/m/n/
10 /\OML/cmm/m/it/10 p[]\OT1/cmr/m/n/10 ])[\OML/cmm/m/it/10 []\OT1/cmr/m/n/10 
/\OML/cmm/m/it/10 p[]\OT1/cmr/m/n/10 ]$\TU/Scheherazade-Regular.ttf(0)/m/sc/10 
،
 []


Overfull \hbox (136.90784pt too wide) detected at line 99
[]
 []

[568]) (./content/normal-modal-logic/syntax-and-semantics/relational-models.tex
) (./content/normal-modal-logic/syntax-and-semantics/truth-at-w.tex [569])
(./content/normal-modal-logic/syntax-and-semantics/truth-in-model.tex [570])
(./content/normal-modal-logic/syntax-and-semantics/modal-validity.tex)
(./content/normal-modal-logic/syntax-and-semantics/tautological-instances.tex
Overfull \vbox (0.6609pt too high) has occurred while \output is active []


[571] [572]
Underfull \vbox (badness 10000) has occurred while \output is active []


Overfull \vbox (0.6609pt too high) has occurred while \output is active []


[573]) (./content/normal-modal-logic/syntax-and-semantics/schemas.tex

LaTeX Font Warning: Font shape `TU/Scheherazade-Regular.ttf(0)/m/scit' undefine
d
(Font)              using `TU/Scheherazade-Regular.ttf(0)/m/sc' instead on inpu
t line 58.

[574]
Overfull \hbox (27.54578pt too wide) in paragraph at lines 87--98
[]\TU/Scheherazade-Regular.ttf(0)/m/sc/10 ولإثبات اتجاه ``فقط 
إذا''، نثبت الآتي: افترض أن $\U/euf/m/n/10 M \OT1/cmr/m/n/1
0 = \OMS/cmsy/m/n/10 h\OML/cmm/m/it/10 W; R; V\OMS/cmsy/m/n/10 i$ \TU/Scheheraz
ade-Regular.ttf(0)/m/sc/10 نموذج موجهي، وأن $\OML/cmm/m/it/10   \
OMS/cmsy/m/n/10  \OML/cmm/m/it/10 '\OT1/cmr/m/n/10 [\OML/cmm/m/it/10 []\OT1/c
mr/m/n/10 /\OML/cmm/m/it/10 p[]; [] ; []\OT1/cmr/m/n/10 /\OML/cmm/m/it/10 p[]\
OT1/cmr/m/n/10 ]$
 []

) (./content/normal-modal-logic/syntax-and-semantics/entailment.tex [575])
(<WORKSPACE_ROOT>/03_projects/language_management/arabic
_persianate_rtl/03_working_translations/openlogic/ar/locale/ar/output-release/o
pen-logic-complete-ar.prb [576] [577]))
(./content/normal-modal-logic/frame-definability/frame-definability.tex
[578]
\bbl@ensure@arabic {باب} 50.
Output from handle open-logic-complete-ar going to open-logic-complete-ar.prb

\openout6 = open-logic-complete-ar.prb
(./content/normal-modal-logic/frame-definability/introduction.tex)
(./content/normal-modal-logic/frame-definability/properties-accessibility.tex
[579

] [580]
Overfull \hbox (2.70001pt too wide) in paragraph at lines 158--159
[]|[]| 
 []


Overfull \hbox (3.72748pt too wide) in paragraph at lines 136--168
[][] 
 []

) (./content/normal-modal-logic/frame-definability/frames.tex)
(./content/normal-modal-logic/frame-definability/definability.tex [581]
[582])
(./content/normal-modal-logic/frame-definability/first-order-definability.tex
[583]) (./content/normal-modal-logic/frame-definability/equivalence-S5.tex

Package hyperref Warning: Token not allowed in a PDF string (Unicode):
(hyperref)                removing `\Log' on input line 11.

[584])
(./content/normal-modal-logic/frame-definability/second-order-definability.tex
[585] [586])
(<WORKSPACE_ROOT>/03_projects/language_management/arabic
_persianate_rtl/03_working_translations/openlogic/ar/locale/ar/output-release/o
pen-logic-complete-ar.prb [587]))
(./content/normal-modal-logic/axioms-systems/axioms-systems.tex [588]
\bbl@ensure@arabic {باب} 51.
Output from handle open-logic-complete-ar going to open-logic-complete-ar.prb

\openout6 = open-logic-complete-ar.prb
(./content/normal-modal-logic/axioms-systems/introduction.tex [589

])
(./content/normal-modal-logic/axioms-systems/normal-logics.tex

LaTeX Font Warning: Font shape `TU/Scheherazade-Regular.ttf(0)/m/scit' undefine
d
(Font)              using `TU/Scheherazade-Regular.ttf(0)/m/sc' instead on inpu
t line 61.


LaTeX Font Warning: Font shape `TU/Scheherazade-Regular.ttf(0)/m/scit' undefine
d
(Font)              using `TU/Scheherazade-Regular.ttf(0)/m/sc' instead on inpu
t line 64.


Overfull \vbox (0.6609pt too high) has occurred while \output is active []


[590]) (./content/normal-modal-logic/axioms-systems/logics-proofs.tex [591])
(./content/normal-modal-logic/axioms-systems/proofs-in-K.tex

Package hyperref Warning: Token not allowed in a PDF string (Unicode):
(hyperref)                removing `\Log' on input line 11.


Overfull \vbox (0.6609pt too high) has occurred while \output is active []


[592]
Overfull \vbox (0.6609pt too high) has occurred while \output is active []


[593]) (./content/normal-modal-logic/axioms-systems/derived-rules.tex
Overfull \vbox (0.6609pt too high) has occurred while \output is active []


[594]) (./content/normal-modal-logic/axioms-systems/more-proofs-in-K.tex

Package hyperref Warning: Token not allowed in a PDF string (Unicode):
(hyperref)                removing `\Log' on input line 11.

[595]) (./content/normal-modal-logic/axioms-systems/duals.tex
Overfull \vbox (0.6609pt too high) has occurred while \output is active []


[596]) (./content/normal-modal-logic/axioms-systems/proofs-modal-systems.tex
[597]) (./content/normal-modal-logic/axioms-systems/soundness.tex
Overfull \vbox (0.6609pt too high) has occurred while \output is active []


[598]) (./content/normal-modal-logic/axioms-systems/systems-distinct.tex
[599]) (./content/normal-modal-logic/axioms-systems/provability-from-set.tex)
(./content/normal-modal-logic/axioms-systems/provability-properties.tex
Overfull \vbox (0.6609pt too high) has occurred while \output is active []


[600]) (./content/normal-modal-logic/axioms-systems/consistency.tex)
(<WORKSPACE_ROOT>/03_projects/language_management/arabic
_persianate_rtl/03_working_translations/openlogic/ar/locale/ar/output-release/o
pen-logic-complete-ar.prb [601]))
(./content/normal-modal-logic/completeness/completeness.tex
Overfull \vbox (0.6609pt too high) has occurred while \output is active []


[602]
\bbl@ensure@arabic {باب} 52.
Output from handle open-logic-complete-ar going to open-logic-complete-ar.prb

\openout6 = open-logic-complete-ar.prb
(./content/normal-modal-logic/completeness/introduction.tex)
(./content/normal-modal-logic/completeness/complete-consistent-sets.tex

Package hyperref Warning: Token not allowed in a PDF string (Unicode):
(hyperref)                removing `math shift' on input line 11.


Package hyperref Warning: Token not allowed in a PDF string (Unicode):
(hyperref)                removing `\Sigma' on input line 11.


Package hyperref Warning: Token not allowed in a PDF string (Unicode):
(hyperref)                removing `math shift' on input line 11.


Underfull \vbox (badness 10000) has occurred while \output is active []

 [603

]
[604]) (./content/normal-modal-logic/completeness/lindenbaums-lemma.tex
[605]) (./content/normal-modal-logic/completeness/modalities-ccs.tex [606])
(./content/normal-modal-logic/completeness/canonical-models.tex [607])
(./content/normal-modal-logic/completeness/truth-lemma.tex [608])
(./content/normal-modal-logic/completeness/completeness-K.tex

Package hyperref Warning: Token not allowed in a PDF string (Unicode):
(hyperref)                removing `\Log' on input line 11.

) (./content/normal-modal-logic/completeness/frame-completeness.tex [609]
[610]
Underfull \vbox (badness 10000) has occurred while \output is active []

 [611])
(<WORKSPACE_ROOT>/03_projects/language_management/arabic
_persianate_rtl/03_working_translations/openlogic/ar/locale/ar/output-release/o
pen-logic-complete-ar.prb))
(./content/normal-modal-logic/filtrations/filtrations.tex [612]
\bbl@ensure@arabic {باب} 53.
Output from handle open-logic-complete-ar going to open-logic-complete-ar.prb

\openout6 = open-logic-complete-ar.prb
(./content/normal-modal-logic/filtrations/introduction.tex [613

])
(./content/normal-modal-logic/filtrations/preliminaries.tex [614])
(./content/normal-modal-logic/filtrations/filtrations-def.tex [615])
(./content/normal-modal-logic/filtrations/examples-of-filtrations.tex [616]
[617]) (./content/normal-modal-logic/filtrations/finite.tex)
(./content/normal-modal-logic/filtrations/S5-fmp.tex

Package hyperref Warning: Token not allowed in a PDF string (Unicode):
(hyperref)                removing `\Log' on input line 11.


Package hyperref Warning: Token not allowed in a PDF string (Unicode):
(hyperref)                removing `\Log' on input line 11.

[618]) (./content/normal-modal-logic/filtrations/S5-decidable.tex

Package hyperref Warning: Token not allowed in a PDF string (Unicode):
(hyperref)                removing `\Log' on input line 11.

) (./content/normal-modal-logic/filtrations/more-filtrations.tex [619])
(./content/normal-modal-logic/filtrations/euclidean-filtrations.tex [620]
Overfull \hbox (3.02382pt too wide) in paragraph at lines 107--121
[]\TU/Scheherazade-Regular.ttf(0)/m/sc/10 إذا كان $[]$ الترشيح ا
لأخشن، فعندئذ، بحسب التعريف، يتحقق $\OML/cmm/m/it
/10 R[]\OT1/cmr/m/n/10 [\OML/cmm/m/it/10 u\OT1/cmr/m/n/10 ][\OML/cmm/m/it/10 v\
OT1/cmr/m/n/10 ]$ \TU/Scheherazade-Regular.ttf(0)/m/sc/10 إذا وفقط إذ
ا تحقق $\OML/cmm/m/it/10 C[]\OT1/cmr/m/n/10 (\OML/cmm/m/it/10 u; v\OT1/cmr
/m/n/10 )$\TU/Scheherazade-Regular.ttf(0)/m/sc/10 .
 []

[621])
(<WORKSPACE_ROOT>/03_projects/language_management/arabic
_persianate_rtl/03_working_translations/openlogic/ar/locale/ar/output-release/o
pen-logic-complete-ar.prb)) (./content/normal-modal-logic/tableaux/tableaux.tex
[622]
\bbl@ensure@arabic {باب} 54.
Output from handle open-logic-complete-ar going to open-logic-complete-ar.prb

\openout6 = open-logic-complete-ar.prb
(./content/normal-modal-logic/tableaux/introduction.tex)
(./content/normal-modal-logic/tableaux/rules-for-K.tex

Package hyperref Warning: Token not allowed in a PDF string (Unicode):
(hyperref)                removing `\Log' on input line 11.

[623

] [624]) (./content/normal-modal-logic/tableaux/proofs-in-K.tex

Package hyperref Warning: Token not allowed in a PDF string (Unicode):
(hyperref)                removing `\Log' on input line 11.


Package prooftrees Warning: Merging conflicting justifications for line 8! Plea
se examine the output carefully and use "move by" to move lines later in the pr
oof if required. Details of how to do this are included in the documentation. o
n input line 48.


Underfull \vbox (badness 3068) has occurred while \output is active []

 [625]

Package prooftrees Warning: Merging conflicting justifications for line 8! Plea
se examine the output carefully and use "move by" to move lines later in the pr
oof if required. Details of how to do this are included in the documentation. o
n input line 84.

) (./content/normal-modal-logic/tableaux/soundness.tex

Package hyperref Warning: Token not allowed in a PDF string (Unicode):
(hyperref)                removing `\Log' on input line 11.

[626] [627]) (./content/normal-modal-logic/tableaux/more-rules.tex [628]
[629]) (./content/normal-modal-logic/tableaux/more-soundness.tex [630])
(./content/normal-modal-logic/tableaux/simple-S5.tex

Package hyperref Warning: Token not allowed in a PDF string (Unicode):
(hyperref)                removing `\Log' on input line 11.

[631]) (./content/normal-modal-logic/tableaux/completeness.tex

Package hyperref Warning: Token not allowed in a PDF string (Unicode):
(hyperref)                removing `\Log' on input line 11.

[632] [633]
Overfull \hbox (2.50131pt too wide) in paragraph at lines 181--182
[]\TU/Scheherazade-Regular.ttf(0)/m/sc/10 وإذا كان $\OML/cmm/m/it/10  [
]' \OMS/cmsy/m/n/10 2 \OT1/cmr/m/n/10 $\TU/Scheherazade-Regular.ttf(0)/m/sc/10
 ، فلبعض $\OML/cmm/m/it/10 :n$ \TU/Scheherazade-Regular.ttf(0)/m/sc/10 
يكون $\OML/cmm/m/it/10 :n []  \OMS/cmsy/m/n/10 2 \OT1/cmr/m/n/10 $ \TU/Sc
heherazade-Regular.ttf(0)/m/sc/10 لأن الفرع تام. وبفرض الا
ستقراء، $[]\OML/cmm/m/it/10 ; :n \U/msb/m/n/10 1
 []

) (./content/normal-modal-logic/tableaux/countermodels.tex [634])
(<WORKSPACE_ROOT>/03_projects/language_management/arabic
_persianate_rtl/03_working_translations/openlogic/ar/locale/ar/output-release/o
pen-logic-complete-ar.prb [635]))
(./content/normal-modal-logic/sequent-calculus/sequent-calculus.tex [636]
\bbl@ensure@arabic {باب} 55.
Output from handle open-logic-complete-ar going to open-logic-complete-ar.prb

\openout6 = open-logic-complete-ar.prb
(./content/normal-modal-logic/sequent-calculus/introduction.tex)
(./content/normal-modal-logic/sequent-calculus/rules-for-K.tex

Package hyperref Warning: Token not allowed in a PDF string (Unicode):
(hyperref)                removing `\Log' on input line 11.

[637

]) (./content/normal-modal-logic/sequent-calculus/proofs-in-K.tex

Package hyperref Warning: Token not allowed in a PDF string (Unicode):
(hyperref)                removing `\Log' on input line 11.


Overfull \vbox (0.6609pt too high) has occurred while \output is active []


[638]) (./content/normal-modal-logic/sequent-calculus/more-rules.tex [639])
(<WORKSPACE_ROOT>/03_projects/language_management/arabic
_persianate_rtl/03_working_translations/openlogic/ar/locale/ar/output-release/o
pen-logic-complete-ar.prb)))
(./content/applied-modal-logic/applied-modal-logic.tex
Overfull \vbox (0.6609pt too high) has occurred while \output is active []


[640] [641

] (./content/applied-modal-logic/temporal-logic/temporal-logic.tex
[642]
\bbl@ensure@arabic {باب} 56.
Output from handle open-logic-complete-ar going to open-logic-complete-ar.prb

\openout6 = open-logic-complete-ar.prb
(./content/applied-modal-logic/temporal-logic/introduction.tex)
(./content/applied-modal-logic/temporal-logic/temporal-logic-semantics.tex
[643

]
Overfull \vbox (0.6609pt too high) has occurred while \output is active []


[644])
(./content/applied-modal-logic/temporal-logic/properties-accessibility.tex
Overfull \hbox (13.95706pt too wide) in paragraph at lines 25--50
[][] 
 []

) (./content/applied-modal-logic/temporal-logic/extra-temporal-operators.tex
[645]) (./content/applied-modal-logic/temporal-logic/possible-histories.tex
Overfull \vbox (0.6609pt too high) has occurred while \output is active []


[646])) (./content/applied-modal-logic/epistemic-logic/epistemic-logic.tex
[647]
\bbl@ensure@arabic {باب} 57.
Output from handle open-logic-complete-ar going to open-logic-complete-ar.prb

\openout6 = open-logic-complete-ar.prb
(./content/applied-modal-logic/epistemic-logic/introduction.tex)
(./content/applied-modal-logic/epistemic-logic/language-epistemic-logic.tex
[648

]) (./content/applied-modal-logic/epistemic-logic/relational-models.tex
[649]) (./content/applied-modal-logic/epistemic-logic/truth-at-w.tex [650])
(./content/applied-modal-logic/epistemic-logic/properties-accessibility.tex
[651]
Overfull \hbox (13.95706pt too wide) in paragraph at lines 23--45
[][] 
 []

) (./content/applied-modal-logic/epistemic-logic/bisimulations.tex [652])
(./content/applied-modal-logic/epistemic-logic/public-announcement-logic-lang.t
ex [653])
(./content/applied-modal-logic/epistemic-logic/public-announcement-logic-semant
ics.tex [654] [655])
(<WORKSPACE_ROOT>/03_projects/language_management/arabic
_persianate_rtl/03_working_translations/openlogic/ar/locale/ar/output-release/o
pen-logic-complete-ar.prb)))
(./content/intuitionistic-logic/intuitionistic-logic.tex [656] [657

]
(./content/intuitionistic-logic/introduction/introduction.tex
\bbl@ensure@arabic {باب} 58.
Output from handle open-logic-complete-ar going to open-logic-complete-ar.prb

\openout6 = open-logic-complete-ar.prb
(./content/intuitionistic-logic/introduction/constructive-reasoning.tex
[658

]) (./content/intuitionistic-logic/introduction/syntax.tex)
(./content/intuitionistic-logic/introduction/bhk-interpretation.tex
Overfull \vbox (0.6609pt too high) has occurred while \output is active []


[659] [660]) (./content/intuitionistic-logic/introduction/natural-deduction.tex

Overfull \vbox (0.6609pt too high) has occurred while \output is active []


[661] [662]
Overfull \vbox (0.6609pt too high) has occurred while \output is active []


[663]) (./content/intuitionistic-logic/introduction/axiomatic-derivations.tex)
(<WORKSPACE_ROOT>/03_projects/language_management/arabic
_persianate_rtl/03_working_translations/openlogic/ar/locale/ar/output-release/o
pen-logic-complete-ar.prb [664]))
(./content/intuitionistic-logic/semantics/semantics.tex [665]
\bbl@ensure@arabic {باب} 59.
Output from handle open-logic-complete-ar going to open-logic-complete-ar.prb

\openout6 = open-logic-complete-ar.prb
(./content/intuitionistic-logic/semantics/introduction.tex [666

])
(./content/intuitionistic-logic/semantics/relational-models.tex)
(./content/intuitionistic-logic/semantics/semantic-notions.tex [667]
Overfull \hbox (0.1885pt too wide) in paragraph at lines 45--48
[]\TU/Scheherazade-Regular.ttf(0)/m/sc/10 افترض أن $\U/euf/m/n/10 M$ \TU
/Scheherazade-Regular.ttf(0)/m/sc/10 نموذج علائقي وأن $\OML/cmm/m
/it/10 w \OMS/cmsy/m/n/10 2 \OML/cmm/m/it/10 W$\TU/Scheherazade-Regular.ttf(0)/
m/sc/10 . يُعطى \TU/Scheherazade-Regular.ttf(0)/m/it/10 تقييد $\U/euf
/m/n/10 M$ \TU/Scheherazade-Regular.ttf(0)/m/sc/10 إلى $\OML/cmm/m/it/10 w$\
TU/Scheherazade-Regular.ttf(0)/m/sc/10 ، وهو $\U/euf/m/n/10 M[] \OT1/cmr/m/
n/10 = \OMS/cmsy/m/n/10 h\OML/cmm/m/it/10 W[]; R[]; V[]\OMS/cmsy/m/n/10 i$\TU/S
cheherazade-Regular.ttf(0)/m/sc/10 ،
 []

) (./content/intuitionistic-logic/semantics/topological-semantics.tex [668])
(<WORKSPACE_ROOT>/03_projects/language_management/arabic
_persianate_rtl/03_working_translations/openlogic/ar/locale/ar/output-release/o
pen-logic-complete-ar.prb))
(./content/intuitionistic-logic/soundness-completeness/soundness-completeness.t
ex [669]
\bbl@ensure@arabic {باب} 60.
Output from handle open-logic-complete-ar going to open-logic-complete-ar.prb

\openout6 = open-logic-complete-ar.prb
(./content/intuitionistic-logic/soundness-completeness/soundness-axd.tex)
(./content/intuitionistic-logic/soundness-completeness/soundness-nd.tex
[670

]
Overfull \vbox (0.6609pt too high) has occurred while \output is active []


[671]) (./content/intuitionistic-logic/soundness-completeness/lindenbaum.tex
[672])
(./content/intuitionistic-logic/soundness-completeness/canonical-model.tex
Overfull \vbox (0.6609pt too high) has occurred while \output is active []


[673]) (./content/intuitionistic-logic/soundness-completeness/truth-lemma.tex
[674])
(./content/intuitionistic-logic/soundness-completeness/completeness-thm.tex)
(./content/intuitionistic-logic/soundness-completeness/decidability.tex
Overfull \hbox (3.95967pt too wide) in paragraph at lines 59--67
\TU/Scheherazade-Regular.ttf(0)/m/sc/10 هذه التعريفات مستقلة 
عن اختيار ممثل فئة التكافؤ. والعلاقة $\OML/cmm/m/
it/10 R[]$ \TU/Scheherazade-Regular.ttf(0)/m/sc/10 انعكاسية ومتعد
ية. وإذا تحقق $\OML/cmm/m/it/10 R[][][]$ \TU/Scheherazade-Regular.ttf
(0)/m/sc/10 و $\OML/cmm/m/it/10 R[][][]$\TU/Scheherazade-Regular.ttf(0)/m/sc/1
0 ،
 []

[675])
(<WORKSPACE_ROOT>/03_projects/language_management/arabic
_persianate_rtl/03_working_translations/openlogic/ar/locale/ar/output-release/o
pen-logic-complete-ar.prb [676]))
(./content/intuitionistic-logic/tableaux/tableaux.tex [677]
\bbl@ensure@arabic {باب} 61.
Output from handle open-logic-complete-ar going to open-logic-complete-ar.prb

\openout6 = open-logic-complete-ar.prb
(./content/intuitionistic-logic/tableaux/introduction.tex)
(./content/intuitionistic-logic/tableaux/rules.tex [678

])
(./content/intuitionistic-logic/tableaux/proofs.tex
Overfull \vbox (0.6609pt too high) has occurred while \output is active []


[679]) (./content/intuitionistic-logic/tableaux/soundness.tex [680]
Overfull \hbox (31.42792pt too wide) in paragraph at lines 52--55
[]\TU/Scheherazade-Regular.ttf(0)/m/sc/10 لاحظ أنه لما كانت $\OML
/cmm/m/it/10 R$ \TU/Scheherazade-Regular.ttf(0)/m/sc/10 انعكاسية وم
تعدية، وكانت $\OML/cmm/m/it/10 :[]$ \TU/Scheherazade-Regular.ttf(0)
/m/sc/10 تدل على $\OML/cmm/m/it/10 $\TU/Scheherazade-Regular.ttf(0)/m/sc
/10 ، و$\OML/cmm/m/it/10 :n[]$\TU/Scheherazade-Regular.ttf(0)/m/sc/10 ، و$
\OML/cmm/m/it/10 :n[]:n[]$\TU/Scheherazade-Regular.ttf(0)/m/sc/10 ، …، ف
إن لدينا أيضًا $\OML/cmm/m/it/10 Rf\OT1/cmr/m/n/10 (\OML/cmm/m/it/1
0 \OT1/cmr/m/n/10 )\OML/cmm/m/it/10 f\OT1/cmr/m/n/10 (\OML/cmm/m/it/10 :[]\OT
1/cmr/m/n/10 )$\TU/Scheherazade-Regular.ttf(0)/m/sc/10 . 
 []

[681]
Overfull \hbox (2.61307pt too wide) in paragraph at lines 153--165
\TU/Scheherazade-Regular.ttf(0)/m/sc/10 ولتكن $\OML/cmm/m/it/10 f[]$ \TU/S
cheherazade-Regular.ttf(0)/m/sc/10 مثل $\OML/cmm/m/it/10 f$\TU/Scheherazade-
Regular.ttf(0)/m/sc/10 ، إلا أن $\OML/cmm/m/it/10 f[]\OT1/cmr/m/n/10 (\OM
L/cmm/m/it/10 :n\OT1/cmr/m/n/10 ) = \OML/cmm/m/it/10 w$\TU/Scheherazade-Regula
r.ttf(0)/m/sc/10 . وبما أن $\OML/cmm/m/it/10 f[]\OT1/cmr/m/n/10 (\OML/cmm
/m/it/10 \OT1/cmr/m/n/10 ) = \OML/cmm/m/it/10 f\OT1/cmr/m/n/10 (\OML/cmm/m/it/
10 \OT1/cmr/m/n/10 )$ \TU/Scheherazade-Regular.ttf(0)/m/sc/10 و$\OML/cmm/m/it
/10 Rf\OT1/cmr/m/n/10 (\OML/cmm/m/it/10 \OT1/cmr/m/n/10 )\OML/cmm/m/it/10 w$\T
U/Scheherazade-Regular.ttf(0)/m/sc/10 ، فإن $\OML/cmm/m/it/10 Rf[]\OT1/cmr/
m/n/10 (\OML/cmm/m/it/10 \OT1/cmr/m/n/10 )\OML/cmm/m/it/10 f[]\OT1/cmr/m/n/10 
(\OML/cmm/m/it/10 :n\OT1/cmr/m/n/10 )$\TU/Scheherazade-Regular.ttf(0)/m/sc/10 
؛
 []

)
(<WORKSPACE_ROOT>/03_projects/language_management/arabic
_persianate_rtl/03_working_translations/openlogic/ar/locale/ar/output-release/o
pen-logic-complete-ar.prb))) (./content/counterfactuals/counterfactuals.tex
[682] [683] [684

] (./content/counterfactuals/introduction/introduction.tex
\bbl@ensure@arabic {باب} 62.
Output from handle open-logic-complete-ar going to open-logic-complete-ar.prb

\openout6 = open-logic-complete-ar.prb
(./content/counterfactuals/introduction/material-conditional.tex [685

])
(./content/counterfactuals/introduction/paradoxes-material.tex)
(./content/counterfactuals/introduction/strict-conditional.tex [686] [687])
(./content/counterfactuals/introduction/counterfactuals.tex)
(<WORKSPACE_ROOT>/03_projects/language_management/arabic
_persianate_rtl/03_working_translations/openlogic/ar/locale/ar/output-release/o
pen-logic-complete-ar.prb [688]))
(./content/counterfactuals/minimal-change-semantics/minimal-change-semantics.te
x [689]
\bbl@ensure@arabic {باب} 63.
Output from handle open-logic-complete-ar going to open-logic-complete-ar.prb

\openout6 = open-logic-complete-ar.prb
(./content/counterfactuals/minimal-change-semantics/introduction.tex
LaTeX Font Info:    Font shape `OML/cmbr/m/it' in size <9> not available
(Font)              Font shape `OML/cmbrm/m/it' tried instead on input line 48.

)
(./content/counterfactuals/minimal-change-semantics/sphere-models.tex [690

]
[691]) (./content/counterfactuals/minimal-change-semantics/true-false.tex)
(./content/counterfactuals/minimal-change-semantics/antecedent-strengthening.te
x [692] [693])
(./content/counterfactuals/minimal-change-semantics/transitivity.tex [694])
(./content/counterfactuals/minimal-change-semantics/contraposition.tex)
(<WORKSPACE_ROOT>/03_projects/language_management/arabic
_persianate_rtl/03_working_translations/openlogic/ar/locale/ar/output-release/o
pen-logic-complete-ar.prb [695]))) (./content/set-theory/set-theory.tex
[696] [697

] (./content/set-theory/story/story.tex
\bbl@ensure@arabic {باب} 64.
Output from handle open-logic-complete-ar going to open-logic-complete-ar.prb

\openout6 = open-logic-complete-ar.prb
(./content/set-theory/story/extensionality.tex
Package hyperref Info: bookmark level for unknown axiom defaults to 0 on input 
line 11.
)
(./content/set-theory/story/russells-paradox-again.tex [698

])
(./content/set-theory/story/predicativity.tex
Overfull \vbox (0.6609pt too high) has occurred while \output is active []


[699]) (./content/set-theory/story/cumulative-approach.tex [700])
(./content/set-theory/story/urelements.tex
Underfull \vbox (badness 2970) has occurred while \output is active []

 [701])
(./content/set-theory/story/grundgesetze.tex [702]))
(./content/set-theory/z/z.tex
Overfull \vbox (0.6609pt too high) has occurred while \output is active []


[703]
\bbl@ensure@arabic {باب} 65.

Package hyperref Warning: Token not allowed in a PDF string (Unicode):
(hyperref)                removing `math shift' on input line 8.


Package hyperref Warning: Token not allowed in a PDF string (Unicode):
(hyperref)                removing `\Th' on input line 8.


Package hyperref Warning: Token not allowed in a PDF string (Unicode):
(hyperref)                removing `math shift' on input line 8.

Output from handle open-logic-complete-ar going to open-logic-complete-ar.prb

\openout6 = open-logic-complete-ar.prb
(./content/set-theory/z/story.tex) (./content/set-theory/z/separation.tex
[704

]) (./content/set-theory/z/union.tex
Overfull \hbox (1.61557pt too wide) in paragraph at lines 18--24
[]\TU/Scheherazade-Regular.ttf(0)/m/sc/10 يبرر التصور التراكم
ي-التكراري هذه المسلّمة أيضًا. لتكن $\OML/cmm/m/it
/10 A$ \TU/Scheherazade-Regular.ttf(0)/m/sc/10 مجموعة، فتكون $\OML/
cmm/m/it/10 A$ \TU/Scheherazade-Regular.ttf(0)/m/sc/10 قد تكونت في م
رحلة ما $\OML/cmm/m/it/10 S$ \TU/Scheherazade-Regular.ttf(0)/m/sc/10 (ب
موجب \TU/Scheherazade-Regular.ttf(0)/m/it/10 Stages-
 []

[705]) (./content/set-theory/z/pairs.tex) (./content/set-theory/z/powerset.tex
[706]) (./content/set-theory/z/infinity-again.tex [707])
(./content/set-theory/z/milestone.tex

Package hyperref Warning: Token not allowed in a PDF string (Unicode):
(hyperref)                removing `math shift' on input line 6.


Package hyperref Warning: Token not allowed in a PDF string (Unicode):
(hyperref)                removing `\Th' on input line 6.


Package hyperref Warning: Token not allowed in a PDF string (Unicode):
(hyperref)                removing `superscript' on input line 6.


Package hyperref Warning: Token not allowed in a PDF string (Unicode):
(hyperref)                removing `math shift' on input line 6.

[708]) (./content/set-theory/z/nat.tex)
(./content/set-theory/z/arbintersections.tex [709])
(<WORKSPACE_ROOT>/03_projects/language_management/arabic
_persianate_rtl/03_working_translations/openlogic/ar/locale/ar/output-release/o
pen-logic-complete-ar.prb)) (./content/set-theory/ordinals/ordinals.tex
[710]
\bbl@ensure@arabic {باب} 66.
Output from handle open-logic-complete-ar going to open-logic-complete-ar.prb

\openout6 = open-logic-complete-ar.prb
(./content/set-theory/ordinals/introduction.tex)
(./content/set-theory/ordinals/idea.tex) (./content/set-theory/ordinals/wo.tex
[711

]) (./content/set-theory/ordinals/iso.tex [712]
Overfull \hbox (18.44092pt too wide) in paragraph at lines 121--126
[]\TU/Scheherazade-Regular.ttf(0)/m/it/10 ليكن $\OMS/cmsy/m/n/10 h\OML/cmm/
m/it/10 A; <\OMS/cmsy/m/n/10 i$ \TU/Scheherazade-Regular.ttf(0)/m/it/10 و$\OMS
/cmsy/m/n/10 h\OML/cmm/m/it/10 B; \U/msb/m/n/10 l\OMS/cmsy/m/n/10 i$ \TU/Schehe
razade-Regular.ttf(0)/m/it/10 ترتيبين جيدين. إذا كان $\OMS/cm
sy/m/n/10 h\OML/cmm/m/it/10 A[]; <[]\OMS/cmsy/m/n/10 i [] h\OML/cmm/m/it/10 B[]
; \U/msb/m/n/10 l[]\OMS/cmsy/m/n/10 i$ \TU/Scheherazade-Regular.ttf(0)/m/it/10 
و$\OMS/cmsy/m/n/10 h\OML/cmm/m/it/10 A[]; <[]
 []


Overfull \hbox (5.79207pt too wide) in paragraph at lines 129--142
[]\TU/Scheherazade-Regular.ttf(0)/m/sc/10 سنثبت الاتجاه \TU/Scheher
azade-Regular.ttf(0)/m/it/10 من اليسار إلى اليمين\TU/Scheheraz
ade-Regular.ttf(0)/m/sc/10 ؛ والاتجاه الآخر مماثل. افتر
ض $\OMS/cmsy/m/n/10 h\OML/cmm/m/it/10 A[]; <[]\OMS/cmsy/m/n/10 i [] h\OML/cmm/
m/it/10 B[]; \U/msb/m/n/10 l[]\OMS/cmsy/m/n/10 i$ \TU/Scheherazade-Regular.ttf(
0)/m/sc/10 و $\OMS/cmsy/m/n/10 h\OML/cmm/m/it/10 A[]; <[]
 []

[713]) (./content/set-theory/ordinals/vn.tex
Overfull \hbox (2.88338pt too wide) in paragraph at lines 8--12
\TU/Scheherazade-Regular.ttf(0)/m/sc/10 تبعث [][]مبرهنة 66.12[][] ع
لى فكرة. يمكننا إدخال أشياء معينة تسمى \TU/Scheh
erazade-Regular.ttf(0)/m/it/10 أنماط الترتيب \TU/Scheherazade-Regul
ar.ttf(0)/m/sc/10 لتقوم مقام الترتيبات الجيدة. فإذ
ا كتبنا $[]\OT1/cmr/m/n/10 (\OML/cmm/m/it/10 A; <
 []

) (./content/set-theory/ordinals/basic.tex [714] [715])
(./content/set-theory/ordinals/replacement.tex [716])
(./content/set-theory/ordinals/milestone.tex

Package hyperref Warning: Token not allowed in a PDF string (Unicode):
(hyperref)                removing `math shift' on input line 5.


Package hyperref Warning: Token not allowed in a PDF string (Unicode):
(hyperref)                removing `\Th' on input line 5.


Package hyperref Warning: Token not allowed in a PDF string (Unicode):
(hyperref)                removing `superscript' on input line 5.


Package hyperref Warning: Token not allowed in a PDF string (Unicode):
(hyperref)                removing `math shift' on input line 5.

[717]) (./content/set-theory/ordinals/ordtype.tex)
(./content/set-theory/ordinals/opps.tex [718] [719])
(<WORKSPACE_ROOT>/03_projects/language_management/arabic
_persianate_rtl/03_working_translations/openlogic/ar/locale/ar/output-release/o
pen-logic-complete-ar.prb)) (./content/set-theory/spine/spine.tex [720]
\bbl@ensure@arabic {باب} 67.
Output from handle open-logic-complete-ar going to open-logic-complete-ar.prb

\openout6 = open-logic-complete-ar.prb
(./content/set-theory/spine/idea.tex

Package hyperref Warning: Token not allowed in a PDF string (Unicode):
(hyperref)                removing `math shift' on input line 7.


Package hyperref Warning: Token not allowed in a PDF string (Unicode):
(hyperref)                removing `subscript' on input line 7.


Package hyperref Warning: Token not allowed in a PDF string (Unicode):
(hyperref)                removing `\alpha' on input line 7.


Package hyperref Warning: Token not allowed in a PDF string (Unicode):
(hyperref)                removing `math shift' on input line 7.

) (./content/set-theory/spine/recursion.tex [721

] [722])
(./content/set-theory/spine/stagesbasics.tex [723])
(./content/set-theory/spine/foundation.tex [724])
(./content/set-theory/spine/zf.tex

Package hyperref Warning: Token not allowed in a PDF string (Unicode):
(hyperref)                removing `math shift' on input line 6.


Package hyperref Warning: Token not allowed in a PDF string (Unicode):
(hyperref)                removing `\Th' on input line 6.


Package hyperref Warning: Token not allowed in a PDF string (Unicode):
(hyperref)                removing `math shift' on input line 6.


Package hyperref Warning: Token not allowed in a PDF string (Unicode):
(hyperref)                removing `math shift' on input line 6.


Package hyperref Warning: Token not allowed in a PDF string (Unicode):
(hyperref)                removing `\Th' on input line 6.


Package hyperref Warning: Token not allowed in a PDF string (Unicode):
(hyperref)                removing `math shift' on input line 6.

) (./content/set-theory/spine/rank.tex [725] [726])
(<WORKSPACE_ROOT>/03_projects/language_management/arabic
_persianate_rtl/03_working_translations/openlogic/ar/locale/ar/output-release/o
pen-logic-complete-ar.prb)) (./content/set-theory/replacement/replacement.tex
[727]
\bbl@ensure@arabic {باب} 68.
Output from handle open-logic-complete-ar going to open-logic-complete-ar.prb

\openout6 = open-logic-complete-ar.prb
(./content/set-theory/replacement/introduction.tex)
(./content/set-theory/replacement/strength.tex [728

])
(./content/set-theory/replacement/extrinsic.tex [729])
(./content/set-theory/replacement/limofsize.tex)
(./content/set-theory/replacement/absinf.tex [730])
(./content/set-theory/replacement/ref.tex [731])
(./content/set-theory/replacement/refproofs.tex [732] [733])
(./content/set-theory/replacement/finiteaxiomatizability.tex [734])
(<WORKSPACE_ROOT>/03_projects/language_management/arabic
_persianate_rtl/03_working_translations/openlogic/ar/locale/ar/output-release/o
pen-logic-complete-ar.prb))
(./content/set-theory/ord-arithmetic/ord-arithmetic.tex
Overfull \vbox (0.6609pt too high) has occurred while \output is active []


[735]
\bbl@ensure@arabic {باب} 69.
Output from handle open-logic-complete-ar going to open-logic-complete-ar.prb

\openout6 = open-logic-complete-ar.prb
(./content/set-theory/ord-arithmetic/introduction.tex)
(./content/set-theory/ord-arithmetic/addition.tex [736

]
Overfull \vbox (0.6609pt too high) has occurred while \output is active []


[737]) (./content/set-theory/ord-arithmetic/using-addition.tex [738])
(./content/set-theory/ord-arithmetic/multiplication.tex
Overfull \vbox (0.6609pt too high) has occurred while \output is active []


[739]) (./content/set-theory/ord-arithmetic/exponentiation.tex [740])
(<WORKSPACE_ROOT>/03_projects/language_management/arabic
_persianate_rtl/03_working_translations/openlogic/ar/locale/ar/output-release/o
pen-logic-complete-ar.prb)) (./content/set-theory/cardinals/cardinals.tex
Overfull \vbox (0.6609pt too high) has occurred while \output is active []


[741]
\bbl@ensure@arabic {باب} 70.
Output from handle open-logic-complete-ar going to open-logic-complete-ar.prb

\openout6 = open-logic-complete-ar.prb
(./content/set-theory/cardinals/cp.tex)
(./content/set-theory/cardinals/cardsasords.tex [742

])
(./content/set-theory/cardinals/milestone.tex [743]

Package hyperref Warning: Token not allowed in a PDF string (Unicode):
(hyperref)                removing `math shift' on input line 6.


Package hyperref Warning: Token not allowed in a PDF string (Unicode):
(hyperref)                removing `\Th' on input line 6.


Package hyperref Warning: Token not allowed in a PDF string (Unicode):
(hyperref)                removing `math shift' on input line 6.

) (./content/set-theory/cardinals/classing.tex [744]
Overfull \vbox (0.6609pt too high) has occurred while \output is active []


[745]) (./content/set-theory/cardinals/hp.tex [746]))
(./content/set-theory/card-arithmetic/card-arithmetic.tex [747]
\bbl@ensure@arabic {باب} 71.
Output from handle open-logic-complete-ar going to open-logic-complete-ar.prb

\openout6 = open-logic-complete-ar.prb
(./content/set-theory/card-arithmetic/opps.tex [748

])
(./content/set-theory/card-arithmetic/simp.tex [749] [750])
(./content/set-theory/card-arithmetic/expotough.tex)
(./content/set-theory/card-arithmetic/ch.tex [751] [752])
(./content/set-theory/card-arithmetic/fix.tex

Package hyperref Warning: Token not allowed in a PDF string (Unicode):
(hyperref)                removing `math shift' on input line 6.


Package hyperref Warning: Token not allowed in a PDF string (Unicode):
(hyperref)                removing `\aleph' on input line 6.


Package hyperref Warning: Token not allowed in a PDF string (Unicode):
(hyperref)                removing `math shift' on input line 6.

[753] [754])
(<WORKSPACE_ROOT>/03_projects/language_management/arabic
_persianate_rtl/03_working_translations/openlogic/ar/locale/ar/output-release/o
pen-logic-complete-ar.prb)) (./content/set-theory/choice/choice.tex [755]
\bbl@ensure@arabic {باب} 72.
Output from handle open-logic-complete-ar going to open-logic-complete-ar.prb

\openout6 = open-logic-complete-ar.prb
(./content/set-theory/choice/introduction.tex)
(./content/set-theory/choice/tarskiscott.tex [756

]

LaTeX Font Warning: Font shape `TU/Scheherazade-Regular.ttf(0)/m/scit' undefine
d
(Font)              using `TU/Scheherazade-Regular.ttf(0)/m/sc' instead on inpu
t line 59.

) (./content/set-theory/choice/hartogs.tex [757])
(./content/set-theory/choice/wellorderingproblem.tex)
(./content/set-theory/choice/countablechoice.tex [758] [759])
(./content/set-theory/choice/justifications.tex [760])
(./content/set-theory/choice/banach.tex [761])
(./content/set-theory/choice/vitali.tex [762]
Overfull \vbox (0.6609pt too high) has occurred while \output is active []


[763] [764])
(<WORKSPACE_ROOT>/03_projects/language_management/arabic
_persianate_rtl/03_working_translations/openlogic/ar/locale/ar/output-release/o
pen-logic-complete-ar.prb))) (./content/methods/methods.tex
Overfull \vbox (0.6609pt too high) has occurred while \output is active []


[765] [766

] (./content/methods/proofs/proofs.tex [767]
\bbl@ensure@arabic {باب} 73.
Output from handle open-logic-complete-ar going to open-logic-complete-ar.prb

\openout6 = open-logic-complete-ar.prb
(./content/methods/proofs/introduction.tex)
(./content/methods/proofs/starting-proofs.tex [768

])
(./content/methods/proofs/using-definitions.tex [769])
(./content/methods/proofs/inference-patterns.tex [770] [771] [772])
(./content/methods/proofs/example-1.tex [773] [774])
(./content/methods/proofs/example-2.tex [775])
(./content/methods/proofs/proof-by-contradiction.tex [776] [777] [778])
(./content/methods/proofs/reading-proofs.tex [779])
(./content/methods/proofs/cant-do-it.tex)
(./content/methods/proofs/resources.tex [780])
(<WORKSPACE_ROOT>/03_projects/language_management/arabic
_persianate_rtl/03_working_translations/openlogic/ar/locale/ar/output-release/o
pen-logic-complete-ar.prb)) (./content/methods/induction/induction.tex [781]
\bbl@ensure@arabic {باب} 74.
Output from handle open-logic-complete-ar going to open-logic-complete-ar.prb

\openout6 = open-logic-complete-ar.prb
(./content/methods/induction/introduction.tex)
(./content/methods/induction/induction-on-N.tex

Package hyperref Warning: Token not allowed in a PDF string (Unicode):
(hyperref)                removing `math shift' on input line 11.


Package hyperref Warning: Token not allowed in a PDF string (Unicode):
(hyperref)                removing `math shift' on input line 11.

[782

] [783]) (./content/methods/induction/strong-induction.tex)
(./content/methods/induction/inductive-definitions.tex [784] [785])
(./content/methods/induction/structural-induction.tex [786])
(./content/methods/induction/relations.tex [787] [788])
(<WORKSPACE_ROOT>/03_projects/language_management/arabic
_persianate_rtl/03_working_translations/openlogic/ar/locale/ar/output-release/o
pen-logic-complete-ar.prb [789]))) (./content/history/history.tex [790]
[791

] (./content/history/biographies/biographies.tex
\bbl@ensure@arabic {باب} 75.
Output from handle open-logic-complete-ar going to open-logic-complete-ar.prb

\openout6 = open-logic-complete-ar.prb
(./content/history/biographies/georg-cantor.tex)
(./content/history/biographies/alonzo-church.tex [792

])
(./content/history/biographies/gerhard-gentzen.tex)
(./content/history/biographies/kurt-goedel.tex [793])
(./content/history/biographies/emmy-noether.tex [794])
(./content/history/biographies/rozsa-peter.tex)
(./content/history/biographies/julia-robinson.tex [795])
(./content/history/biographies/bertrand-russell.tex [796])
(./content/history/biographies/alfred-tarski.tex
Package cleveref Info: loaded `english' language definitions on input line 27.
)
(./content/history/biographies/alan-turing.tex
Overfull \vbox (0.6609pt too high) has occurred while \output is active []


[797]) (./content/history/biographies/ernst-zermelo.tex))
(./content/history/set-theory/set-theory.tex [798]
\bbl@ensure@arabic {باب} 76.
Output from handle open-logic-complete-ar going to open-logic-complete-ar.prb

\openout6 = open-logic-complete-ar.prb
(./content/history/set-theory/infinitesimals.tex [799

])
(./content/history/set-theory/limits.tex [800])
(./content/history/set-theory/pathologies.tex [801])
(./content/history/set-theory/mythology.tex [802])
(./content/history/set-theory/cantor-plane.tex
Overfull \hbox (26.76424pt too wide) in paragraph at lines 24--27
[]\TU/Scheherazade-Regular.ttf(0)/m/sc/10 ثبّت $\OML/cmm/m/it/10 a; b \OMS/
cmsy/m/n/10 2 []$\TU/Scheherazade-Regular.ttf(0)/m/sc/10 . واكتبهما ب
الترميز الثنائي، فنحصل على متتاليتين غير م
نتهيتين من الأصفار والآحاد، $\OML/cmm/m/it/10 a[]$\TU/S
cheherazade-Regular.ttf(0)/m/sc/10 ، $\OML/cmm/m/it/10 a[]$\TU/Scheherazade-Re
gular.ttf(0)/m/sc/10 ، …،
 []

[803]) (./content/history/set-theory/hilbert-curve.tex [804] [805])))
(./content/reference/reference.tex [806] [807

]
(./content/reference/greek-alphabet/greek-alphabet.tex [808]
\bbl@ensure@arabic {باب} 77.
Output from handle open-logic-complete-ar going to open-logic-complete-ar.prb

\openout6 = open-logic-complete-ar.prb
) (./content/reference/fraktur-alphabet/fraktur-alphabet.tex [809

]
\bbl@ensure@arabic {باب} 78.
Output from handle open-logic-complete-ar going to open-logic-complete-ar.prb

\openout6 = open-logic-complete-ar.prb
)))
(<WORKSPACE_ROOT>/03_projects/language_management/arabic
_persianate_rtl/03_working_translations/openlogic/ar/locale/ar/output-release/o
pen-logic-complete-ar.pcr)
(<WORKSPACE_ROOT>/03_projects/language_management/arabic
_persianate_rtl/03_working_translations/openlogic/ar/locale/ar/output-release/o
pen-logic-complete-ar.bbl [810

]
Underfull \hbox (badness 3189) in paragraph at lines 15--21
[]\TU/Scheherazade-Regular.ttf(0)/m/sc/10 As-pray, William. 1984.  The Prince-to
n math-ematics com-munity in the 1930s: Alonzo
 []


Underfull \hbox (badness 4229) in paragraph at lines 15--21
\TU/Scheherazade-Regular.ttf(0)/m/sc/10 Church.  URL [][]$\TU/DejaVuSansMono(0)
/m/n/10 http://www.princeton.edu/mudd/finding_aids/
 []


Underfull \hbox (badness 4266) in paragraph at lines 91--95
[]\TU/Scheherazade-Regular.ttf(0)/m/sc/10 Cheng, Eu-genia. 2004.  How to write 
proofs: A quick quide.  URL [][]$\TU/DejaVuSansMono(0)/m/n/10 https:
 []


Underfull \hbox (badness 10000) in paragraph at lines 91--95
\TU/DejaVuSansMono(0)/m/n/10 //eugeniacheng.com/wp-[]content/uploads/2017/02/
 []

[811

]
Underfull \hbox (badness 10000) in paragraph at lines 196--202
\TU/DejaVuSansMono(0)/m/n/10 org/publications/biographical-[]memoirs/memoir-[]pd
fs/
 []

[812]
Underfull \hbox (badness 10000) in paragraph at lines 244--250
\TU/Scheherazade-Regular.ttf(0)/m/sc/10 math-ematics trail-blazer.  URL [][]$\T
U/DejaVuSansMono(0)/m/n/10 https://www.iheart.com/podcast/
 []


Underfull \hbox (badness 10000) in paragraph at lines 244--250
\TU/DejaVuSansMono(0)/m/n/10 stuff-[]you-[]missed-[]in-[]history-[]cl-[]21124503
/episode/
 []


Underfull \hbox (badness 6173) in paragraph at lines 244--250
\TU/DejaVuSansMono(0)/m/n/10 emmy-[]noether-[]mathematics-[]trailblazer-[]302074
91/$[][]\TU/Scheherazade-Regular.ttf(0)/m/sc/10 .  Pod-cast
 []

[813]
Underfull \hbox (badness 10000) in paragraph at lines 301--306
\TU/Scheherazade-Regular.ttf(0)/m/sc/10 URL [][]$\TU/DejaVuSansMono(0)/m/n/10 ht
tp://www.people.vcu.edu/~rhammack/BookOfProof/
 []

[814]
Underfull \hbox (badness 10000) in paragraph at lines 399--404
\TU/DejaVuSansMono(0)/m/n/10 primary_key=1508&search_category=author&search_page
=1&
 []


Underfull \hbox (badness 10000) in paragraph at lines 466--469
[][]$\TU/DejaVuSansMono(0)/m/n/10 https://mathshistory.st-[]andrews.ac.uk/HistTo
pics/Real_
 []


Underfull \hbox (badness 2409) in paragraph at lines 471--475
[]\TU/Scheherazade-Regular.ttf(0)/m/sc/10 O’Con-nor, John J. and Ed-mund F. Ro
bert-son. 2014.  Rózsa Péter.  URL [][]$\TU/DejaVuSansMono(0)/m/n/10 http:
 []


Underfull \hbox (badness 10000) in paragraph at lines 471--475
\TU/DejaVuSansMono(0)/m/n/10 //www-[]groups.dcs.st-[]and.ac.uk/~history/Biograph
ies/
 []

[815]
Underfull \hbox (badness 2600) in paragraph at lines 504--509
[]\TU/Scheherazade-Regular.ttf(0)/m/sc/10 Péter, Rózsa. 2010.  \TU/Scheheraza
de-Regular.ttf(0)/m/it/10 Play-ing with In-finity\TU/Scheherazade-Regular.ttf(0
)/m/sc/10 .  New York: Dover.  URL [][]$\TU/DejaVuSansMono(0)/m/n/10 https:
 []


Underfull \hbox (badness 10000) in paragraph at lines 504--509
\TU/DejaVuSansMono(0)/m/n/10 //books.google.ca/books?id=6V3wNs4uv_4C&lpg=PP1&ots
=
 []


Underfull \hbox (badness 10000) in paragraph at lines 561--565
\TU/DejaVuSansMono(0)/m/n/10 org/web/20151010184939/http://www4.ncsu.edu/~njrose
/
 []

[816] [817])

Class memoir Warning: The material used in the headers is too large
(12.6609pt) for the given head height (12.0pt), it is recommended to
either increase the head height or redesign the header
(in both cases you will find help in the memoir manual). on input line 154.

\tf@thm=\write8

\openout8 = open-logic-complete-ar.thm
[818]
\tf@toc=\write9

\openout9 = open-logic-complete-ar.toc
\tf@pcr=\write10

\openout10 = open-logic-complete-ar.pcr

(<WORKSPACE_ROOT>/03_projects/language_management/arabic
_persianate_rtl/03_working_translations/openlogic/ar/locale/ar/output-release/o
pen-logic-complete-ar.aux)
 ***********
LaTeX2e <2025-11-01>
L3 programming layer <2020/03/25>
 ***********


LaTeX Font Warning: Some font shapes were not available, defaults substituted.

Package rerunfilecheck Info: File `open-logic-complete-ar.out' has not changed.

(rerunfilecheck)             Checksum: 6A0C427F99865DF992E843FED9C0F6C5;147047.

)

Here is how much of LuaTeX's memory you used:
 104894 strings out of 475900
 596554,3417909 words of node,token memory allocated
 276009 words of node memory still in use:
   51 hlist, 5 vlist, 15 rule, 153 dir, 16 math, 289 glue, 11 kern, 2 sub_mlist,
 828 glyph, 99019 attribute, 204 glue_spec, 33008 attribute_list, 3 write, 384 p
df_literal, 52 pdf_action nodes
   avail lists: 1:62,2:31290,3:11659,4:2753,5:4505,6:97,7:9391,8:125,9:8009,10:2
6,11:266,12:1
 94113 multiletter control sequences out of 65536+600000
 244 fonts using 44927351 bytes
 420i,23n,449p,1668b,12002s stack positions out of 10000i,1000n,20000p,200000b,200000s
<<USER_HOME>/AppData/Local/Programs/MiKTeX/fonts/opentype/public/tex-gyre/te
xgyrepagella-bolditalic.otf><<<USER_HOME>\AppData\Local\MiKTeX\fonts/pk/ljfo
ur/public/cmbright/dpi375\cmbrmi8.pk>><<<USER_HOME>\AppData\Local\MiKTeX\fon
ts/pk/ljfour/public/cmbright/dpi525\cmbrmi8.pk>><<USER_HOME>/AppData/Local/P
rograms/MiKTeX/fonts/opentype/public/tex-gyre/texgyreheros-regular.otf><<C:\User
s\<USER>\AppData\Local\MiKTeX\fonts/pk/ljfour/public/cmbright/dpi600\cmbrmi10.pk
>><<USER_HOME>/AppData/Local/Programs/MiKTeX/fonts/opentype/public/tex-gyre/
texgyrepagella-italic.otf><<USER_HOME>/AppData/Local/Programs/MiKTeX/fonts/o
pentype/public/tex-gyre/texgyrepagella-bold.otf><<USER_HOME>/AppData/Local/P
rograms/MiKTeX/fonts/opentype/public/tex-gyre/texgyrepagella-regular.otf><C:/Use
rs/<USER>/AppData/Local/Programs/MiKTeX/fonts/truetype/public/dejavu/dejavusansm
ono.ttf><../../../00_control/fonts/scheherazade-2.100/Scheherazade-Regular.ttf><
../../../00_control/fonts/scheherazade-2.100/Scheherazade-Bold.ttf><<USER_HOME>
ris/AppData/Local/Programs/MiKTeX/fonts/type1/public/amsfonts/cm/cmex10.pfb><C:/
Users/<USER>/AppData/Local/Programs/MiKTeX/fonts/type1/public/amsfonts/cmextra/c
mex8.pfb><<USER_HOME>/AppData/Local/Programs/MiKTeX/fonts/type1/public/amsfo
nts/cm/cmmi10.pfb><<USER_HOME>/AppData/Local/Programs/MiKTeX/fonts/type1/pub
lic/amsfonts/cm/cmmi12.pfb><<USER_HOME>/AppData/Local/Programs/MiKTeX/fonts/
type1/public/amsfonts/cm/cmmi5.pfb><<USER_HOME>/AppData/Local/Programs/MiKTe
X/fonts/type1/public/amsfonts/cm/cmmi6.pfb><<USER_HOME>/AppData/Local/Progra
ms/MiKTeX/fonts/type1/public/amsfonts/cm/cmmi7.pfb><<USER_HOME>/AppData/Loca
l/Programs/MiKTeX/fonts/type1/public/amsfonts/cm/cmmi8.pfb><<USER_HOME>/AppD
ata/Local/Programs/MiKTeX/fonts/type1/public/amsfonts/cm/cmmi9.pfb><<USER_HOME>
ris/AppData/Local/Programs/MiKTeX/fonts/type1/public/amsfonts/cm/cmr10.pfb><C:/U
sers/<USER>/AppData/Local/Programs/MiKTeX/fonts/type1/public/amsfonts/cm/cmr12.p
fb><<USER_HOME>/AppData/Local/Programs/MiKTeX/fonts/type1/public/amsfonts/cm
/cmr5.pfb><<USER_HOME>/AppData/Local/Programs/MiKTeX/fonts/type1/public/amsf
onts/cm/cmr6.pfb><<USER_HOME>/AppData/Local/Programs/MiKTeX/fonts/type1/publ
ic/amsfonts/cm/cmr7.pfb><<USER_HOME>/AppData/Local/Programs/MiKTeX/fonts/typ
e1/public/amsfonts/cm/cmr8.pfb><<USER_HOME>/AppData/Local/Programs/MiKTeX/fo
nts/type1/public/amsfonts/cm/cmr9.pfb><<USER_HOME>/AppData/Local/Programs/Mi
KTeX/fonts/type1/public/amsfonts/cm/cmsy10.pfb><<USER_HOME>/AppData/Local/Pr
ograms/MiKTeX/fonts/type1/public/amsfonts/cm/cmsy5.pfb><<USER_HOME>/AppData/
Local/Programs/MiKTeX/fonts/type1/public/amsfonts/cm/cmsy6.pfb><<USER_HOME>/
AppData/Local/Programs/MiKTeX/fonts/type1/public/amsfonts/cm/cmsy7.pfb><<USERS>
/<USER>/AppData/Local/Programs/MiKTeX/fonts/type1/public/amsfonts/cm/cmsy8.pfb><
<USER_HOME>/AppData/Local/Programs/MiKTeX/fonts/type1/public/amsfonts/cm/cms
y9.pfb><<USER_HOME>/AppData/Local/Programs/MiKTeX/fonts/type1/public/amsfont
s/euler/eufm10.pfb><<USER_HOME>/AppData/Local/Programs/MiKTeX/fonts/type1/pu
blic/amsfonts/euler/eufm5.pfb><<USER_HOME>/AppData/Local/Programs/MiKTeX/fon
ts/type1/public/amsfonts/euler/eufm7.pfb><<USER_HOME>/AppData/Local/Programs
/MiKTeX/fonts/type1/public/amsfonts/symbols/msam10.pfb><<USER_HOME>/AppData/
Local/Programs/MiKTeX/fonts/type1/public/amsfonts/symbols/msam7.pfb><<USER_HOME>
oris/AppData/Local/Programs/MiKTeX/fonts/type1/public/amsfonts/symbols/msbm10.pf
b><<USER_HOME>/AppData/Local/Programs/MiKTeX/fonts/type1/public/amsfonts/sym
bols/msbm7.pfb><<USER_HOME>/AppData/Local/Programs/MiKTeX/fonts/type1/public
/hoekwater/stmary10.pfb><<USER_HOME>/AppData/Local/Programs/MiKTeX/fonts/typ
e1/public/txfonts/txsyc.pfb>
Output written on open-logic-complete-ar.pdf (819 pages, 8447299 bytes).

PDF statistics: 17968 PDF objects out of 18468 (max. 8388607)
 8767 named destinations out of 8907 (max. 1048576)
 6206 words of extra memory for PDF output out of 10000 (max. 100000000)

