This is LuaHBTeX, Version 1.25.7 (MiKTeX 26.5) (format=lualatex 2026.5.26)  19 AUG 2026 18:11
 restricted system commands enabled.
 file:line:error style messages enabled.
**<USER_HOME>/Documents/interlanguage/03_projects/language_management/arabi
c_persianate_rtl/03_working_translations/openlogic/ar/locale/ar/open-logic-comp
lete-ar-screen.tex

(<USER_HOME>/Documents/interlanguage/03_projects/language_management/arabic
_persianate_rtl/03_working_translations/openlogic/ar/locale/ar/open-logic-compl
ete-ar-screen.tex
LaTeX2e <2025-11-01>
L3 programming layer <2026-03-20>
Lua module: luaotfload 2024-12-03 v3.29 Lua based OpenType font support
Lua module: lualibs 2023-07-13 v2.76 ConTeXt Lua standard libraries.
Lua module: lualibs-extended 2023-07-13 v2.76 ConTeXt Lua libraries -- extended 
collection.
luaotfload | conf : Root cache directory is "<USER_HOME>/AppData/Local/MiKTe
X/luatex-cache/generic/names".
luaotfload | init : Loading fontloader "fontloader-2023-12-28.lua" from kpse-res
olved path "<USER_HOME>/AppData/Local/Programs/MiKTeX/tex/luatex/luaotfload/
fontloader-2023-12-28.lua".
Lua-only attribute luaotfload@noligature = 1
luaotfload | init : Context OpenType loader version 3.134
Inserting `luaotfload.node_processor' in `pre_linebreak_filter'.
Inserting `luaotfload.node_processor' in `hpack_filter'.
Inserting `luaotfload.glyph_stream' in `glyph_stream_provider'.
Inserting `luaotfload.define_font' in `define_font'.
Lua-only attribute luaotfload_color_attribute = 2
luaotfload | conf : Root cache directory is "<USER_HOME>/AppData/Local/MiKTe
X/luatex-cache/generic/names".
Inserting `luaotfload.harf.strip_prefix' in `find_opentype_file'.
Inserting `luaotfload.harf.strip_prefix' in `find_truetype_file'.
Removing  `luaotfload.glyph_stream' from `glyph_stream_provider'.
Inserting `luaotfload.harf.glyphstream' in `glyph_stream_provider'.
Inserting `luaotfload.harf.finalize_vlist' in `post_linebreak_filter'.
Inserting `luaotfload.harf.finalize_hlist' in `hpack_filter'.
Inserting `luaotfload.cleanup_files' in `wrapup_run'.
Inserting `luaotfload.harf.finalize_unicode' in `finish_pdffile'.
Inserting `luaotfload.glyphinfo' in `glyph_info'.
Lua-only attribute luaotfload.letterspace_done = 3
Inserting `luaotfload.aux.set_sscale_dimens' in `luaotfload.patch_font'.
Inserting `luaotfload.aux.set_font_index' in `luaotfload.patch_font'.
Inserting `luaotfload.aux.patch_cambria_domh' in `luaotfload.patch_font'.
Inserting `luaotfload.aux.fixup_fontdata' in `luaotfload.patch_font_unsafe'.
Inserting `luaotfload.aux.set_capheight' in `luaotfload.patch_font'.
Inserting `luaotfload.aux.set_xheight' in `luaotfload.patch_font'.
Inserting `luaotfload.rewrite_fontname' in `luaotfload.patch_font'.
Inserting `tracingstacklevels' in `input_level_string'. (<USER_HOME>/AppDat
a/Local/Programs/MiKTeX/tex/latex/base/fix-cm.sty
Package: fix-cm 2020/11/24 v1.1t fixes to LaTeX

(<USER_HOME>/AppData/Local/Programs/MiKTeX/tex/latex/base/ts1enc.def
File: ts1enc.def 2001/06/05 v3.0e (jk/car/fm) Standard LaTeX file
LaTeX Font Info:    Redeclaring font encoding TS1 on input line 47.
LaTeX Encoding Info:    Redeclaring text command \capitalcedilla (encoding TS1)
 on input line 49.
LaTeX Encoding Info:    Redeclaring text command \capitalogonek (encoding TS1) 
on input line 52.
LaTeX Encoding Info:    Redeclaring text command \capitalgrave (encoding TS1) o
n input line 55.
LaTeX Encoding Info:    Redeclaring text command \capitalacute (encoding TS1) o
n input line 56.
LaTeX Encoding Info:    Redeclaring text command \capitalcircumflex (encoding T
S1) on input line 57.
LaTeX Encoding Info:    Redeclaring text command \capitaltilde (encoding TS1) o
n input line 58.
LaTeX Encoding Info:    Redeclaring text command \capitaldieresis (encoding TS1
) on input line 59.
LaTeX Encoding Info:    Redeclaring text command \capitalhungarumlaut (encoding
 TS1) on input line 60.
LaTeX Encoding Info:    Redeclaring text command \capitalring (encoding TS1) on
 input line 61.
LaTeX Encoding Info:    Redeclaring text command \capitalcaron (encoding TS1) o
n input line 62.
LaTeX Encoding Info:    Redeclaring text command \capitalbreve (encoding TS1) o
n input line 63.
LaTeX Encoding Info:    Redeclaring text command \capitalmacron (encoding TS1) 
on input line 64.
LaTeX Encoding Info:    Redeclaring text command \capitaldotaccent (encoding TS
1) on input line 65.
LaTeX Encoding Info:    Redeclaring text command \t (encoding TS1) on input lin
e 66.
LaTeX Encoding Info:    Redeclaring text command \capitaltie (encoding TS1) on 
input line 67.
LaTeX Encoding Info:    Redeclaring text command \newtie (encoding TS1) on inpu
t line 68.
LaTeX Encoding Info:    Redeclaring text command \capitalnewtie (encoding TS1) 
on input line 69.
LaTeX Encoding Info:    Redeclaring text symbol \textcapitalcompwordmark (encod
ing TS1) on input line 70.
LaTeX Encoding Info:    Redeclaring text symbol \textascendercompwordmark (enco
ding TS1) on input line 71.
LaTeX Encoding Info:    Redeclaring text symbol \textquotestraightbase (encodin
g TS1) on input line 72.
LaTeX Encoding Info:    Redeclaring text symbol \textquotestraightdblbase (enco
ding TS1) on input line 73.
LaTeX Encoding Info:    Redeclaring text symbol \texttwelveudash (encoding TS1)
 on input line 74.
LaTeX Encoding Info:    Redeclaring text symbol \textthreequartersemdash (encod
ing TS1) on input line 75.
LaTeX Encoding Info:    Redeclaring text symbol \textleftarrow (encoding TS1) o
n input line 76.
LaTeX Encoding Info:    Redeclaring text symbol \textrightarrow (encoding TS1) 
on input line 77.
LaTeX Encoding Info:    Redeclaring text symbol \textblank (encoding TS1) on in
put line 78.
LaTeX Encoding Info:    Redeclaring text symbol \textdollar (encoding TS1) on i
nput line 79.
LaTeX Encoding Info:    Redeclaring text symbol \textquotesingle (encoding TS1)
 on input line 80.
LaTeX Encoding Info:    Redeclaring text command \textasteriskcentered (encodin
g TS1) on input line 81.
LaTeX Encoding Info:    Redeclaring text symbol \textdblhyphen (encoding TS1) o
n input line 92.
LaTeX Encoding Info:    Redeclaring text symbol \textfractionsolidus (encoding 
TS1) on input line 93.
LaTeX Encoding Info:    Redeclaring text symbol \textzerooldstyle (encoding TS1
) on input line 94.
LaTeX Encoding Info:    Redeclaring text symbol \textoneoldstyle (encoding TS1)
 on input line 95.
LaTeX Encoding Info:    Redeclaring text symbol \texttwooldstyle (encoding TS1)
 on input line 96.
LaTeX Encoding Info:    Redeclaring text symbol \textthreeoldstyle (encoding TS
1) on input line 97.
LaTeX Encoding Info:    Redeclaring text symbol \textfouroldstyle (encoding TS1
) on input line 98.
LaTeX Encoding Info:    Redeclaring text symbol \textfiveoldstyle (encoding TS1
) on input line 99.
LaTeX Encoding Info:    Redeclaring text symbol \textsixoldstyle (encoding TS1)
 on input line 100.
LaTeX Encoding Info:    Redeclaring text symbol \textsevenoldstyle (encoding TS
1) on input line 101.
LaTeX Encoding Info:    Redeclaring text symbol \texteightoldstyle (encoding TS
1) on input line 102.
LaTeX Encoding Info:    Redeclaring text symbol \textnineoldstyle (encoding TS1
) on input line 103.
LaTeX Encoding Info:    Redeclaring text symbol \textlangle (encoding TS1) on i
nput line 104.
LaTeX Encoding Info:    Redeclaring text symbol \textminus (encoding TS1) on in
put line 105.
LaTeX Encoding Info:    Redeclaring text symbol \textrangle (encoding TS1) on i
nput line 106.
LaTeX Encoding Info:    Redeclaring text symbol \textmho (encoding TS1) on inpu
t line 107.
LaTeX Encoding Info:    Redeclaring text symbol \textbigcircle (encoding TS1) o
n input line 108.
LaTeX Encoding Info:    Redeclaring text command \textcircled (encoding TS1) on
 input line 109.
LaTeX Encoding Info:    Redeclaring text symbol \textohm (encoding TS1) on inpu
t line 115.
LaTeX Encoding Info:    Redeclaring text symbol \textlbrackdbl (encoding TS1) o
n input line 116.
LaTeX Encoding Info:    Redeclaring text symbol \textrbrackdbl (encoding TS1) o
n input line 117.
LaTeX Encoding Info:    Redeclaring text symbol \textuparrow (encoding TS1) on 
input line 118.
LaTeX Encoding Info:    Redeclaring text symbol \textdownarrow (encoding TS1) o
n input line 119.
LaTeX Encoding Info:    Redeclaring text symbol \textasciigrave (encoding TS1) 
on input line 120.
LaTeX Encoding Info:    Redeclaring text symbol \textborn (encoding TS1) on inp
ut line 121.
LaTeX Encoding Info:    Redeclaring text symbol \textdivorced (encoding TS1) on
 input line 122.
LaTeX Encoding Info:    Redeclaring text symbol \textdied (encoding TS1) on inp
ut line 123.
LaTeX Encoding Info:    Redeclaring text symbol \textleaf (encoding TS1) on inp
ut line 124.
LaTeX Encoding Info:    Redeclaring text symbol \textmarried (encoding TS1) on 
input line 125.
LaTeX Encoding Info:    Redeclaring text symbol \textmusicalnote (encoding TS1)
 on input line 126.
LaTeX Encoding Info:    Redeclaring text symbol \texttildelow (encoding TS1) on
 input line 127.
LaTeX Encoding Info:    Redeclaring text symbol \textdblhyphenchar (encoding TS
1) on input line 128.
LaTeX Encoding Info:    Redeclaring text symbol \textasciibreve (encoding TS1) 
on input line 129.
LaTeX Encoding Info:    Redeclaring text symbol \textasciicaron (encoding TS1) 
on input line 130.
LaTeX Encoding Info:    Redeclaring text symbol \textacutedbl (encoding TS1) on
 input line 131.
LaTeX Encoding Info:    Redeclaring text symbol \textgravedbl (encoding TS1) on
 input line 132.
LaTeX Encoding Info:    Redeclaring text symbol \textdagger (encoding TS1) on i
nput line 133.
LaTeX Encoding Info:    Redeclaring text symbol \textdaggerdbl (encoding TS1) o
n input line 134.
LaTeX Encoding Info:    Redeclaring text symbol \textbardbl (encoding TS1) on i
nput line 135.
LaTeX Encoding Info:    Redeclaring text symbol \textperthousand (encoding TS1)
 on input line 136.
LaTeX Encoding Info:    Redeclaring text symbol \textbullet (encoding TS1) on i
nput line 137.
LaTeX Encoding Info:    Redeclaring text symbol \textcelsius (encoding TS1) on 
input line 138.
LaTeX Encoding Info:    Redeclaring text symbol \textdollaroldstyle (encoding T
S1) on input line 139.
LaTeX Encoding Info:    Redeclaring text symbol \textcentoldstyle (encoding TS1
) on input line 140.
LaTeX Encoding Info:    Redeclaring text symbol \textflorin (encoding TS1) on i
nput line 141.
LaTeX Encoding Info:    Redeclaring text symbol \textcolonmonetary (encoding TS
1) on input line 142.
LaTeX Encoding Info:    Redeclaring text symbol \textwon (encoding TS1) on inpu
t line 143.
LaTeX Encoding Info:    Redeclaring text symbol \textnaira (encoding TS1) on in
put line 144.
LaTeX Encoding Info:    Redeclaring text symbol \textguarani (encoding TS1) on 
input line 145.
LaTeX Encoding Info:    Redeclaring text symbol \textpeso (encoding TS1) on inp
ut line 146.
LaTeX Encoding Info:    Redeclaring text symbol \textlira (encoding TS1) on inp
ut line 147.
LaTeX Encoding Info:    Redeclaring text symbol \textrecipe (encoding TS1) on i
nput line 148.
LaTeX Encoding Info:    Redeclaring text symbol \textinterrobang (encoding TS1)
 on input line 149.
LaTeX Encoding Info:    Redeclaring text symbol \textinterrobangdown (encoding 
TS1) on input line 150.
LaTeX Encoding Info:    Redeclaring text symbol \textdong (encoding TS1) on inp
ut line 151.
LaTeX Encoding Info:    Redeclaring text symbol \texttrademark (encoding TS1) o
n input line 152.
LaTeX Encoding Info:    Redeclaring text symbol \textpertenthousand (encoding T
S1) on input line 153.
LaTeX Encoding Info:    Redeclaring text symbol \textpilcrow (encoding TS1) on 
input line 154.
LaTeX Encoding Info:    Redeclaring text symbol \textbaht (encoding TS1) on inp
ut line 155.
LaTeX Encoding Info:    Redeclaring text symbol \textnumero (encoding TS1) on i
nput line 156.
LaTeX Encoding Info:    Redeclaring text symbol \textdiscount (encoding TS1) on
 input line 157.
LaTeX Encoding Info:    Redeclaring text symbol \textestimated (encoding TS1) o
n input line 158.
LaTeX Encoding Info:    Redeclaring text symbol \textopenbullet (encoding TS1) 
on input line 159.
LaTeX Encoding Info:    Redeclaring text symbol \textservicemark (encoding TS1)
 on input line 160.
LaTeX Encoding Info:    Redeclaring text symbol \textlquill (encoding TS1) on i
nput line 161.
LaTeX Encoding Info:    Redeclaring text symbol \textrquill (encoding TS1) on i
nput line 162.
LaTeX Encoding Info:    Redeclaring text symbol \textcent (encoding TS1) on inp
ut line 163.
LaTeX Encoding Info:    Redeclaring text symbol \textsterling (encoding TS1) on
 input line 164.
LaTeX Encoding Info:    Redeclaring text symbol \textcurrency (encoding TS1) on
 input line 165.
LaTeX Encoding Info:    Redeclaring text symbol \textyen (encoding TS1) on inpu
t line 166.
LaTeX Encoding Info:    Redeclaring text symbol \textbrokenbar (encoding TS1) o
n input line 167.
LaTeX Encoding Info:    Redeclaring text symbol \textsection (encoding TS1) on 
input line 168.
LaTeX Encoding Info:    Redeclaring text symbol \textasciidieresis (encoding TS
1) on input line 169.
LaTeX Encoding Info:    Redeclaring text symbol \textcopyright (encoding TS1) o
n input line 170.
LaTeX Encoding Info:    Redeclaring text symbol \textordfeminine (encoding TS1)
 on input line 171.
LaTeX Encoding Info:    Redeclaring text symbol \textcopyleft (encoding TS1) on
 input line 172.
LaTeX Encoding Info:    Redeclaring text symbol \textlnot (encoding TS1) on inp
ut line 173.
LaTeX Encoding Info:    Redeclaring text symbol \textcircledP (encoding TS1) on
 input line 174.
LaTeX Encoding Info:    Redeclaring text symbol \textregistered (encoding TS1) 
on input line 175.
LaTeX Encoding Info:    Redeclaring text symbol \textasciimacron (encoding TS1)
 on input line 176.
LaTeX Encoding Info:    Redeclaring text symbol \textdegree (encoding TS1) on i
nput line 177.
LaTeX Encoding Info:    Redeclaring text symbol \textpm (encoding TS1) on input
 line 178.
LaTeX Encoding Info:    Redeclaring text symbol \texttwosuperior (encoding TS1)
 on input line 179.
LaTeX Encoding Info:    Redeclaring text symbol \textthreesuperior (encoding TS
1) on input line 180.
LaTeX Encoding Info:    Redeclaring text symbol \textasciiacute (encoding TS1) 
on input line 181.
LaTeX Encoding Info:    Redeclaring text symbol \textmu (encoding TS1) on input
 line 182.
LaTeX Encoding Info:    Redeclaring text symbol \textparagraph (encoding TS1) o
n input line 183.
LaTeX Encoding Info:    Redeclaring text symbol \textperiodcentered (encoding T
S1) on input line 184.
LaTeX Encoding Info:    Redeclaring text symbol \textreferencemark (encoding TS
1) on input line 185.
LaTeX Encoding Info:    Redeclaring text symbol \textonesuperior (encoding TS1)
 on input line 186.
LaTeX Encoding Info:    Redeclaring text symbol \textordmasculine (encoding TS1
) on input line 187.
LaTeX Encoding Info:    Redeclaring text symbol \textsurd (encoding TS1) on inp
ut line 188.
LaTeX Encoding Info:    Redeclaring text symbol \textonequarter (encoding TS1) 
on input line 189.
LaTeX Encoding Info:    Redeclaring text symbol \textonehalf (encoding TS1) on 
input line 190.
LaTeX Encoding Info:    Redeclaring text symbol \textthreequarters (encoding TS
1) on input line 191.
LaTeX Encoding Info:    Redeclaring text symbol \texteuro (encoding TS1) on inp
ut line 192.
LaTeX Encoding Info:    Redeclaring text symbol \texttimes (encoding TS1) on in
put line 193.
LaTeX Encoding Info:    Redeclaring text symbol \textdiv (encoding TS1) on inpu
t line 194.
))
\OLScreenWideOverhang=\skip49

(./open-logic-complete-ar.tex
(<USER_HOME>/AppData/Local/Programs/MiKTeX/tex/latex/memoir/memoir.cls
Document Class: memoir 2025/11/04 v3.8.4b configurable book, report, article do
cument class
(<USER_HOME>/AppData/Local/Programs/MiKTeX/tex/latex/xpatch/xpatch.sty
(<USER_HOME>/AppData/Local/Programs/MiKTeX/tex/latex/l3kernel/expl3.sty
Package: expl3 2026-03-20 L3 programming layer (loader) 

(<USER_HOME>/AppData/Local/Programs/MiKTeX/tex/latex/l3backend/l3backend-lu
atex.def
File: l3backend-luatex.def 2026-02-18 L3 backend support: PDF output (LuaTeX)
\l__color_backend_stack_int=\count273
Inserting `l3color' in `luaotfload.parse_color'.))
Package: xpatch 2020/03/25 v0.3a Extending etoolbox patching commands

(<USER_HOME>/AppData/Local/Programs/MiKTeX/tex/latex/l3packages/xparse/xpar
se.sty
Package: xparse 2025-10-09 L3 Experimental document command parser
)
(<USER_HOME>/AppData/Local/Programs/MiKTeX/tex/latex/etoolbox/etoolbox.sty
Package: etoolbox 2025/10/02 v2.5m e-TeX tools for LaTeX (JAW)
\etb@tempcnta=\count274
))
\onelineskip=\skip50
\lxvchars=\skip51
\xlvchars=\skip52
\@memcnta=\count275
\c@@memmarkcntra=\count276
 (<USER_HOME>/AppData/Local/Programs/MiKTeX/tex/generic/iftex/iftex.sty
Package: iftex 2024/12/12 v1.0g TeX engine tests
)
\trimtop=\skip53
\trimedge=\skip54

(<USER_HOME>/AppData/Local/Programs/MiKTeX/tex/latex/memoir/mem17.clo
File: mem17.clo 2022/07/29 v0.5 memoir class 17pt size option
luaotfload | db : Font names database loaded from <USER_HOME>/AppData/Local/
MiKTeX/luatex-cache/generic/names/luaotfload-names.luc.gz)
\binding=\skip55
\spinemargin=\skip56
\foremargin=\skip57
\uppermargin=\skip58
\lowermargin=\skip59
\headdrop=\skip60
\normalrulethickness=\skip61
\mem@maxheadheight=\skip62
\mem@maxfootheight=\skip63
\headwidth=\skip64
\c@storedpagenumber=\count277
\memPD=\dimen149
\m@mabparskip=\skip65
\thanksmarkwidth=\skip66
\thanksmarksep=\skip67
\droptitle=\skip68
\c@book=\count278
\c@part=\count279
\c@chapter=\count280
\c@section=\count281
\c@subsection=\count282
\c@subsubsection=\count283
\c@paragraph=\count284
\c@subparagraph=\count285
\beforechapskip=\skip69
\midchapskip=\skip70
\afterchapskip=\skip71
\chapindent=\skip72
\bottomsectionskip=\skip73
\secindent=\skip74
\beforesecskip=\skip75
\aftersecskip=\skip76
\subsecindent=\skip77
\beforesubsecskip=\skip78
\aftersubsecskip=\skip79
\subsubsecindent=\skip80
\beforesubsubsecskip=\skip81
\aftersubsubsecskip=\skip82
\paraindent=\skip83
\beforeparaskip=\skip84
\afterparaskip=\skip85
\subparaindent=\skip86
\beforesubparaskip=\skip87
\aftersubparaskip=\skip88
\pfbreakskip=\skip89
\c@@ppsavesec=\count286
\c@@ppsaveapp=\count287
\ragrparindent=\dimen150
\everylistparindent=\dimen151
\parsepi=\skip90
\topsepi=\skip91
\itemsepi=\skip92
\parsepii=\skip93
\topsepii=\skip94
\topsepiii=\skip95
\itemsepii=\skip96
\itemsepiii=\skip97
\partopsepii=\skip98
\partopsepiii=\skip99
\m@msavetopsep=\skip100
\m@msavepartopsep=\skip101
\@enLab=\toks17
\abstitleskip=\skip102
\absleftindent=\skip103
\abs@leftindent=\dimen152
\absrightindent=\skip104
\absparindent=\skip105
\absparsep=\skip106
\c@vslineno=\count288
\c@poemline=\count289
\c@modulo@vs=\count290
\c@memfvsline=\count291
\vleftskip=\skip107
\vrightskip=\skip108
\stanzaskip=\skip109
\versewidth=\skip110
\vgap=\skip111
\vindent=\skip112
\vleftmargin=\dimen153
\c@verse=\count292
\c@chrsinstr=\count293
\beforepoemtitleskip=\skip113
\afterpoemtitleskip=\skip114
\c@poem=\count294
\beforePoemTitleskip=\skip115
\midPoemTitleskip=\skip116
\afterPoemTitleskip=\skip117

(<USER_HOME>/AppData/Local/Programs/MiKTeX/tex/latex/tools/array.sty
Package: array 2025/09/25 v2.6n Tabular extension package (FMi)
\col@sep=\dimen154
\ar@mcellbox=\box53
\extrarowheight=\dimen155
\NC@list=\toks18
\extratabsurround=\skip118
\backup@length=\skip119
\ar@cellbox=\box54
)
(<USER_HOME>/AppData/Local/Programs/MiKTeX/tex/latex/tools/dcolumn.sty
Package: dcolumn 2025/10/21 v1.06 decimal alignment package (DPC)
)
(<USER_HOME>/AppData/Local/Programs/MiKTeX/tex/latex/tools/delarray.sty
Package: delarray 2014/10/28 v1.01 array delimiter package (DPC)
)
(<USER_HOME>/AppData/Local/Programs/MiKTeX/tex/latex/tools/tabularx.sty
Package: tabularx 2023/12/11 v2.12a `tabularx' package (DPC)
\TX@col@width=\dimen156
\TX@old@table=\dimen157
\TX@old@col=\dimen158
\TX@target=\dimen159
\TX@delta=\dimen160
\TX@cols=\count295
\TX@ftn=\toks19
)
(<USER_HOME>/AppData/Local/Programs/MiKTeX/tex/latex/booktabs/booktabs.sty
Package: booktabs 2020/01/12 v1.61803398 Publication quality tables
\heavyrulewidth=\dimen161
\lightrulewidth=\dimen162
\cmidrulewidth=\dimen163
\belowrulesep=\dimen164
\belowbottomsep=\dimen165
\aboverulesep=\dimen166
\abovetopsep=\dimen167
\cmidrulesep=\dimen168
\cmidrulekern=\dimen169
\defaultaddspace=\dimen170
\@cmidla=\count296
\@cmidlb=\count297
\@aboverulesep=\dimen171
\@belowrulesep=\dimen172
\@thisruleclass=\count298
\@lastruleclass=\count299
\@thisrulewidth=\dimen173
)
\ctableftskip=\skip120
\ctabrightskip=\skip121
\abovecolumnspenalty=\count300
\@linestogo=\count301
\@cellstogo=\count302
\@cellsincolumn=\count303
\crtok=\toks20
\@mincolumnwidth=\dimen174
\c@newflo@tctr=\count304
\mem@margin@floatbox=\box55
\@contcwidth=\skip122
\@contindw=\skip123
\abovecaptionskip=\skip124
\belowcaptionskip=\skip125
\subfloattopskip=\skip126
\subfloatcapskip=\skip127
\subfloatcaptopadj=\skip128
\subfloatbottomskip=\skip129
\subfloatlabelskip=\skip130
\subfloatcapmargin=\dimen175
\c@@contsubnum=\count305
\m@mscap@capbox=\box56
\m@mscap@fbox=\box57
\sidecapsep=\dimen176
\sidecapwidth=\dimen177
\m@m@tempdima=\dimen178
\m@mscapraise=\dimen179
\sidecapraise=\dimen180
\m@mscapmainwidth=\dimen181
\m@mscaplkern=\dimen182
\beforeepigraphskip=\skip131
\afterepigraphskip=\skip132
\epigraphwidth=\skip133
\epigraphrule=\skip134
(<USER_HOME>/AppData/Local/Programs/MiKTeX/tex/latex/hyperref/nameref.sty
Package: nameref 2026-01-29 v2.58 Cross-referencing by name of section

(<USER_HOME>/AppData/Local/Programs/MiKTeX/tex/latex/refcount/refcount.sty
Package: refcount 2019/12/15 v3.6 Data extraction from label references (HO)

(<USER_HOME>/AppData/Local/Programs/MiKTeX/tex/generic/ltxcmds/ltxcmds.sty
Package: ltxcmds 2023-12-04 v1.26 LaTeX kernel commands for general use (HO)
)
(<USER_HOME>/AppData/Local/Programs/MiKTeX/tex/generic/infwarerr/infwarerr.
sty
Package: infwarerr 2019/12/03 v1.5 Providing info/warning/error messages (HO)
))
(<USER_HOME>/AppData/Local/Programs/MiKTeX/tex/generic/gettitlestring/getti
tlestring.sty
Package: gettitlestring 2019/12/15 v1.6 Cleanup title references (HO)

(<USER_HOME>/AppData/Local/Programs/MiKTeX/tex/latex/kvoptions/kvoptions.st
y
Package: kvoptions 2022-06-15 v3.15 Key value format for package options (HO)
 (<USER_HOME>/AppData/Local/Programs/MiKTeX/tex/latex/graphics/keyval.sty
Package: keyval 2022/05/29 v1.15 key=value parser (DPC)
\KV@toks@=\toks21
)
(<USER_HOME>/AppData/Local/Programs/MiKTeX/tex/latex/kvsetkeys/kvsetkeys.st
y
Package: kvsetkeys 2022-10-05 v1.19 Key value parser (HO)
)))
\c@section@level=\count306
)
\tocentryskip=\skip135
\tocbaseline=\skip136
\cftparskip=\skip137
\cftbeforebookskip=\skip138
\cftbookindent=\dimen183
\cftbooknumwidth=\dimen184
\cftbeforepartskip=\skip139
\cftpartindent=\skip140
\cftpartnumwidth=\skip141
\cftbeforechapterskip=\skip142
\cftchapterindent=\skip143
\cftchapternumwidth=\skip144
\cftbeforesectionskip=\skip145
\cftsectionindent=\skip146
\cftsectionnumwidth=\skip147
\cftbeforesubsectionskip=\skip148
\cftsubsectionindent=\skip149
\cftsubsectionnumwidth=\skip150
\cftbeforesubsubsectionskip=\skip151
\cftsubsubsectionindent=\skip152
\cftsubsubsectionnumwidth=\skip153
\cftbeforeparagraphskip=\skip154
\cftparagraphindent=\skip155
\cftparagraphnumwidth=\skip156
\cftbeforesubparagraphskip=\skip157
\cftsubparagraphindent=\skip158
\cftsubparagraphnumwidth=\skip159
\prechapterprecisshift=\dimen185
\c@maxsecnumdepth=\count307
\bibindent=\dimen186
\bibitemsep=\skip160
\indexcolsep=\skip161
\indexrule=\skip162
\indexmarkstyle=\toks22
\@indexbox=\insert252
LaTeX Info: Redefining \raggedbottom on input line 8095.
LaTeX Info: Redefining \flushbottom on input line 8099.
\glossarycolsep=\dimen187
\glossaryrule=\dimen188
\sideparvshift=\skip163
\sideins=\insert251
\sidebartopsep=\skip164
\sidebarhsep=\skip165
\sidebarvsep=\skip166
\sidebarwidth=\skip167
\footmarkwidth=\skip168
\footmarksep=\skip169
\footparindent=\skip170
\footinsdim=\skip171
\footinsv@r=\insert250
\@mpfootinsv@r=\insert249
\m@m@k=\count308
\m@m@h=\dimen189
\m@mipn@skip=\skip172
\sidefootins=\insert248
\sidefootadjust=\skip173
\sidefootheight=\skip174
\sidefoothsep=\skip175
\sidefootvsep=\skip176
\sidefootwidth=\skip177
\m@mdownsf=\skip178
\c@sidefootnote=\count309
\sidefootmarkwidth=\skip179
\sidefootmarksep=\skip180
\sidefootparindent=\skip181
\c@pagenote=\count310
\c@pagenoteshadow=\count311
\mem@pn@lastkern=\skip182

(<USER_HOME>/AppData/Local/Programs/MiKTeX/tex/latex/tools/verbatim.sty
Package: verbatim 2024-01-22 v1.5x LaTeX2e package for verbatim enhancements
\every@verbatim=\toks23
\verbatim@line=\toks24
\verbatim@in@stream=\read2
)
\verbatimindent=\skip183
\verbatim@out=\write3

(<USER_HOME>/AppData/Local/Programs/MiKTeX/tex/latex/base/shortvrb.sty
Package: shortvrb 2024/12/25 v3.0q Standard LaTeX documentation package V3 (FMi
)
)
\bvboxsep=\skip184
\c@memfbvline=\count312
\c@bvlinectr=\count313
\bvnumlength=\skip185
\fb@frw=\dimen190
\fb@frh=\dimen191
\FrameRule=\dimen192
\FrameSep=\dimen193
\c@cp@cntr=\count314
\c@ism@mctr=\count315
\c@xsm@mctr=\count316
\c@csm@mctr=\count317
\c@ksm@mctr=\count318
\c@xksm@mctr=\count319
\c@cksm@mctr=\count320
\c@msm@mctr=\count321
\c@xmsm@mctr=\count322
\c@cmsm@mctr=\count323
\c@bsm@mctr=\count324
\c@workm@mctr=\count325
\c@sheetsequence=\count326
\c@lastsheet=\count327
\c@lastpage=\count328
\c@figure=\count329
\c@lofdepth=\count330
\cftbeforefigureskip=\skip186
\cftfigureindent=\skip187
\cftfigurenumwidth=\skip188
\c@table=\count331
\c@lotdepth=\count332
\cftbeforetableskip=\skip189
\cfttableindent=\skip190
\cfttablenumwidth=\skip191
Package abstract [2008/07/23] emulated by memoir.
Package appendix [2008/07/23] emulated by memoir.
Package ccaption [2008/07/23] emulated by memoir.
Package changepage [2008/07/23] emulated by memoir.
Package chngcntr [2008/07/23] emulated by memoir.
Package chngpage [2008/07/23] emulated by memoir.
Package crop emulated by memoir.
Package enumerate [2008/07/23] emulated by memoir.
Package epigraph [2008/07/23] emulated by memoir.
Package ifmtarg [2008/07/23] emulated by memoir.
Package index [2008/07/23] emulated by memoir.
Package makeidx [2008/07/23] emulated by memoir.
Package moreverb [2008/07/23] emulated by memoir.
Package needspace [2008/07/23] emulated by memoir.
Package newfile [2008/07/23] emulated by memoir.
Package nextpage [2008/07/23] emulated by memoir.
Package pagenote [2008/07/23] emulated by memoir.
Package parskip [2008/07/23] emulated by memoir.
Package patchcmd [2008/07/23] emulated by memoir.
Package setspace [2008/07/23] emulated by memoir.
Package showidx [2008/07/23] emulated by memoir.
Package titleref [2008/07/23] emulated by memoir.
Package titling [2008/07/23] emulated by memoir.
Package tocbibind [2008/07/23] emulated by memoir.
Package tocloft [2008/07/23] emulated by memoir.
Package tocvsec2 [2008/07/23] emulated by memoir.
Package verse [2008/07/23] emulated by memoir.
)

******************************************************
Stock height and width: 542.025pt by 963.59999pt
Top and edge trims: 0pt and 0pt
Page height and width: 542.025pt by 963.59999pt
Text height and width: 469.755pt by 746pt
Spine and edge margins: 108.405pt and 108.405pt
Upper and lower margins: 36.135pt and 36.135pt
Headheight and headsep: 24pt and 8.09142pt
Footskip: 22pt
Columnsep and columnseprule: 10pt and 0pt
Marginparsep and marginparwidth: 12.09593pt and 84.21313pt
Sidecapsep and sidecapwidth: 12.09593pt and 2pt
Sidebarhsep and sidebarwidth: 12.09593pt and 2pt
Sidebarvsep and sidebartopsep: 22pt and 0pt
Sidebarheight: 543.39993pt
Sidefoothsep and sidefootwidth: 12.09593pt and 2pt
Sidefootvsep and sidefootheight: 22pt and 543.39993pt
******************************************************

(<USER_HOME>/AppData/Local/Programs/MiKTeX/tex/latex/fontspec/fontspec.sty
Package: fontspec 2025/09/29 v2.9g Font selection for XeLaTeX and LuaLaTeX
Lua module: fontspec 2025/09/29 v2.9g Font selection for XeLaTeX and LuaLaTeX
(<USER_HOME>/AppData/Local/Programs/MiKTeX/tex/latex/fontspec/fontspec-luat
ex.sty
Package: fontspec-luatex 2025/09/29 v2.9g Font selection for XeLaTeX and LuaLaT
eX
\l__fontspec_script_int=\count333
\l__fontspec_language_int=\count334
\l__fontspec_strnum_int=\count335
\l__fontspec_tmp_int=\count336
\l__fontspec_tmpa_int=\count337
\l__fontspec_tmpb_int=\count338
\l__fontspec_tmpc_int=\count339
\l__fontspec_em_int=\count340
\l__fontspec_emdef_int=\count341
\l__fontspec_strong_int=\count342
\l__fontspec_strongdef_int=\count343
\l__fontspec_tmpa_dim=\dimen194
\l__fontspec_tmpb_dim=\dimen195
\l__fontspec_tmpc_dim=\dimen196

(<USER_HOME>/AppData/Local/Programs/MiKTeX/tex/latex/base/fontenc.sty
Package: fontenc 2025/07/18 v2.1d Standard LaTeX package
)
(<USER_HOME>/AppData/Local/Programs/MiKTeX/tex/latex/fontspec/fontspec.cfg))
)
(<USER_HOME>/AppData/Local/Programs/MiKTeX/tex/latex/gitinfo2/gitinfo2.sty
Package: gitinfo2 2015/11/22 v2.0.7 git revision information

(<USER_HOME>/AppData/Local/Programs/MiKTeX/tex/latex/xstring/xstring.sty
(<USER_HOME>/AppData/Local/Programs/MiKTeX/tex/generic/xstring/xstring.tex
\xs_counta=\count344
\xs_countb=\count345
)
Package: xstring 2023/08/22 v1.86 String manipulations (CT)
) (<USER_HOME>/AppData/Local/Programs/MiKTeX/tex/latex/eso-pic/eso-pic.sty
Package: eso-pic 2025/12/10 v3.0d eso-pic (RN)
\ESO@tempdima=\dimen197
\ESO@tempdimb=\dimen198

(<USER_HOME>/AppData/Local/Programs/MiKTeX/tex/latex/xcolor/xcolor.sty
Package: xcolor 2024/09/29 v3.02 LaTeX color extensions (UK)

(<USER_HOME>/AppData/Local/Programs/MiKTeX/tex/latex/graphics-cfg/color.cfg
File: color.cfg 2016/01/02 v1.6 sample color configuration
)
Package xcolor Info: Driver file: luatex.def on input line 274.

(<USER_HOME>/AppData/Local/Programs/MiKTeX/tex/latex/graphics-def/luatex.de
f
File: luatex.def 2025/09/29 v1.2f Graphics/color driver for luatex
)
(<USER_HOME>/AppData/Local/Programs/MiKTeX/tex/latex/graphics/mathcolor.ltx
)
Package xcolor Info: Model `cmy' substituted by `cmy0' on input line 1349.
Package xcolor Info: Model `hsb' substituted by `rgb' on input line 1353.
Package xcolor Info: Model `RGB' extended on input line 1365.
Package xcolor Info: Model `HTML' substituted by `rgb' on input line 1367.
Package xcolor Info: Model `Hsb' substituted by `hsb' on input line 1368.
Package xcolor Info: Model `tHsb' substituted by `hsb' on input line 1369.
Package xcolor Info: Model `HSB' substituted by `hsb' on input line 1370.
Package xcolor Info: Model `Gray' substituted by `gray' on input line 1371.
Package xcolor Info: Model `wave' substituted by `hsb' on input line 1372.
))

Package gitinfo2 Warning: I can't find the file '.git/gitHeadInfo.gin'.
(gitinfo2)                All git metadata has been set to '(None)'.

)
luaotfload | cache : Lookup cache loaded from <USER_HOME>/AppData/Local/MiKT
eX/luatex-cache/generic/names/luaotfload-lookup-cache.luc.

Package fontspec Info: 
(fontspec)             Font family 'TeXGyrePagella(0)' created for font 'TeX
(fontspec)             Gyre Pagella' with options [Ligatures=TeX].
(fontspec)              
(fontspec)              This font family consists of the following NFSS
(fontspec)             series/shapes:
(fontspec)              
(fontspec)             - 'normal' (m/n) with NFSS spec.: <->"name:TeX Gyre
(fontspec)             Pagella:mode=node;script=latn;language=dflt;+tlig;"
(fontspec)             - 'small caps'  (m/sc) with NFSS spec.: <->"name:TeX
(fontspec)             Gyre
(fontspec)             Pagella:mode=node;script=latn;language=dflt;+tlig;+smcp;
"
(fontspec)             - 'bold' (b/n) with NFSS spec.: <->"name:TeX Gyre
(fontspec)             Pagella/B:mode=node;script=latn;language=dflt;+tlig;"
(fontspec)             - 'bold small caps'  (b/sc) with NFSS spec.:
(fontspec)             <->"name:TeX Gyre
(fontspec)             Pagella/B:mode=node;script=latn;language=dflt;+tlig;+smc
p;"
(fontspec)             - 'italic' (m/it) with NFSS spec.: <->"name:TeX Gyre
(fontspec)             Pagella/I:mode=node;script=latn;language=dflt;+tlig;"
(fontspec)             - 'italic small caps'  (m/scit) with NFSS spec.:
(fontspec)             <->"name:TeX Gyre
(fontspec)             Pagella/I:mode=node;script=latn;language=dflt;+tlig;+smc
p;"
(fontspec)             - 'bold italic' (b/it) with NFSS spec.: <->"name:TeX
(fontspec)             Gyre
(fontspec)             Pagella/BI:mode=node;script=latn;language=dflt;+tlig;"
(fontspec)             - 'bold italic small caps'  (b/scit) with NFSS spec.:
(fontspec)             <->"name:TeX Gyre
(fontspec)             Pagella/BI:mode=node;script=latn;language=dflt;+tlig;+sm
cp;"


Package fontspec Info: 
(fontspec)             Font family 'TeXGyreHeros(0)' created for font 'TeX
(fontspec)             Gyre Heros' with options [Ligatures=TeX].
(fontspec)              
(fontspec)              This font family consists of the following NFSS
(fontspec)             series/shapes:
(fontspec)              
(fontspec)             - 'normal' (m/n) with NFSS spec.: <->"name:TeX Gyre
(fontspec)             Heros:mode=node;script=latn;language=dflt;+tlig;"
(fontspec)             - 'small caps'  (m/sc) with NFSS spec.: <->"name:TeX
(fontspec)             Gyre
(fontspec)             Heros:mode=node;script=latn;language=dflt;+tlig;+smcp;"
(fontspec)             - 'bold' (b/n) with NFSS spec.: <->"name:TeX Gyre
(fontspec)             Heros/B:mode=node;script=latn;language=dflt;+tlig;"
(fontspec)             - 'bold small caps'  (b/sc) with NFSS spec.:
(fontspec)             <->"name:TeX Gyre
(fontspec)             Heros/B:mode=node;script=latn;language=dflt;+tlig;+smcp;
"
(fontspec)             - 'italic' (m/it) with NFSS spec.: <->"name:TeX Gyre
(fontspec)             Heros/I:mode=node;script=latn;language=dflt;+tlig;"
(fontspec)             - 'italic small caps'  (m/scit) with NFSS spec.:
(fontspec)             <->"name:TeX Gyre
(fontspec)             Heros/I:mode=node;script=latn;language=dflt;+tlig;+smcp;
"
(fontspec)             - 'bold italic' (b/it) with NFSS spec.: <->"name:TeX
(fontspec)             Gyre
(fontspec)             Heros/BI:mode=node;script=latn;language=dflt;+tlig;"
(fontspec)             - 'bold italic small caps'  (b/scit) with NFSS spec.:
(fontspec)             <->"name:TeX Gyre
(fontspec)             Heros/BI:mode=node;script=latn;language=dflt;+tlig;+smcp
;"


Package fontspec Info: 
(fontspec)             Could not resolve font "Latin Modern Mono/BI" (it
(fontspec)             probably doesn't exist).


Package fontspec Info: 
(fontspec)             Could not resolve font "Latin Modern Mono/B" (it
(fontspec)             probably doesn't exist).


Package fontspec Info: 
(fontspec)             Font family 'LatinModernMono(0)' created for font
(fontspec)             'Latin Modern Mono' with options
(fontspec)             [WordSpace={1,0,0},HyphenChar=None,PunctuationSpace=Word
Space].
(fontspec)              
(fontspec)              This font family consists of the following NFSS
(fontspec)             series/shapes:
(fontspec)              
(fontspec)             - 'normal' (m/n) with NFSS spec.: <->"name:Latin Modern
(fontspec)             Mono:mode=node;script=latn;language=dflt;"
(fontspec)             - 'italic' (m/it) with NFSS spec.: <->"name:Latin
(fontspec)             Modern Mono/I:mode=node;script=latn;language=dflt;"

 (../../sty/open-logic.sty
(<USER_HOME>/AppData/Local/Programs/MiKTeX/tex/generic/babel/babel.sty
Package: babel 2026/04/15 v26.6 The multilingual framework for LuaLaTeX, pdfLaT
eX and XeLaTeX

(<USER_HOME>/AppData/Local/Programs/MiKTeX/tex/generic/babel/luababel.def
\bbl@readstream=\read3
\l@afrikaans=\language2
Package babel Info: Non-standard hyphenation setup on input line 118.
\l@ancientgreek=\language3
\l@armenian=\language4
\l@assamese=\language5
\l@basque=\language6
\l@belarusian=\language7
\l@bengali=\language8
\l@bokmal=\language9
\l@bulgarian=\language10
\l@catalan=\language11
\l@churchslavonic=\language12
\l@classiclatin=\language13
\l@coptic=\language14
\l@croatian=\language15
\l@czech=\language16
\l@danish=\language17
\l@dutch=\language18
\l@esperanto=\language19
\l@estonian=\language20
\l@ethiopic=\language21
\l@finnish=\language22
\l@french=\language23
\l@friulan=\language24
\l@galician=\language25
\l@georgian=\language26
\l@german=\language27
\l@greek=\language28
\l@gujarati=\language29
\l@hindi=\language30
\l@hungarian=\language31
\l@icelandic=\language32
\l@indonesian=\language33
\l@interlingua=\language34
\l@irish=\language35
\l@italian=\language36
\l@kannada=\language37
\l@kurmanji=\language38
\l@latin=\language39
\l@latvian=\language40
\l@lithuanian=\language41
\l@liturgicallatin=\language42
\l@macedonian=\language43
\l@malayalam=\language44
\l@marathi=\language45
\l@mongolian=\language46
\l@mongolianlmc=\language47
\l@monogreek=\language48
\l@ngerman=\language49
\l@nynorsk=\language50
\l@occitan=\language51
\l@oriya=\language52
\l@pali=\language53
\l@panjabi=\language54
\l@piedmontese=\language55
\l@polish=\language56
\l@portuguese=\language57
\l@romanian=\language58
\l@romansh=\language59
\l@russian=\language60
\l@sanskrit=\language61
\l@serbian=\language62
\l@serbianc=\language63
\l@slovak=\language64
\l@slovenian=\language65
\l@spanish=\language66
\l@swedish=\language67
\l@swissgerman=\language68
\l@tamil=\language69
\l@telugu=\language70
\l@thai=\language71
\l@turkish=\language72
\l@turkmen=\language73
\l@ukenglish=\language74
\l@ukrainian=\language75
\l@uppersorbian=\language76
\l@usenglishmax=\language77
\l@welsh=\language78
\babelcatcodetablenum=\catcodetable14
\bbl@pattcodes=\catcodetable15
)
\babel@savecnt=\count346
LaTeX Encoding Info:    Redeclaring text command \ij (encoding OT1) on input li
ne 2078.
LaTeX Encoding Info:    Redeclaring text command \IJ (encoding OT1) on input li
ne 2080.
LaTeX Encoding Info:    Redeclaring text command \ij (encoding T1) on input lin
e 2082.
LaTeX Encoding Info:    Redeclaring text command \IJ (encoding T1) on input lin
e 2083.
LaTeX Encoding Info:    Ignoring declaration for text command \ij (encoding ?) 
on input line 2084.
LaTeX Encoding Info:    Ignoring declaration for text command \IJ (encoding ?) 
on input line 2086.
LaTeX Encoding Info:    Ignoring declaration for text command \SS (encoding ?) 
on input line 2111.
\U@D=\dimen199
\l@unhyphenated=\language79

(<USER_HOME>/AppData/Local/Programs/MiKTeX/tex/generic/babel/luababel.def
\bbl@attr@locale=\attribute4

(<USER_HOME>/AppData/Local/Programs/MiKTeX/tex/luatex/luatexbase/luatexbase
.sty
Package: luatexbase 2015/10/04 v1.3 luatexbase interface to LuaTeX 

(<USER_HOME>/AppData/Local/Programs/MiKTeX/tex/luatex/ctablestack/ctablesta
ck.sty
Package: ctablestack 2015/10/01 v1.0 Catcode table stable support
\@catcodetablestackcnt=\count347
)
\CatcodeTableOther=\catcodetable16
\CatcodeTableExpl=\catcodetable17
)
Removing  `luaotfload.node_processor' from `pre_linebreak_filter'.
Inserting `Babel.pre_otfload_v' in `pre_linebreak_filter'.
Inserting `luaotfload.node_processor' in `pre_linebreak_filter'.
Removing  `luaotfload.node_processor' from `hpack_filter'.
Removing  `luaotfload.harf.finalize_hlist' from `hpack_filter'.
Inserting `Babel.pre_otfload_h' in `hpack_filter'.
Inserting `luaotfload.node_processor' in `hpack_filter'.
Inserting `luaotfload.harf.finalize_hlist' in `hpack_filter'.
\bbl@attr@dir=\attribute5
)
Package babel Info: Configuration files are deprecated, as
(babel)             they can break document portability.
(babel)             Reported on input line 4206.

*************************************
* Local config file bblopts.cfg used
*
(<USER_HOME>/AppData/Local/Programs/MiKTeX/tex/latex/arabi/bblopts.cfg
File: bblopts.cfg 2005/09/08 v0.1 add Arabic and Farsi to "declared" options of
 babel
)
(<USER_HOME>/AppData/Local/Programs/MiKTeX/tex/generic/babel/locale/en/babe
l-english.tex)
(<USER_HOME>/AppData/Local/Programs/MiKTeX/tex/generic/babel/locale/ar/babe
l-arabic.tex)
Package babel Info: Importing font and identification data for english
(babel)             from babel-en.ini. Reported on input line 4330.

(<USER_HOME>/AppData/Local/Programs/MiKTeX/tex/latex/babel-english/english.
ldf
Language: english 2017/06/06 v3.3r English support from the babel system
Package babel Info: Hyphen rules for 'canadian' set to \l@english
(babel)             (\language0). Reported on input line 102.
Package babel Info: Hyphen rules for 'australian' set to \l@ukenglish
(babel)             (\language74). Reported on input line 105.
Package babel Info: Hyphen rules for 'newzealand' set to \l@ukenglish
(babel)             (\language74). Reported on input line 108.
)
Package babel Info: Importing data for arabic
(babel)             from babel-ar.ini. Reported on input line 4330.
\bbl@readsubstream=\read4
Package babel Info: Hyphen rules for 'arabic' set to \l@english
(babel)             (\language0). Reported on input line 4330.

(<USER_HOME>/AppData/Local/Programs/MiKTeX/tex/generic/babel/babel-ca-islam
ic.tex))
(<USER_HOME>/AppData/Local/Programs/MiKTeX/tex/latex/amsmath/amsmath.sty
Package: amsmath 2025/07/09 v2.17z AMS math features
\@mathmargin=\skip192

For additional information on amsmath, use the `?' option.
(<USER_HOME>/AppData/Local/Programs/MiKTeX/tex/latex/amsmath/amstext.sty
Package: amstext 2024/11/17 v2.01 AMS text

(<USER_HOME>/AppData/Local/Programs/MiKTeX/tex/latex/amsmath/amsgen.sty
File: amsgen.sty 1999/11/30 v2.0 generic functions
\@emptytoks=\toks25
\ex@=\dimen256
))
(<USER_HOME>/AppData/Local/Programs/MiKTeX/tex/latex/amsmath/amsbsy.sty
Package: amsbsy 1999/11/29 v1.2d Bold Symbols
\pmbraise@=\dimen257
)
(<USER_HOME>/AppData/Local/Programs/MiKTeX/tex/latex/amsmath/amsopn.sty
Package: amsopn 2022/04/08 v2.04 operator names
)
\inf@bad=\count348
LaTeX Info: Redefining \frac on input line 235.
\uproot@=\count349
\leftroot@=\count350
LaTeX Info: Redefining \overline on input line 398.
LaTeX Info: Redefining \colon on input line 409.
\classnum@=\count351
\DOTSCASE@=\count352
LaTeX Info: Redefining \ldots on input line 495.
LaTeX Info: Redefining \dots on input line 498.
LaTeX Info: Redefining \cdots on input line 619.
\Mathstrutbox@=\box58
\strutbox@=\box59
LaTeX Info: Redefining \big on input line 721.
LaTeX Info: Redefining \Big on input line 722.
LaTeX Info: Redefining \bigg on input line 723.
LaTeX Info: Redefining \Bigg on input line 724.
\big@size=\dimen258
LaTeX Font Info:    Redeclaring font encoding OML on input line 742.
LaTeX Font Info:    Redeclaring font encoding OMS on input line 743.
\macc@depth=\count353
LaTeX Info: Redefining \bmod on input line 904.
LaTeX Info: Redefining \pmod on input line 909.
LaTeX Info: Redefining \smash on input line 939.
LaTeX Info: Redefining \relbar on input line 969.
LaTeX Info: Redefining \Relbar on input line 970.
\c@MaxMatrixCols=\count354
\dotsspace@=\muskip17
\c@parentequation=\count355
\dspbrk@lvl=\count356
\tag@help=\toks26
\row@=\count357
\column@=\count358
\maxfields@=\count359
\andhelp@=\toks27
\eqnshift@=\dimen259
\alignsep@=\dimen260
\tagshift@=\dimen261
\tagwidth@=\dimen262
\totwidth@=\dimen263
\lineht@=\dimen264
\@envbody=\toks28
\multlinegap=\skip193
\multlinetaggap=\skip194
\mathdisplay@stack=\toks29
LaTeX Info: Redefining \[ on input line 2950.
LaTeX Info: Redefining \] on input line 2951.
)
(<USER_HOME>/AppData/Local/Programs/MiKTeX/tex/latex/amsfonts/amssymb.sty
Package: amssymb 2013/01/14 v3.01 AMS font symbols

(<USER_HOME>/AppData/Local/Programs/MiKTeX/tex/latex/amsfonts/amsfonts.sty
Package: amsfonts 2013/01/14 v3.01 Basic AMSFonts support
\symAMSa=\mathgroup4
\symAMSb=\mathgroup5
LaTeX Font Info:    Redeclaring math symbol \hbar on input line 98.
LaTeX Font Info:    Overwriting math alphabet `\mathfrak' in version `bold'
(Font)                  U/euf/m/n --> U/euf/b/n on input line 106.
))
(<USER_HOME>/AppData/Local/Programs/MiKTeX/tex/latex/extarrows/extarrows.st
y
Package: extarrows 2020/03/12 v1.2.0 Some extensible arrows
)
(<USER_HOME>/AppData/Local/Programs/MiKTeX/tex/generic/mathdots/mathdots.st
y
Package: mathdots 2014/06/11 v0.9 Improve and add various macros for dots in ma
th.
\MDo@unit=\dimen265
\MDo@dotsbox=\box60
\MDoprekern=\muskip18
\MDopostkern=\muskip19
\MDodotkern=\muskip20
) (<USER_HOME>/AppData/Local/Programs/MiKTeX/tex/latex/isomath/isomath.sty
Package: isomath 2012/09/04 v0.6.1 ISO math style
(<USER_HOME>/AppData/Local/Programs/MiKTeX/tex/latex/fixmath/fixmath.sty
Package: fixmath 2022/10/06 v0.9.1 (WaS)
LaTeX Font Info:    Redeclaring math symbol \Gamma on input line 27.
LaTeX Font Info:    Redeclaring math symbol \Delta on input line 28.
LaTeX Font Info:    Redeclaring math symbol \Theta on input line 29.
LaTeX Font Info:    Redeclaring math symbol \Lambda on input line 30.
LaTeX Font Info:    Redeclaring math symbol \Xi on input line 31.
LaTeX Font Info:    Redeclaring math symbol \Pi on input line 32.
LaTeX Font Info:    Redeclaring math symbol \Sigma on input line 33.
LaTeX Font Info:    Redeclaring math symbol \Upsilon on input line 34.
LaTeX Font Info:    Redeclaring math symbol \Phi on input line 35.
LaTeX Font Info:    Redeclaring math symbol \Psi on input line 36.
LaTeX Font Info:    Redeclaring math symbol \Omega on input line 37.
LaTeX Font Info:    Redeclaring math symbol \alpha on input line 38.
LaTeX Font Info:    Redeclaring math symbol \beta on input line 39.
LaTeX Font Info:    Redeclaring math symbol \gamma on input line 40.
LaTeX Font Info:    Redeclaring math symbol \delta on input line 41.
LaTeX Font Info:    Redeclaring math symbol \epsilon on input line 42.
LaTeX Font Info:    Redeclaring math symbol \zeta on input line 43.
LaTeX Font Info:    Redeclaring math symbol \eta on input line 44.
LaTeX Font Info:    Redeclaring math symbol \theta on input line 45.
LaTeX Font Info:    Redeclaring math symbol \iota on input line 46.
LaTeX Font Info:    Redeclaring math symbol \kappa on input line 47.
LaTeX Font Info:    Redeclaring math symbol \lambda on input line 48.
LaTeX Font Info:    Redeclaring math symbol \mu on input line 49.
LaTeX Font Info:    Redeclaring math symbol \nu on input line 50.
LaTeX Font Info:    Redeclaring math symbol \xi on input line 51.
LaTeX Font Info:    Redeclaring math symbol \pi on input line 52.
LaTeX Font Info:    Redeclaring math symbol \rho on input line 53.
LaTeX Font Info:    Redeclaring math symbol \sigma on input line 54.
LaTeX Font Info:    Redeclaring math symbol \tau on input line 55.
LaTeX Font Info:    Redeclaring math symbol \upsilon on input line 56.
LaTeX Font Info:    Redeclaring math symbol \phi on input line 57.
LaTeX Font Info:    Redeclaring math symbol \chi on input line 58.
LaTeX Font Info:    Redeclaring math symbol \psi on input line 59.
LaTeX Font Info:    Redeclaring math symbol \omega on input line 60.
LaTeX Font Info:    Redeclaring math symbol \varepsilon on input line 61.
LaTeX Font Info:    Redeclaring math symbol \vartheta on input line 62.
LaTeX Font Info:    Redeclaring math symbol \varpi on input line 63.
LaTeX Font Info:    Redeclaring math symbol \varphi on input line 64.
LaTeX Font Info:    Redeclaring math symbol \varrho on input line 65.
LaTeX Font Info:    Redeclaring math symbol \varsigma on input line 66.
)
LaTeX Font Info:    Overwriting math alphabet `\mathsfit' in version `bold'
(Font)                  OML/cmbr/m/it --> OML/cmbr/bx/it on input line 201.
)
(<USER_HOME>/AppData/Local/Programs/MiKTeX/tex/latex/mfirstuc/mfirstuc.sty
Package: mfirstuc 2025/04/03 v2.09 (NLCT)
\@glsmfirst=\toks30
\@glsmrest=\toks31
) (<USER_HOME>/AppData/Local/Programs/MiKTeX/tex/latex/subfiles/subfiles.st
y
Package: subfiles 2020/11/14 v2.2 Multi-file projects (package)
(<USER_HOME>/AppData/Local/Programs/MiKTeX/tex/latex/import/import.sty
Package: import 2020/04/01  v 6.2
))
(<USER_HOME>/AppData/Local/Programs/MiKTeX/tex/latex/framed/framed.sty
Package: framed 2011/10/22 v 0.96: framed or shaded text with page breaks
\OuterFrameSep=\skip195
\fb@frw=\dimen266
\fb@frh=\dimen267
)
(<USER_HOME>/AppData/Local/Programs/MiKTeX/tex/latex/graphics/graphicx.sty
Package: graphicx 2024/12/31 v1.2e Enhanced LaTeX Graphics (DPC,SPQR)

(<USER_HOME>/AppData/Local/Programs/MiKTeX/tex/latex/graphics/graphics.sty
Package: graphics 2024/08/06 v1.4g Standard LaTeX Graphics (DPC,SPQR)

(<USER_HOME>/AppData/Local/Programs/MiKTeX/tex/latex/graphics/trig.sty
Package: trig 2023/12/02 v1.11 sin cos tan (DPC)
)
(<USER_HOME>/AppData/Local/Programs/MiKTeX/tex/latex/graphics-cfg/graphics.
cfg
File: graphics.cfg 2016/06/04 v1.11 sample graphics configuration
)
Package graphics Info: Driver file: luatex.def on input line 106.
)
\Gin@req@height=\dimen268
\Gin@req@width=\dimen269
)
(<USER_HOME>/AppData/Local/Programs/MiKTeX/tex/latex/multirow/multirow.sty
Package: multirow 2024/11/12 v2.9 Span multiple rows of a table
\multirow@colwidth=\skip196
\multirow@cntb=\count360
\multirow@dima=\skip197
\bigstrutjot=\dimen270
) (<USER_HOME>/AppData/Local/Programs/MiKTeX/tex/latex/tools/longtable.sty
Package: longtable 2025-10-13 v4.24 Multi-page Table package (DPC)
\LTleft=\skip198
\LTright=\skip199
\LTpre=\skip256
\LTpost=\skip257
\LTchunksize=\count361
\LTcapwidth=\dimen271
\LT@head=\box61
\LT@firsthead=\box62
\LT@foot=\box63
\LT@lastfoot=\box64
\LT@gbox=\box65
\LT@cols=\count362
\LT@rows=\count363
\c@LT@tables=\count364
\c@LT@chunks=\count365
\LT@p@ftn=\toks32
)
(<USER_HOME>/AppData/Local/Programs/MiKTeX/tex/latex/units/nicefrac.sty
Package: nicefrac 1998/08/04 v0.9b Nice fractions
\L@UnitsRaiseDisplaystyle=\skip258
\L@UnitsRaiseTextstyle=\skip259
\L@UnitsRaiseScriptstyle=\skip260

(<USER_HOME>/AppData/Local/Programs/MiKTeX/tex/latex/base/ifthen.sty
Package: ifthen 2024/03/16 v1.1e Standard LaTeX ifthen package (DPC)
))
(<USER_HOME>/AppData/Local/Programs/MiKTeX/tex/latex/graphics/rotating.sty
Package: rotating 2025/01/14 v2.16e rotated objects in LaTeX
\c@r@tfl@t=\count366
\rotFPtop=\skip261
\rotFPbot=\skip262
\rot@float@box=\box66
\rot@mess@toks=\toks33
) (<USER_HOME>/AppData/Local/Programs/MiKTeX/tex/latex/natbib/natbib.sty
Package: natbib 2010/09/13 8.31b (PWD, AO)
\bibhang=\skip263
\bibsep=\skip264
LaTeX Info: Redefining \cite on input line 694.
\c@NAT@ctr=\count367
)
(<USER_HOME>/AppData/Local/Programs/MiKTeX/tex/latex/pgf/frontendlayer/tikz
.sty
(<USER_HOME>/AppData/Local/Programs/MiKTeX/tex/latex/pgf/basiclayer/pgf.sty

(<USER_HOME>/AppData/Local/Programs/MiKTeX/tex/latex/pgf/utilities/pgfrcs.s
ty
(<USER_HOME>/AppData/Local/Programs/MiKTeX/tex/generic/pgf/utilities/pgfuti
l-common.tex
\pgfutil@everybye=\toks34
\pgfutil@tempdima=\dimen272
\pgfutil@tempdimb=\dimen273
)
(<USER_HOME>/AppData/Local/Programs/MiKTeX/tex/generic/pgf/utilities/pgfuti
l-latex.def
\pgfutil@abb=\box67
)
(<USER_HOME>/AppData/Local/Programs/MiKTeX/tex/generic/pgf/utilities/pgfrcs
.code.tex
(<USER_HOME>/AppData/Local/Programs/MiKTeX/tex/generic/pgf/pgf.revision.tex
)
Package: pgfrcs 2025-08-29 v3.1.11a (3.1.11a)
))
Package: pgf 2025-08-29 v3.1.11a (3.1.11a)

(<USER_HOME>/AppData/Local/Programs/MiKTeX/tex/latex/pgf/basiclayer/pgfcore
.sty
(<USER_HOME>/AppData/Local/Programs/MiKTeX/tex/latex/pgf/systemlayer/pgfsys
.sty
(<USER_HOME>/AppData/Local/Programs/MiKTeX/tex/generic/pgf/systemlayer/pgfs
ys.code.tex
Package: pgfsys 2025-08-29 v3.1.11a (3.1.11a)

(<USER_HOME>/AppData/Local/Programs/MiKTeX/tex/generic/pgf/utilities/pgfkey
s.code.tex
\pgfkeys@pathtoks=\toks35
\pgfkeys@temptoks=\toks36

(<USER_HOME>/AppData/Local/Programs/MiKTeX/tex/generic/pgf/utilities/pgfkey
slibraryfiltered.code.tex
\pgfkeys@tmptoks=\toks37
))
\pgf@x=\dimen274
\pgf@y=\dimen275
\pgf@xa=\dimen276
\pgf@ya=\dimen277
\pgf@xb=\dimen278
\pgf@yb=\dimen279
\pgf@xc=\dimen280
\pgf@yc=\dimen281
\pgf@xd=\dimen282
\pgf@yd=\dimen283
\w@pgf@writea=\write4
\r@pgf@reada=\read5
\c@pgf@counta=\count368
\c@pgf@countb=\count369
\c@pgf@countc=\count370
\c@pgf@countd=\count371
\t@pgf@toka=\toks38
\t@pgf@tokb=\toks39
\t@pgf@tokc=\toks40
\pgf@sys@id@count=\count372

(<USER_HOME>/AppData/Local/Programs/MiKTeX/tex/generic/pgf/systemlayer/pgf.
cfg
File: pgf.cfg 2025-08-29 v3.1.11a (3.1.11a)
)
Driver file for pgf: pgfsys-luatex.def

(<USER_HOME>/AppData/Local/Programs/MiKTeX/tex/generic/pgf/systemlayer/pgfs
ys-luatex.def
File: pgfsys-luatex.def 2025-08-29 v3.1.11a (3.1.11a)

(<USER_HOME>/AppData/Local/Programs/MiKTeX/tex/generic/pgf/systemlayer/pgfs
ys-common-pdf.def
File: pgfsys-common-pdf.def 2025-08-29 v3.1.11a (3.1.11a)
)))
(<USER_HOME>/AppData/Local/Programs/MiKTeX/tex/generic/pgf/systemlayer/pgfs
yssoftpath.code.tex
File: pgfsyssoftpath.code.tex 2025-08-29 v3.1.11a (3.1.11a)
\pgfsyssoftpath@smallbuffer@items=\count373
\pgfsyssoftpath@bigbuffer@items=\count374
)
(<USER_HOME>/AppData/Local/Programs/MiKTeX/tex/generic/pgf/systemlayer/pgfs
ysprotocol.code.tex
File: pgfsysprotocol.code.tex 2025-08-29 v3.1.11a (3.1.11a)
))
(<USER_HOME>/AppData/Local/Programs/MiKTeX/tex/generic/pgf/basiclayer/pgfco
re.code.tex
Package: pgfcore 2025-08-29 v3.1.11a (3.1.11a)

(<USER_HOME>/AppData/Local/Programs/MiKTeX/tex/generic/pgf/math/pgfmath.cod
e.tex
(<USER_HOME>/AppData/Local/Programs/MiKTeX/tex/generic/pgf/math/pgfmathutil
.code.tex)
(<USER_HOME>/AppData/Local/Programs/MiKTeX/tex/generic/pgf/math/pgfmathpars
er.code.tex
\pgfmath@dimen=\dimen284
\pgfmath@count=\count375
\pgfmath@box=\box68
\pgfmath@toks=\toks41
\pgfmath@stack@operand=\toks42
\pgfmath@stack@operation=\toks43
)
(<USER_HOME>/AppData/Local/Programs/MiKTeX/tex/generic/pgf/math/pgfmathfunc
tions.code.tex)
(<USER_HOME>/AppData/Local/Programs/MiKTeX/tex/generic/pgf/math/pgfmathfunc
tions.basic.code.tex)
(<USER_HOME>/AppData/Local/Programs/MiKTeX/tex/generic/pgf/math/pgfmathfunc
tions.trigonometric.code.tex)
(<USER_HOME>/AppData/Local/Programs/MiKTeX/tex/generic/pgf/math/pgfmathfunc
tions.random.code.tex)
(<USER_HOME>/AppData/Local/Programs/MiKTeX/tex/generic/pgf/math/pgfmathfunc
tions.comparison.code.tex)
(<USER_HOME>/AppData/Local/Programs/MiKTeX/tex/generic/pgf/math/pgfmathfunc
tions.base.code.tex)
(<USER_HOME>/AppData/Local/Programs/MiKTeX/tex/generic/pgf/math/pgfmathfunc
tions.round.code.tex)
(<USER_HOME>/AppData/Local/Programs/MiKTeX/tex/generic/pgf/math/pgfmathfunc
tions.misc.code.tex)
(<USER_HOME>/AppData/Local/Programs/MiKTeX/tex/generic/pgf/math/pgfmathfunc
tions.integerarithmetics.code.tex)
(<USER_HOME>/AppData/Local/Programs/MiKTeX/tex/generic/pgf/math/pgfmathcalc
.code.tex)
(<USER_HOME>/AppData/Local/Programs/MiKTeX/tex/generic/pgf/math/pgfmathfloa
t.code.tex
\c@pgfmathroundto@lastzeros=\count376
))
(<USER_HOME>/AppData/Local/Programs/MiKTeX/tex/generic/pgf/math/pgfint.code
.tex)
(<USER_HOME>/AppData/Local/Programs/MiKTeX/tex/generic/pgf/basiclayer/pgfco
repoints.code.tex
File: pgfcorepoints.code.tex 2025-08-29 v3.1.11a (3.1.11a)
\pgf@picminx=\dimen285
\pgf@picmaxx=\dimen286
\pgf@picminy=\dimen287
\pgf@picmaxy=\dimen288
\pgf@pathminx=\dimen289
\pgf@pathmaxx=\dimen290
\pgf@pathminy=\dimen291
\pgf@pathmaxy=\dimen292
\pgf@xx=\dimen293
\pgf@xy=\dimen294
\pgf@yx=\dimen295
\pgf@yy=\dimen296
\pgf@zx=\dimen297
\pgf@zy=\dimen298
)
(<USER_HOME>/AppData/Local/Programs/MiKTeX/tex/generic/pgf/basiclayer/pgfco
repathconstruct.code.tex
File: pgfcorepathconstruct.code.tex 2025-08-29 v3.1.11a (3.1.11a)
\pgf@path@lastx=\dimen299
\pgf@path@lasty=\dimen300
)
(<USER_HOME>/AppData/Local/Programs/MiKTeX/tex/generic/pgf/basiclayer/pgfco
repathusage.code.tex
File: pgfcorepathusage.code.tex 2025-08-29 v3.1.11a (3.1.11a)
\pgf@shorten@end@additional=\dimen301
\pgf@shorten@start@additional=\dimen302
)
(<USER_HOME>/AppData/Local/Programs/MiKTeX/tex/generic/pgf/basiclayer/pgfco
rescopes.code.tex
File: pgfcorescopes.code.tex 2025-08-29 v3.1.11a (3.1.11a)
\pgfpic=\box69
\pgf@hbox=\box70
\pgf@layerbox@main=\box71
\pgf@picture@serial@count=\count377
)
(<USER_HOME>/AppData/Local/Programs/MiKTeX/tex/generic/pgf/basiclayer/pgfco
regraphicstate.code.tex
File: pgfcoregraphicstate.code.tex 2025-08-29 v3.1.11a (3.1.11a)
\pgflinewidth=\dimen303
)
(<USER_HOME>/AppData/Local/Programs/MiKTeX/tex/generic/pgf/basiclayer/pgfco
retransformations.code.tex
File: pgfcoretransformations.code.tex 2025-08-29 v3.1.11a (3.1.11a)
\pgf@pt@x=\dimen304
\pgf@pt@y=\dimen305
\pgf@pt@temp=\dimen306
)
(<USER_HOME>/AppData/Local/Programs/MiKTeX/tex/generic/pgf/basiclayer/pgfco
requick.code.tex
File: pgfcorequick.code.tex 2025-08-29 v3.1.11a (3.1.11a)
)
(<USER_HOME>/AppData/Local/Programs/MiKTeX/tex/generic/pgf/basiclayer/pgfco
reobjects.code.tex
File: pgfcoreobjects.code.tex 2025-08-29 v3.1.11a (3.1.11a)
)
(<USER_HOME>/AppData/Local/Programs/MiKTeX/tex/generic/pgf/basiclayer/pgfco
repathprocessing.code.tex
File: pgfcorepathprocessing.code.tex 2025-08-29 v3.1.11a (3.1.11a)
)
(<USER_HOME>/AppData/Local/Programs/MiKTeX/tex/generic/pgf/basiclayer/pgfco
rearrows.code.tex
File: pgfcorearrows.code.tex 2025-08-29 v3.1.11a (3.1.11a)
\pgfarrowsep=\dimen307
)
(<USER_HOME>/AppData/Local/Programs/MiKTeX/tex/generic/pgf/basiclayer/pgfco
reshade.code.tex
File: pgfcoreshade.code.tex 2025-08-29 v3.1.11a (3.1.11a)
\pgf@max=\dimen308
\pgf@sys@shading@range@num=\count378
\pgf@shadingcount=\count379
)
(<USER_HOME>/AppData/Local/Programs/MiKTeX/tex/generic/pgf/basiclayer/pgfco
reimage.code.tex
File: pgfcoreimage.code.tex 2025-08-29 v3.1.11a (3.1.11a)
)
(<USER_HOME>/AppData/Local/Programs/MiKTeX/tex/generic/pgf/basiclayer/pgfco
reexternal.code.tex
File: pgfcoreexternal.code.tex 2025-08-29 v3.1.11a (3.1.11a)
\pgfexternal@startupbox=\box72
)
(<USER_HOME>/AppData/Local/Programs/MiKTeX/tex/generic/pgf/basiclayer/pgfco
relayers.code.tex
File: pgfcorelayers.code.tex 2025-08-29 v3.1.11a (3.1.11a)
)
(<USER_HOME>/AppData/Local/Programs/MiKTeX/tex/generic/pgf/basiclayer/pgfco
retransparency.code.tex
File: pgfcoretransparency.code.tex 2025-08-29 v3.1.11a (3.1.11a)
)
(<USER_HOME>/AppData/Local/Programs/MiKTeX/tex/generic/pgf/basiclayer/pgfco
repatterns.code.tex
File: pgfcorepatterns.code.tex 2025-08-29 v3.1.11a (3.1.11a)
)
(<USER_HOME>/AppData/Local/Programs/MiKTeX/tex/generic/pgf/basiclayer/pgfco
rerdf.code.tex
File: pgfcorerdf.code.tex 2025-08-29 v3.1.11a (3.1.11a)
)))
(<USER_HOME>/AppData/Local/Programs/MiKTeX/tex/generic/pgf/modules/pgfmodul
eshapes.code.tex
File: pgfmoduleshapes.code.tex 2025-08-29 v3.1.11a (3.1.11a)
\pgfnodeparttextbox=\box73
)
(<USER_HOME>/AppData/Local/Programs/MiKTeX/tex/generic/pgf/modules/pgfmodul
eplot.code.tex
File: pgfmoduleplot.code.tex 2025-08-29 v3.1.11a (3.1.11a)
)
(<USER_HOME>/AppData/Local/Programs/MiKTeX/tex/latex/pgf/compatibility/pgfc
omp-version-0-65.sty
Package: pgfcomp-version-0-65 2025-08-29 v3.1.11a (3.1.11a)
\pgf@nodesepstart=\dimen309
\pgf@nodesepend=\dimen310
)
(<USER_HOME>/AppData/Local/Programs/MiKTeX/tex/latex/pgf/compatibility/pgfc
omp-version-1-18.sty
Package: pgfcomp-version-1-18 2025-08-29 v3.1.11a (3.1.11a)
))
(<USER_HOME>/AppData/Local/Programs/MiKTeX/tex/latex/pgf/utilities/pgffor.s
ty
(<USER_HOME>/AppData/Local/Programs/MiKTeX/tex/latex/pgf/utilities/pgfkeys.
sty
(<USER_HOME>/AppData/Local/Programs/MiKTeX/tex/generic/pgf/utilities/pgfkey
s.code.tex))
(<USER_HOME>/AppData/Local/Programs/MiKTeX/tex/latex/pgf/math/pgfmath.sty
(<USER_HOME>/AppData/Local/Programs/MiKTeX/tex/generic/pgf/math/pgfmath.cod
e.tex))
(<USER_HOME>/AppData/Local/Programs/MiKTeX/tex/generic/pgf/utilities/pgffor
.code.tex
Package: pgffor 2025-08-29 v3.1.11a (3.1.11a)
\pgffor@iter=\dimen311
\pgffor@skip=\dimen312
\pgffor@stack=\toks44
\pgffor@toks=\toks45
))
(<USER_HOME>/AppData/Local/Programs/MiKTeX/tex/generic/pgf/frontendlayer/ti
kz/tikz.code.tex
Package: tikz 2025-08-29 v3.1.11a (3.1.11a)

(<USER_HOME>/AppData/Local/Programs/MiKTeX/tex/generic/pgf/libraries/pgflib
raryplothandlers.code.tex
File: pgflibraryplothandlers.code.tex 2025-08-29 v3.1.11a (3.1.11a)
\pgf@plot@mark@count=\count380
\pgfplotmarksize=\dimen313
)
\tikz@lastx=\dimen314
\tikz@lasty=\dimen315
\tikz@lastxsaved=\dimen316
\tikz@lastysaved=\dimen317
\tikz@lastmovetox=\dimen318
\tikz@lastmovetoy=\dimen319
\tikzleveldistance=\dimen320
\tikzsiblingdistance=\dimen321
\tikz@figbox=\box74
\tikz@figbox@bg=\box75
\tikz@tempbox=\box76
\tikz@tempbox@bg=\box77
\tikztreelevel=\count381
\tikznumberofchildren=\count382
\tikznumberofcurrentchild=\count383
\tikz@fig@count=\count384

(<USER_HOME>/AppData/Local/Programs/MiKTeX/tex/generic/pgf/modules/pgfmodul
ematrix.code.tex
File: pgfmodulematrix.code.tex 2025-08-29 v3.1.11a (3.1.11a)
\pgfmatrixcurrentrow=\count385
\pgfmatrixcurrentcolumn=\count386
\pgf@matrix@numberofcolumns=\count387
)
\tikz@expandcount=\count388

(<USER_HOME>/AppData/Local/Programs/MiKTeX/tex/generic/pgf/frontendlayer/ti
kz/libraries/tikzlibrarytopaths.code.tex
File: tikzlibrarytopaths.code.tex 2025-08-29 v3.1.11a (3.1.11a)
)))
(<USER_HOME>/AppData/Local/Programs/MiKTeX/tex/latex/tikzscale/tikzscale.st
y
Package: tikzscale 2013/05/22 v0.2.6 tikzscale LaTeX package

(<USER_HOME>/AppData/Local/Programs/MiKTeX/tex/latex/letltxmacro/letltxmacr
o.sty
Package: letltxmacro 2019/12/03 v1.6 Let assignment for LaTeX macros (HO)
)
\tikzscale@measuredSize=\box78
)
(<USER_HOME>/AppData/Local/Programs/MiKTeX/tex/generic/pgf/frontendlayer/ti
kz/libraries/tikzlibraryarrows.code.tex
File: tikzlibraryarrows.code.tex 2025-08-29 v3.1.11a (3.1.11a)

(<USER_HOME>/AppData/Local/Programs/MiKTeX/tex/generic/pgf/libraries/pgflib
raryarrows.code.tex
File: pgflibraryarrows.code.tex 2025-08-29 v3.1.11a (3.1.11a)
\arrowsize=\dimen322
))
(<USER_HOME>/AppData/Local/Programs/MiKTeX/tex/generic/pgf/frontendlayer/ti
kz/libraries/tikzlibraryautomata.code.tex
File: tikzlibraryautomata.code.tex 2025-08-29 v3.1.11a (3.1.11a)

(<USER_HOME>/AppData/Local/Programs/MiKTeX/tex/generic/pgf/frontendlayer/ti
kz/libraries/tikzlibraryshapes.multipart.code.tex
File: tikzlibraryshapes.multipart.code.tex 2025-08-29 v3.1.11a (3.1.11a)

(<USER_HOME>/AppData/Local/Programs/MiKTeX/tex/generic/pgf/libraries/shapes
/pgflibraryshapes.multipart.code.tex
File: pgflibraryshapes.multipart.code.tex 2025-08-29 v3.1.11a (3.1.11a)
\pgfnodepartlowerbox=\box79
\pgfnodeparttwobox=\box80
\pgfnodepartthreebox=\box81
\pgfnodepartfourbox=\box82
\pgfnodeparttwentybox=\box83
\pgfnodepartnineteenbox=\box84
\pgfnodeparteighteenbox=\box85
\pgfnodepartseventeenbox=\box86
\pgfnodepartsixteenbox=\box87
\pgfnodepartfifteenbox=\box88
\pgfnodepartfourteenbox=\box89
\pgfnodepartthirteenbox=\box90
\pgfnodeparttwelvebox=\box91
\pgfnodepartelevenbox=\box92
\pgfnodeparttenbox=\box93
\pgfnodepartninebox=\box94
\pgfnodeparteightbox=\box95
\pgfnodepartsevenbox=\box96
\pgfnodepartsixbox=\box97
\pgfnodepartfivebox=\box98
)))
(<USER_HOME>/AppData/Local/Programs/MiKTeX/tex/generic/pgf/frontendlayer/ti
kz/libraries/tikzlibraryintersections.code.tex
(<USER_HOME>/AppData/Local/Programs/MiKTeX/tex/generic/pgf/libraries/pgflib
raryintersections.code.tex
(<USER_HOME>/AppData/Local/Programs/MiKTeX/tex/generic/pgf/libraries/pgflib
raryfpu.code.tex)
\pgf@intersect@solutions=\count389
))
(<USER_HOME>/AppData/Local/Programs/MiKTeX/tex/generic/pgf/frontendlayer/ti
kz/libraries/tikzlibrarypositioning.code.tex
File: tikzlibrarypositioning.code.tex 2025-08-29 v3.1.11a (3.1.11a)
)
(<USER_HOME>/AppData/Local/Programs/MiKTeX/tex/latex/bussproofs/bussproofs.
sty
Proof Tree (bussproofs) style macros. Version 1.1.
\theLevel=\count390
\myMaxLevel=\count391
\myBoxA=\box99
\myBoxB=\box100
\myBoxC=\box101
\myBoxD=\box102
\myBoxLL=\box103
\myBoxRL=\box104
\thisAboveSkip=\dimen323
\thisBelowSkip=\dimen324
\newScoreStart=\dimen325
\newScoreEnd=\dimen326
\newCenter=\dimen327
\displace=\dimen328
\leftLowerAmt=\dimen329
\rightLowerAmt=\dimen330
\scoreHeight=\dimen331
\scoreDepth=\dimen332
\htLbox=\dimen333
\htRbox=\dimen334
\htRRbox=\dimen335
\htRRRbox=\dimen336
\htAbox=\dimen337
\htCbox=\dimen338
)
(<USER_HOME>/AppData/Local/Programs/MiKTeX/tex/latex/prooftrees/prooftrees.
sty
(<USER_HOME>/AppData/Local/Programs/MiKTeX/tex/latex/svn-prov/svn-prov.sty
Package: svn-prov 2010/04/24 v3.1862 Package Date/Version from SVN Keywords
)
Package: prooftrees 2026/02/21 v0.9.3 (SVN Rev: 11666)
(<USER_HOME>/AppData/Local/Programs/MiKTeX/tex/latex/forest/forest.sty
Package: forest 2017/07/14 v2.1.5 Drawing (linguistic) trees

(<USER_HOME>/AppData/Local/Programs/MiKTeX/tex/generic/pgf/frontendlayer/ti
kz/libraries/tikzlibraryshapes.code.tex
File: tikzlibraryshapes.code.tex 2025-08-29 v3.1.11a (3.1.11a)

(<USER_HOME>/AppData/Local/Programs/MiKTeX/tex/generic/pgf/frontendlayer/ti
kz/libraries/tikzlibraryshapes.geometric.code.tex
File: tikzlibraryshapes.geometric.code.tex 2025-08-29 v3.1.11a (3.1.11a)

(<USER_HOME>/AppData/Local/Programs/MiKTeX/tex/generic/pgf/libraries/shapes
/pgflibraryshapes.geometric.code.tex
File: pgflibraryshapes.geometric.code.tex 2025-08-29 v3.1.11a (3.1.11a)
))
(<USER_HOME>/AppData/Local/Programs/MiKTeX/tex/generic/pgf/frontendlayer/ti
kz/libraries/tikzlibraryshapes.misc.code.tex
File: tikzlibraryshapes.misc.code.tex 2025-08-29 v3.1.11a (3.1.11a)

(<USER_HOME>/AppData/Local/Programs/MiKTeX/tex/generic/pgf/libraries/shapes
/pgflibraryshapes.misc.code.tex
File: pgflibraryshapes.misc.code.tex 2025-08-29 v3.1.11a (3.1.11a)
))
(<USER_HOME>/AppData/Local/Programs/MiKTeX/tex/generic/pgf/frontendlayer/ti
kz/libraries/tikzlibraryshapes.symbols.code.tex
File: tikzlibraryshapes.symbols.code.tex 2025-08-29 v3.1.11a (3.1.11a)

(<USER_HOME>/AppData/Local/Programs/MiKTeX/tex/generic/pgf/libraries/shapes
/pgflibraryshapes.symbols.code.tex
File: pgflibraryshapes.symbols.code.tex 2025-08-29 v3.1.11a (3.1.11a)
))
(<USER_HOME>/AppData/Local/Programs/MiKTeX/tex/generic/pgf/frontendlayer/ti
kz/libraries/tikzlibraryshapes.arrows.code.tex
File: tikzlibraryshapes.arrows.code.tex 2025-08-29 v3.1.11a (3.1.11a)

(<USER_HOME>/AppData/Local/Programs/MiKTeX/tex/generic/pgf/libraries/shapes
/pgflibraryshapes.arrows.code.tex
File: pgflibraryshapes.arrows.code.tex 2025-08-29 v3.1.11a (3.1.11a)
))
(<USER_HOME>/AppData/Local/Programs/MiKTeX/tex/generic/pgf/frontendlayer/ti
kz/libraries/tikzlibraryshapes.callouts.code.tex
(<USER_HOME>/AppData/Local/Programs/MiKTeX/tex/generic/pgf/libraries/shapes
/pgflibraryshapes.callouts.code.tex)))
(<USER_HOME>/AppData/Local/Programs/MiKTeX/tex/generic/pgf/frontendlayer/ti
kz/libraries/tikzlibraryfit.code.tex
File: tikzlibraryfit.code.tex 2025-08-29 v3.1.11a (3.1.11a)
)
(<USER_HOME>/AppData/Local/Programs/MiKTeX/tex/generic/pgf/frontendlayer/ti
kz/libraries/tikzlibrarycalc.code.tex
File: tikzlibrarycalc.code.tex 2025-08-29 v3.1.11a (3.1.11a)
)
(<USER_HOME>/AppData/Local/Programs/MiKTeX/tex/latex/pgfopts/pgfopts.sty
Package: pgfopts 2014/07/10 v2.1a LaTeX package options with pgfkeys
\pgfopts@list@add@a@toks=\toks46
\pgfopts@list@add@b@toks=\toks47
)
(<USER_HOME>/AppData/Local/Programs/MiKTeX/tex/latex/elocalloc/elocalloc.st
y
Package: elocalloc 2016/12/15 v0.03 local allocation for LaTeX 2015+ (DPC)
) (<USER_HOME>/AppData/Local/Programs/MiKTeX/tex/latex/environ/environ.sty
Package: environ 2014/05/04 v0.3 A new way to define environments

(<USER_HOME>/AppData/Local/Programs/MiKTeX/tex/latex/trimspaces/trimspaces.
sty
Package: trimspaces 2009/09/17 v1.1 Trim spaces around a token list
))
(<USER_HOME>/AppData/Local/Programs/MiKTeX/tex/latex/inlinedef/inlinedef.st
y
Package: inlinedef 2008/07/10 v1.0 Inlined expansions within definitions
\ID@toks=\toks48
\ID@count=\count392
)
\ID@usercommands=\toks49
\safeloop@depth=\count393
\safeRKloop@depth=\count394
\forest@temp@dimen=\dimen339
\forest@temp@count=\count395
\forest@n=\count396
\forest@temp@global@count=\count397
\forest@temp@toks=\toks50
\forest@temparray@M=\count398
\forest@temparray@N=\count399
\forest@global@temparray@M=\count400
\forest@global@temparray@N=\count401
\forest@isnum@count=\count402
\forest@isdim@nonintpart=\count403
\forest@isdim@dimen=\dimen340
\forest@sort@m=\count404
\forest@sort@k=\count405
\forest@sort@p=\count406
\bracket@content=\toks51
\bracket@afterthought=\toks52
\forest@node@maxid=\count407
\forest@process@left@M=\count408
\forest@process@left@N=\count409
\forest@process@right@M=\count410
\forest@process@right@N=\count411
\forest@process@saved@M=\count412
\forest@process@saved@N=\count413
\forest@process@result@M=\count414
\forest@process@result@N=\count415
\forest@process@n=\count416
\forest@nodewalk@branch@toks=\toks53
\forest@nodewalk@shortsteps@resolution=\toks54
\forest@do@dynamics=\toks55
\forest@box=\box105
\forest@xg=\dimen341
\forest@yg=\dimen342
\forest@xs=\dimen343
\forest@ys=\dimen344
\forest@pi@toks=\toks56
\forest@segment@toks=\toks57
\forest@PIi@toks=\toks58
\forest@PIii@toks=\toks59
\forest@copy@in=\read6
\forest@copy@out=\write5
\forest@externalize@max@outer@n=\count417
\forest@externalize@inner@n=\count418
)
(<USER_HOME>/AppData/Local/Programs/MiKTeX/tex/latex/forest-ext/forest-lib-
ext.tagging.sty
Package: forest-lib-ext.tagging v0.1

(<USER_HOME>/AppData/Local/Programs/MiKTeX/tex/latex/forest-ext/forest-lib-
ext.utils.sty
Package: forest-lib-ext.utils 2025-12-05 v0.1
\forestext@toksa=\toks60
)
\tagforest@toks=\toks61
\tagforest@id=\count419

[Forest ext.utils debug]:: Setting processing order for tag nodes to unique=tre
e.
[Forest ext.utils debug]:: Setting processing order for collate tags to unique=
tree.
)
[Forest ext.utils debug]:: Setting processing order for proof tree copy content
 to unique=tree.
) (<USER_HOME>/AppData/Local/Programs/MiKTeX/tex/latex/wrapfig/wrapfig.sty
\wrapoverhang=\dimen345
\WF@size=\dimen346
\c@WF@wrappedlines=\count420
\WF@box=\box106
\WF@everypar=\toks62
Package: wrapfig 2003/01/31  v 3.6
)
(<USER_HOME>/AppData/Local/Programs/MiKTeX/tex/generic/catchfile/catchfile.
sty
Package: catchfile 2019/12/09 v1.8 Catch the contents of a file (HO)

(<USER_HOME>/AppData/Local/Programs/MiKTeX/tex/generic/etexcmds/etexcmds.st
y
Package: etexcmds 2019/12/15 v1.7 Avoid name clashes with e-TeX commands (HO)
))
(<USER_HOME>/AppData/Local/Programs/MiKTeX/tex/latex/hyperref/hyperref.sty
Package: hyperref 2026-04-24 v7.01q Hypertext links for LaTeX

(<USER_HOME>/AppData/Local/Programs/MiKTeX/tex/generic/kvdefinekeys/kvdefin
ekeys.sty
Package: kvdefinekeys 2019-12-19 v1.6 Define keys (HO)
)
(<USER_HOME>/AppData/Local/Programs/MiKTeX/tex/generic/pdfescape/pdfescape.
sty
Package: pdfescape 2019/12/09 v1.15 Implements pdfTeX's escape features (HO)

(<USER_HOME>/AppData/Local/Programs/MiKTeX/tex/generic/pdftexcmds/pdftexcmd
s.sty
Package: pdftexcmds 2020-06-27 v0.33 Utility functions of pdfTeX for LuaTeX (HO
)
Package pdftexcmds Info: \pdf@primitive is available.
Package pdftexcmds Info: \pdf@ifprimitive is available.
Package pdftexcmds Info: \pdfdraftmode found.
\pdftexcmds@toks=\toks63
))
(<USER_HOME>/AppData/Local/Programs/MiKTeX/tex/latex/hycolor/hycolor.sty
Package: hycolor 2020-01-27 v1.10 Color options for hyperref/bookmark (HO)
)
(<USER_HOME>/AppData/Local/Programs/MiKTeX/tex/generic/stringenc/stringenc.
sty
Package: stringenc 2019/11/29 v1.12 Convert strings between diff. encodings (HO
)
)
\@linkdim=\dimen347
\Hy@linkcounter=\count421
\Hy@pagecounter=\count422

(<USER_HOME>/AppData/Local/Programs/MiKTeX/tex/latex/hyperref/pd1enc.def
File: pd1enc.def 2026-04-24 v7.01q Hyperref: PDFDocEncoding definition (HO)
)
(<USER_HOME>/AppData/Local/Programs/MiKTeX/tex/generic/intcalc/intcalc.sty
Package: intcalc 2019/12/15 v1.3 Expandable calculations with integers (HO)
)
\Hy@SavedSpaceFactor=\count423
(<USER_HOME>/AppData/Local/Programs/MiKTeX/tex/latex/hyperref/puenc.def
File: puenc.def 2026-04-24 v7.01q Hyperref: PDF Unicode definition (HO)
)
Package hyperref Info: Hyper figures OFF on input line 4199.
Package hyperref Info: Link nesting OFF on input line 4204.
Package hyperref Info: Hyper index ON on input line 4207.
Package hyperref Info: Plain pages OFF on input line 4214.
Package hyperref Info: Backreferencing OFF on input line 4219.
Package hyperref Info: Implicit mode ON; LaTeX internals redefined.
Package hyperref Info: Bookmarks ON on input line 4466.
\c@Hy@tempcnt=\count424

(<USER_HOME>/AppData/Local/Programs/MiKTeX/tex/latex/url/url.sty
\Urlmuskip=\muskip21
Package: url 2013/09/16  ver 3.4  Verb mode for urls, etc.
)
LaTeX Info: Redefining \url on input line 4805.
\XeTeXLinkMargin=\dimen348

(<USER_HOME>/AppData/Local/Programs/MiKTeX/tex/generic/bitset/bitset.sty
Package: bitset 2019/12/09 v1.3 Handle bit-vector datatype (HO)

(<USER_HOME>/AppData/Local/Programs/MiKTeX/tex/generic/bigintcalc/bigintcal
c.sty
Package: bigintcalc 2019/12/15 v1.5 Expandable calculations on big integers (HO
)
))
\Fld@menulength=\count425
\Field@Width=\dimen349
\Fld@charsize=\dimen350
Package hyperref Info: Hyper figures OFF on input line 6091.
Package hyperref Info: Link nesting OFF on input line 6096.
Package hyperref Info: Hyper index ON on input line 6099.
Package hyperref Info: backreferencing OFF on input line 6106.
Package hyperref Info: Link coloring OFF on input line 6111.
Package hyperref Info: Link coloring with OCG OFF on input line 6116.
Package hyperref Info: PDF/A mode OFF on input line 6121.
\Hy@abspage=\count426
\c@Item=\count427
\c@Hfootnote=\count428
)
Package hyperref Info: Driver (autodetected): hluatex.

(<USER_HOME>/AppData/Local/Programs/MiKTeX/tex/latex/hyperref/hluatex.def
File: hluatex.def 2026-04-24 v7.01q Hyperref driver for luaTeX
\Fld@listcount=\count429
\c@bookmark@seq@number=\count430

(<USER_HOME>/AppData/Local/Programs/MiKTeX/tex/latex/rerunfilecheck/rerunfi
lecheck.sty
Package: rerunfilecheck 2025-06-21 v1.11 Rerun checks for auxiliary files (HO)

(<USER_HOME>/AppData/Local/Programs/MiKTeX/tex/generic/uniquecounter/unique
counter.sty
Package: uniquecounter 2019/12/15 v1.4 Provide unlimited unique counter (HO)
)
Package uniquecounter Info: New unique counter `rerunfilecheck' on input line 2
84.
)
\Hy@SectionHShift=\skip265
)
(<USER_HOME>/AppData/Local/Programs/MiKTeX/tex/latex/memoir/memhfixc.sty
Package: memhfixc 2025/09/16 v1.24 hyperref package fixes for memoir class
\c@memhycontfloat=\count431
\c@mem@Hpagenote=\count432
)
Package hyperref Info: Option `hypertexnames' set `false' on input line 70.
Package hyperref Info: Option `breaklinks' set `true' on input line 70.


Package hyperref Warning: Option `bookmarks' has already been used,
(hyperref)                setting the option has no effect on input line 70.

Package hyperref Info: Option `bookmarksopen' set `true' on input line 70.
Package hyperref Info: Option `colorlinks' set `true' on input line 70.
(<USER_HOME>/AppData/Local/Programs/MiKTeX/tex/latex/ntheorem/ntheorem.sty
Style `ntheorem', Version 1.33 <2011/08/15>
Package: ntheorem 2011/08/15 1.33
\theorem@style=\toks64
\theorem@@style=\toks65
\theorembodyfont=\toks66
\theoremnumbering=\toks67
\theorempreskipamount=\skip266
\theorempostskipamount=\skip267
\theoremframepreskipamount=\skip268
\theoremframepostskipamount=\skip269
\theoreminframepreskipamount=\skip270
\theoreminframepostskipamount=\skip271
\theorem@preskip=\toks68
\theorem@postskip=\toks69
\theorem@framepreskip=\toks70
\theorem@framepostskip=\toks71
\theorem@inframepreskip=\toks72
\theorem@inframepostskip=\toks73
\theoremindent=\dimen351
\theorem@indent=\dimen352
\theoremrightindent=\dimen353
\theorem@rightindent=\dimen354
\theoremheaderfont=\toks74
\theoremseparator=\toks75
\theoremprework=\toks76
\theorempostwork=\toks77
\theoremsymbol=\toks78
\qedsymbol=\toks79
\theoremkeyword=\toks80
\qedsymbol=\toks81
\thm@topsep=\skip272
\thm@topsepadd=\skip273
Package ntheorem Info: Option `thmmarks' loaded on input line 1175.
\c@endNonectr=\count433
\c@currNonectr=\count434
\mysavskip=\skip274
Package ntheorem Info: option `amsmath' handling for `thmmarks' loaded on input
 line 1175.
\thm@amstmpdepth=\dimen355
\tagwidth=\dimen356
Package ntheorem Info: Option `amsthm' loaded on input line 1175.
\c@proof=\count435
\c@currproofctr=\count436
\c@endproofctr=\count437
)
(<USER_HOME>/AppData/Local/Programs/MiKTeX/tex/latex/thmtools/thmtools.sty
Package: thmtools 2023/05/04 v0.76
\thmt@toks=\toks82
\c@thmt@dummyctr=\count438

(<USER_HOME>/AppData/Local/Programs/MiKTeX/tex/latex/thmtools/thm-patch.sty
Package: thm-patch 2023/05/04 v0.76

(<USER_HOME>/AppData/Local/Programs/MiKTeX/tex/latex/thmtools/parseargs.sty
Package: parseargs 2023/05/04 v0.76
\@parsespec=\toks83
)) (<USER_HOME>/AppData/Local/Programs/MiKTeX/tex/latex/thmtools/thm-kv.sty
Package: thm-kv 2023/05/04 v0.76
Package thm-kv Info: Theorem names will be uppercased on input line 42.
Package thm-kv Info: kvsetkeys patch (v1.16 or later) on input line 158.
)
(<USER_HOME>/AppData/Local/Programs/MiKTeX/tex/latex/thmtools/thm-autoref.s
ty
Package: thm-autoref 2023/05/04 v0.76

(<USER_HOME>/AppData/Local/Programs/MiKTeX/tex/latex/thmtools/aliasctr.sty
Package: aliasctr 2023/05/04 v0.76
))
(<USER_HOME>/AppData/Local/Programs/MiKTeX/tex/latex/thmtools/thm-listof.st
y
Package: thm-listof 2023/05/04 v0.76
)
(<USER_HOME>/AppData/Local/Programs/MiKTeX/tex/latex/thmtools/thm-restate.s
ty
Package: thm-restate 2023/05/04 v0.76
)
(<USER_HOME>/AppData/Local/Programs/MiKTeX/tex/latex/thmtools/thm-ntheorem.
sty
Package: thm-ntheorem 2023/05/04 v0.76
))
(<USER_HOME>/AppData/Local/Programs/MiKTeX/tex/latex/cleveref/cleveref.sty
Package: cleveref 2018/03/27 v0.21.4 Intelligent cross-referencing
Package cleveref Info: `hyperref' support loaded on input line 2370.
LaTeX Info: Redefining \cref on input line 2370.
LaTeX Info: Redefining \Cref on input line 2370.
LaTeX Info: Redefining \crefrange on input line 2370.
LaTeX Info: Redefining \Crefrange on input line 2370.
LaTeX Info: Redefining \cpageref on input line 2370.
LaTeX Info: Redefining \Cpageref on input line 2370.
LaTeX Info: Redefining \cpagerefrange on input line 2370.
LaTeX Info: Redefining \Cpagerefrange on input line 2370.
LaTeX Info: Redefining \labelcref on input line 2370.
LaTeX Info: Redefining \labelcpageref on input line 2370.
Package cleveref Info: `ntheorem' support loaded on input line 3055.
Package cleveref Info: always capitalise cross-reference names on input line 78
30.
Package cleveref Info: include cross-reference names in hyperlinks on input lin
e 7836.
Package cleveref Info: always capitalise cross-reference names on input line 78
52.
Package cleveref Info: include cross-reference names in hyperlinks on input lin
e 7852.
)
==> First Aid for cleveref.sty applied!
(../../open-logic-locale.sty) (../../locale/ar/open-logic-locale.sty)
(../../sty/open-logic-referencing.sty
File: open-logic-referencing.sty 
) (../../sty/open-logic-formulas.sty
File: open-logic-formulas 
)
(../../sty/open-logic-tokenize.sty
File: open-logic-tokenize 
Package babel Info: Making ! an active character on input line 116.
) (../../sty/open-logic-selective.sty
File: open-logic-selective.sty 

(<USER_HOME>/AppData/Local/Programs/MiKTeX/tex/latex/xpunctuate/xpunctuate.
sty
Package: xpunctuate 2023/08/13 v2.0 punctuation after command names (PGR)
 (<USER_HOME>/AppData/Local/Programs/MiKTeX/tex/latex/tools/xspace.sty
Package: xspace 2014/10/28 v1.13 Space after command names (DPC,MH)
)
\xpnct@tok=\toks84
)
\c@tagnum=\count439
) (../../sty/bussproofs-extra.sty

LaTeX Warning: You have requested file `',
               but the file provides `bussproofs-extra'.

Package: bussproofs-extra 2019/05/31 0.4 Extra commands for bussproofs.sty
\CenterCorrection=\dimen357
\DiagCorrection=\dimen358
\myBoxLLL=\box107
\myBoxRLL=\box108
) (../../sty/ptolemaicastronomy.sty

LaTeX Warning: You have requested file `',
               but the file provides `ptolemaicastronomy'.

Package: ptolemaicastronomy 
) (../../open-logic-config.sty
(<USER_HOME>/AppData/Local/Programs/MiKTeX/tex/latex/stmaryrd/stmaryrd.sty
Package: stmaryrd 1994/03/03 St Mary's Road symbol package
\symstmry=\mathgroup6
LaTeX Font Info:    Overwriting symbol font `stmry' in version `bold'
(Font)                  U/stmry/m/n --> U/stmry/b/n on input line 89.
)
Package open-logic-tokenize Info: Setting token height to height / heights on i
nput line 881.
Package open-logic-tokenize Info: Setting token hp to hp / hp on input line 882
.
Package open-logic-tokenize Info: Setting token depth to depth / depths on inpu
t line 888.

(<USER_HOME>/AppData/Local/Programs/MiKTeX/tex/generic/pgf/frontendlayer/ti
kz/libraries/tikzlibrarylindenmayersystems.code.tex
(<USER_HOME>/AppData/Local/Programs/MiKTeX/tex/generic/pgf/libraries/pgflib
rarylindenmayersystems.code.tex
\pgflsystemstep=\dimen359
\c@pgf@lsystem@iteration=\count440
))
Package open-logic-tokenize Info: Setting token language to language / language
s on input line 1357.
Package open-logic-tokenize Info: Setting token formula to formula / formulas o
n input line 1362.
Package open-logic-tokenize Info: Setting token subformula to subformula / subf
ormulas on input line 1367.
Package open-logic-tokenize Info: Setting token sentence to sentence / sentence
s on input line 1372.
Package open-logic-tokenize Info: Setting token variable to variable / variable
s on input line 1377.
Package open-logic-tokenize Info: Setting token propositional variable to propo
sitional variable / propositional variables on input line 1383.
Package open-logic-tokenize Info: Setting token constant to constant symbol / c
onstant symbols on input line 1388.
Package open-logic-tokenize Info: Setting token predicate to predicate symbol /
 predicate symbols on input line 1392.
Package open-logic-tokenize Info: Setting token function to function symbol / f
unction symbols on input line 1396.
Package open-logic-tokenize Info: Setting token operator to logical operator / 
logical operators on input line 1400.
Package open-logic-tokenize Info: Setting token main operator to main operator 
/ main operators on input line 1405.
Package open-logic-tokenize Info: Setting token free for to free for / free for
 on input line 1410.
Package open-logic-tokenize Info: Setting token identity to identity predicate 
/ identity predicates on input line 1415.
Package open-logic-tokenize Info: Setting token conditional to conditional / co
nditionals on input line 1420.
Package open-logic-tokenize Info: Setting token biconditional to biconditional 
/ biconditionals on input line 1425.
Package open-logic-tokenize Info: Setting token falsity to falsity / falsities 
on input line 1430.
Package open-logic-tokenize Info: Setting token truth to truth / truth on input
 line 1435.
Package open-logic-tokenize Info: Setting token structure to structure / struct
ures on input line 1440.
Package open-logic-tokenize Info: Setting token valuation to valuation / valuat
ions on input line 1444.
Package open-logic-tokenize Info: Setting token domain to domain / domains on i
nput line 1448.
Package open-logic-tokenize Info: Setting token value to value / values on inpu
t line 1452.
Package open-logic-tokenize Info: Setting token relational model to relational 
model / relational models on input line 1457.
Package open-logic-tokenize Info: Setting token derivation to derivation / deri
vations on input line 1461.
Package open-logic-tokenize Info: Setting token derive to derive / derives on i
nput line 1465.
Package open-logic-tokenize Info: Setting token derivable to derivable / deriva
ble on input line 1469.
Package open-logic-tokenize Info: Setting token derivability to derivability / 
derivabilities on input line 1473.
Package open-logic-tokenize Info: Setting token nonderivability to non-derivabi
lity / non-derivabilities on input line 1477.
Package open-logic-tokenize Info: Setting token proof to derivation / derivatio
ns on input line 1483.
Package open-logic-tokenize Info: Setting token prove to derive / derives on in
put line 1484.
Package open-logic-tokenize Info: Setting token proving to deriving / deriving 
on input line 1485.
Package open-logic-tokenize Info: Setting token provable to derivable / derivab
le on input line 1486.
Package open-logic-tokenize Info: Setting token provability to derivability / d
erivabilities on input line 1487.
Package open-logic-tokenize Info: Setting token nonprovability to non-derivabil
ity / non-derivabilities on input line 1488.
Package open-logic-tokenize Info: Setting token introduction to introduction / 
introductions on input line 1490.
Package open-logic-tokenize Info: Setting token elimination to elimination / el
imination on input line 1491.
Package open-logic-tokenize Info: Setting token tableau to tableau / tableaux o
n input line 1495.
Package open-logic-tokenize Info: Setting token signed formula to signed formul
a / signed formulas on input line 1499.
Package open-logic-tokenize Info: Setting token complete to complete / complete
 on input line 1503.
Package open-logic-tokenize Info: Setting token axiomatizable to axiomatizable 
/ axiomatizable on input line 1507.
Package open-logic-tokenize Info: Setting token axiomatized to axiomatized / ax
iomatized on input line 1508.
Package open-logic-tokenize Info: Setting token axiomatizability to axiomatizab
ility / axiomatizability on input line 1509.
Package open-logic-tokenize Info: Setting token represents to represents / repr
esent on input line 1513.
Package open-logic-tokenize Info: Setting token representable to representable 
/ representable on input line 1514.
Package open-logic-tokenize Info: Setting token discharge to discharge / discha
rges on input line 1519.
Package open-logic-tokenize Info: Setting token discharged to discharged / disc
harged on input line 1520.
Package open-logic-tokenize Info: Setting token undischarged to undischarged / 
undischarged on input line 1521.
Package open-logic-tokenize Info: Setting token complete to complete / complete
 on input line 1525.
Package open-logic-tokenize Info: Setting token enumerable to enumerable / enum
erable on input line 1530.
Package open-logic-tokenize Info: Setting token nonenumerable to non-enumerable
 / non-enumerable on input line 1535.
Package open-logic-tokenize Info: Setting token denumerable to denumerable / de
numerable on input line 1540.
Package open-logic-tokenize Info: Setting token element to element / elements o
n input line 1544.
Package open-logic-tokenize Info: Setting token injective to injective / inject
ive on input line 1549.
Package open-logic-tokenize Info: Setting token injection to injection / inject
ions on input line 1550.
Package open-logic-tokenize Info: Setting token surjective to surjective / surj
ective on input line 1554.
Package open-logic-tokenize Info: Setting token surjection to surjection / surj
ections on input line 1555.
Package open-logic-tokenize Info: Setting token bijective to bijective / biject
ive on input line 1560.
Package open-logic-tokenize Info: Setting token bijection to bijection / biject
ions on input line 1561.
Package open-logic-tokenize Info: Setting token decidable to decidable / decida
ble on input line 1565.
Package open-logic-tokenize Info: Setting token computably enumerable to comput
ably enumerable / computably enumerable on input line 1567.
Package open-logic-tokenize Info: Setting token c.e. to c.e.\spacefactor \@m {}
 / c.e.\spacefactor \@m {} on input line 1568.
Package open-logic-tokenize Info: Setting token argument to argument / argument
s on input line 1570.
Package open-logic-tokenize Info: Setting token parameter to parameter / parame
ters on input line 1571.
Package open-logic-tokenize Info: Setting token lambda define to $\lambd $-defi
ne / $\lambd $-defines on input line 1575.
Package open-logic-tokenize Info: Setting token lambda defined to $\lambd $-def
ined / $\lambd $-defined on input line 1577.
Package open-logic-tokenize Info: Setting token lambda definable to $\lambd $-d
efinable / $\lambd $-definable on input line 1578.
Package open-logic-tokenize Info: Setting token colorC to red / red on input li
ne 1677.
Package open-logic-tokenize Info: Setting token colorD to blue / blue on input 
line 1678.
)
Package open-logic-tokenize Info: Setting token colorE to green / green on inpu
t line 136.
 (../../locale/ar/open-logic-config.sty
Package open-logic-tokenize Info: Setting token element to عنصر / عناص
ر on input line 6.
Package open-logic-tokenize Info: Setting token formula to صيغة / صيغ on
 input line 7.
Package open-logic-tokenize Info: Setting token subformula to صيغة جزئ
ية / صيغ جزئية on input line 8.
Package open-logic-tokenize Info: Setting token sentence to جملة / جمل o
n input line 9.
Package open-logic-tokenize Info: Setting token variable to متغير / مت
غيرات on input line 10.
Package open-logic-tokenize Info: Setting token constant to رمز ثابت / 
رموز ثابتة on input line 11.
Package open-logic-tokenize Info: Setting token propositional variable to مت
غير قضوي / متغيرات قضوية on input line 12.
Package open-logic-tokenize Info: Setting token operator to مؤثر منطق
ي / مؤثرات منطقية on input line 13.
Package open-logic-tokenize Info: Setting token main operator to المؤثر 
الرئيس / المؤثرات الرئيسة on input line 14.
Package open-logic-tokenize Info: Setting token conditional to شرط / شرو
ط on input line 15.
Package open-logic-tokenize Info: Setting token biconditional to شرط ثنا
ئي / شروط ثنائية on input line 16.
Package open-logic-tokenize Info: Setting token falsity to الكذب / الك
ذب on input line 17.
Package open-logic-tokenize Info: Setting token truth to الصدق / الصد
ق on input line 18.
Package open-logic-tokenize Info: Setting token denumerable to لا نهائي
ة قابلة للتعداد / لا نهائية قابلة للتعداد on i
nput line 19.
Package open-logic-tokenize Info: Setting token proof to برهان / براه
ين on input line 20.
Package open-logic-tokenize Info: Setting token prove to نبرهن / يبره
ن on input line 21.
Package open-logic-tokenize Info: Setting token proving to برهنة / بره
نة on input line 22.
Package open-logic-tokenize Info: Setting token provable to قابلة للب
رهنة / قابلة للبرهنة on input line 23.
Package open-logic-tokenize Info: Setting token derivation to اشتقاق / 
اشتقاقات on input line 24.
Package open-logic-tokenize Info: Setting token derive to اشتقاق / يش
تق on input line 25.
Package open-logic-tokenize Info: Setting token derivable to قابلة للا
شتقاق / قابلة للاشتقاق on input line 26.
Package open-logic-tokenize Info: Setting token derivability to قابلية 
الاشتقاق / قابلية الاشتقاق on input line 27.
Package open-logic-tokenize Info: Setting token nonderivability to عدم قا
بلية الاشتقاق / عدم قابلية الاشتقاق on input line 
28.
Package open-logic-tokenize Info: Setting token introduction to إدخال / 
إدخالات on input line 29.
Package open-logic-tokenize Info: Setting token elimination to حذف / عمل
يات حذف on input line 30.
Package open-logic-tokenize Info: Setting token height to ارتفاع / ار
تفاعات on input line 31.
Package open-logic-tokenize Info: Setting token depth to عمق / أعماق on
 input line 32.
Package open-logic-tokenize Info: Setting token hp to ح.ا. / ح.ا. on input 
line 33.
Package open-logic-tokenize Info: Setting token tableau to جدول دلالي 
/ جداول دلالية on input line 34.
Package open-logic-tokenize Info: Setting token signed formula to صيغة م
وقّعة / صيغ موقّعة on input line 35.
Package open-logic-tokenize Info: Setting token discharge to إسقاط / إس
قاطات on input line 36.
Package open-logic-tokenize Info: Setting token discharged to إسقاط / إ
سقاطات on input line 37.
Package open-logic-tokenize Info: Setting token undischarged to عدم إسق
اط / عدم إسقاط on input line 38.
Package open-logic-tokenize Info: Setting token structure to بنية / بنى 
on input line 39.
Package open-logic-tokenize Info: Setting token valuation to تقييم / تق
ييمات on input line 40.
Package open-logic-tokenize Info: Setting token identity to هوية / هوي
ات on input line 41.
Package open-logic-tokenize Info: Setting token complete to كاملة / كا
ملة on input line 42.
Package open-logic-tokenize Info: Setting token axiomatizability to قابلي
ة المحورة / قابلية المحورة on input line 43.
Package open-logic-tokenize Info: Setting token axiomatizable to قابلة ل
لمحورة / قابلة للمحورة on input line 44.
Package open-logic-tokenize Info: Setting token axiomatized to مؤكسمة / 
مؤكسمة on input line 45.
Package open-logic-tokenize Info: Setting token represents to تمثّل / ت
مثّل on input line 46.
Package open-logic-tokenize Info: Setting token domain to مجال / مجال
ات on input line 47.
Package open-logic-tokenize Info: Setting token function to دالة / دوا
ل on input line 48.
Package open-logic-tokenize Info: Setting token predicate to محمول / مح
مولات on input line 49.
Package open-logic-tokenize Info: Setting token value to قيمة / قيم on i
nput line 50.
Package open-logic-tokenize Info: Setting token language to لغة / لغات o
n input line 51.
Package open-logic-tokenize Info: Setting token free for to حرًّا للإ
حلال محلّ / حرًّا للإحلال محلّ on input line 52.
Package open-logic-tokenize Info: Setting token surjective to شاملة / ش
املة on input line 53.
Package open-logic-tokenize Info: Setting token surjection to دالة شام
لة / دوال شاملة on input line 54.
Package open-logic-tokenize Info: Setting token injective to متباينة / 
متباينة on input line 55.
Package open-logic-tokenize Info: Setting token injection to دالة متبا
ينة / دوال متباينة on input line 56.
Package open-logic-tokenize Info: Setting token bijective to تقابلية / 
تقابلية on input line 57.
Package open-logic-tokenize Info: Setting token bijection to دالة تقاب
لية / دوال تقابلية on input line 58.
Package open-logic-tokenize Info: Setting token enumerable to قابلة لل
تعداد / قابلة للتعداد on input line 59.
Package open-logic-tokenize Info: Setting token nonenumerable to غير قاب
لة للتعداد / غير قابلة للتعداد on input line 60.
Package open-logic-tokenize Info: Setting token lambda define to يعرّف ب
لامبدا / يعرّف بلامبدا on input line 61.
Package open-logic-tokenize Info: Setting token lambda defined to معرّفة 
بلامبدا / معرّفة بلامبدا on input line 62.
Package open-logic-tokenize Info: Setting token lambda definable to قابلة 
للتعريف بلامبدا / قابلة للتعريف بلامبدا on inp
ut line 63.
Package open-logic-tokenize Info: Setting token parameter to معلمة / مع
لمات on input line 64.
Package open-logic-tokenize Info: Setting token decidable to قابلة للق
رار / قابلة للقرار on input line 65.
Package open-logic-tokenize Info: Setting token computably enumerable to قا
بلة للتعداد حسابيًا / قابلة للتعداد حسابيً
ا on input line 66.
Package open-logic-tokenize Info: Setting token c.e. to قابلة للتعد
اد حسابيًا / قابلة للتعداد حسابيًا on input line 67
.
)
(../../open-logic-envs.sty
\c@currthmctr=\count441
\c@endthmctr=\count442
\c@thm=\count443
\c@currexctr=\count444
\c@endexctr=\count445
\c@currlemctr=\count446
\c@endlemctr=\count447
\c@currpropctr=\count448
\c@endpropctr=\count449
\c@currcorctr=\count450
\c@endcorctr=\count451
\c@currdefnctr=\count452
\c@enddefnctr=\count453
\c@currprobctr=\count454
\c@endprobctr=\count455
\c@prob=\count456
\c@currprobdctr=\count457
\c@endprobdctr=\count458
\c@probd=\count459
\c@curraxiomctr=\count460
\c@endaxiomctr=\count461
\c@axiom=\count462
\c@currremctr=\count463
\c@endremctr=\count464
\c@rem=\count465
\c@currnotectr=\count466
\c@endnotectr=\count467
\c@note=\count468
\c@currcasectr=\count469
\c@endcasectr=\count470
\c@case=\count471
\c@currconvctr=\count472
\c@endconvctr=\count473
\c@conv=\count474
)
\gnBoxA=\box109
\gnCornerHgt=\dimen360
LaTeX Font Info:    Trying to load font information for U+msa on input line 215
.

(<USER_HOME>/AppData/Local/Programs/MiKTeX/tex/latex/amsfonts/umsa.fd
File: umsa.fd 2013/01/14 v3.01 AMS symbols A
)
LaTeX Font Info:    Trying to load font information for U+msb on input line 215
.

(<USER_HOME>/AppData/Local/Programs/MiKTeX/tex/latex/amsfonts/umsb.fd
File: umsb.fd 2013/01/14 v3.01 AMS symbols B
)
LaTeX Font Info:    Trying to load font information for U+stmry on input line 2
15.

(<USER_HOME>/AppData/Local/Programs/MiKTeX/tex/latex/stmaryrd/ustmry.fd)
\gnArgHgt=\dimen361
\symsymbolsC=\mathgroup7
\c@pcrdepth=\count475
\olphotowidth=\skip275
)
(../../sty/open-logic-defer.sty
File: open-logic-defer.sty 

(<USER_HOME>/AppData/Local/Programs/MiKTeX/tex/latex/answers/answers.sty
Package: answers 2014/08/24 v2.16 Production of solution sheets in LaTeX2e
)
\c@probdeferred=\count476
\c@probdeferredtag=\count477

Output from handle open-logic-complete-ar-screen going to open-logic-complete-a
r-screen.prb
\open-logic-complete-ar-screen@file=\write6

\openout6 = open-logic-complete-ar-screen.prb
)
Package hyperref Info: Option `unicode' set `true' on input line 89.
\tikzscale@accuracy=\skip276

(<USER_HOME>/Documents/interlanguage/03_projects/language_management/arabic
_persianate_rtl/03_working_translations/openlogic/ar/locale/ar/output-screen-16
x9-reflow/open-logic-complete-ar-screen.aux

Package babel Info: The following font families will use the default
(babel)             settings for all or some languages:
(babel)             * \rmfamily = TeXGyrePagella(0)
(babel)               "name:TeX Gyre Pagella:mode=node;script=latn;language=dfl
t;+tlig;" at 17.28pt
(babel)             * \sffamily = TeXGyreHeros(0)
(babel)               "name:TeX Gyre Heros:mode=node;script=latn;language=dflt;
+tlig;" at 17.28pt
(babel)             * \ttfamily = LatinModernMono(0)
(babel)               "name:Latin Modern Mono:mode=node;script=latn;language=df
lt;" at 17.28pt
(babel)             There is nothing intrinsically wrong with it, but
(babel)             'babel' will no set Script and Language, which could
(babel)             be relevant in some languages. If your document uses
(babel)             these families, consider redefining them with \babelfont.
(babel)             Reported on input line 4.


Package fontspec Info: 
(fontspec)             Language 'Arabic' not explicitly supported within font
(fontspec)             'Scheherazade-Regular.ttf' with script 'Arabic'. Check
(fontspec)             the typeset output, and if it is okay then ignore this
(fontspec)             warning. Otherwise a different font should be chosen.


Package fontspec Info: 
(fontspec)             Scheherazade-Regular.ttf scale = 1.08.


Package fontspec Info: 
(fontspec)             Scheherazade-Regular scale = 1.08.


Package fontspec Info: 
(fontspec)             Scheherazade-Bold scale = 1.08.


Package fontspec Info: 
(fontspec)             Scheherazade-Regular scale = 1.08.


Package fontspec Info: 
(fontspec)             Font family 'Scheherazade-Regular.ttf(0)' created for
(fontspec)             font 'Scheherazade-Regular.ttf' with options
(fontspec)             [Renderer=Harfbuzz,Ligatures=TeX,Script=Arabic,Language=
Arabic,RawFeature={family=rm},Path=../../../00_control/fonts/scheherazade-2.100
/,UprightFont=Scheherazade-Regular.ttf,BoldFont=Scheherazade-Bold.ttf,AutoFakeS
lant=0.15,Renderer=HarfBuzz,Scale=1.08].
(fontspec)              
(fontspec)              This font family consists of the following NFSS
(fontspec)             series/shapes:
(fontspec)              
(fontspec)             - 'normal' (m/n) with NFSS spec.:
(fontspec)             <->s*[1.08]"[../../../00_control/fonts/scheherazade-2.10
0/Scheherazade-Regular.ttf]:mode=harf;script=arab;language=ARA;+tlig;family=rm;
"
(fontspec)             - 'bold' (b/n) with NFSS spec.:
(fontspec)             <->s*[1.08]"[../../../00_control/fonts/scheherazade-2.10
0/Scheherazade-Bold.ttf]:mode=harf;script=arab;language=ARA;+tlig;family=rm;"
(fontspec)             - 'italic' (m/it) with NFSS spec.:
(fontspec)             <->s*[1.08]"[../../../00_control/fonts/scheherazade-2.10
0/Scheherazade-Regular.ttf]:mode=harf;script=arab;language=ARA;slant=0.15;+tlig
;family=rm;"

LaTeX Font Info:    Font shape `TU/Scheherazade-Regular.ttf(0)/m/n' will be
(Font)              scaled to size 18.66243pt on input line 9.

Package fontspec Info: 
(fontspec)             Language 'Arabic' not explicitly supported within font
(fontspec)             'Scheherazade-Regular.ttf' with script 'Arabic'. Check
(fontspec)             the typeset output, and if it is okay then ignore this
(fontspec)             warning. Otherwise a different font should be chosen.


Package fontspec Info: 
(fontspec)             Scheherazade-Regular.ttf scale = 1.08.


Package fontspec Info: 
(fontspec)             Scheherazade-Regular scale = 1.08.


Package fontspec Info: 
(fontspec)             Scheherazade-Bold scale = 1.08.


Package fontspec Info: 
(fontspec)             Scheherazade-Regular scale = 1.08.


Package fontspec Info: 
(fontspec)             Font family 'Scheherazade-Regular.ttf(1)' created for
(fontspec)             font 'Scheherazade-Regular.ttf' with options
(fontspec)             [Renderer=Harfbuzz,Ligatures=TeX,Script=Arabic,Language=
Arabic,RawFeature={family=sf},Path=../../../00_control/fonts/scheherazade-2.100
/,UprightFont=Scheherazade-Regular.ttf,BoldFont=Scheherazade-Bold.ttf,AutoFakeS
lant=0.15,Renderer=HarfBuzz,Scale=1.08].
(fontspec)              
(fontspec)              This font family consists of the following NFSS
(fontspec)             series/shapes:
(fontspec)              
(fontspec)             - 'normal' (m/n) with NFSS spec.:
(fontspec)             <->s*[1.08]"[../../../00_control/fonts/scheherazade-2.10
0/Scheherazade-Regular.ttf]:mode=harf;script=arab;language=ARA;+tlig;family=sf;
"
(fontspec)             - 'bold' (b/n) with NFSS spec.:
(fontspec)             <->s*[1.08]"[../../../00_control/fonts/scheherazade-2.10
0/Scheherazade-Bold.ttf]:mode=harf;script=arab;language=ARA;+tlig;family=sf;"
(fontspec)             - 'italic' (m/it) with NFSS spec.:
(fontspec)             <->s*[1.08]"[../../../00_control/fonts/scheherazade-2.10
0/Scheherazade-Regular.ttf]:mode=harf;script=arab;language=ARA;slant=0.15;+tlig
;family=sf;"

LaTeX Font Info:    Font shape `TU/Scheherazade-Regular.ttf(1)/m/n' will be
(Font)              scaled to size 18.66243pt on input line 9.

Package fontspec Info: 
(fontspec)             Language 'Arabic' not explicitly supported within font
(fontspec)             'DejaVu Sans Mono' with script 'Arabic'. Check the
(fontspec)             typeset output, and if it is okay then ignore this
(fontspec)             warning. Otherwise a different font should be chosen.


Package fontspec Info: 
(fontspec)             Font family 'DejaVuSansMono(0)' created for font
(fontspec)             'DejaVu Sans Mono' with options
(fontspec)             [Renderer=Harfbuzz,WordSpace={1,0,0},HyphenChar=None,Pun
ctuationSpace=WordSpace,Script=Arabic,Language=Arabic,RawFeature={family=tt}].
(fontspec)              
(fontspec)              This font family consists of the following NFSS
(fontspec)             series/shapes:
(fontspec)              
(fontspec)             - 'normal' (m/n) with NFSS spec.: <->"name:DejaVu Sans
(fontspec)             Mono:mode=harf;script=arab;language=ARA;family=tt;"
(fontspec)             - 'bold' (b/n) with NFSS spec.: <->"name:DejaVu Sans
(fontspec)             Mono/B:mode=harf;script=arab;language=ARA;family=tt;"
(fontspec)             - 'italic' (m/it) with NFSS spec.: <->"name:DejaVu Sans
(fontspec)             Mono/I:mode=harf;script=arab;language=ARA;family=tt;"
(fontspec)             - 'bold italic' (b/it) with NFSS spec.: <->"name:DejaVu
(fontspec)             Sans
(fontspec)             Mono/BI:mode=harf;script=arab;language=ARA;family=tt;"

)
\openout1 = open-logic-complete-ar-screen.aux

LaTeX Font Info:    Checking defaults for OML/cmm/m/it on input line 110.
LaTeX Font Info:    ... okay on input line 110.
LaTeX Font Info:    Checking defaults for OMS/cmsy/m/n on input line 110.
LaTeX Font Info:    ... okay on input line 110.
LaTeX Font Info:    Checking defaults for OT1/cmr/m/n on input line 110.
LaTeX Font Info:    ... okay on input line 110.
LaTeX Font Info:    Checking defaults for T1/cmr/m/n on input line 110.
LaTeX Font Info:    ... okay on input line 110.
LaTeX Font Info:    Checking defaults for TS1/cmr/m/n on input line 110.
LaTeX Font Info:    ... okay on input line 110.
LaTeX Font Info:    Checking defaults for TU/lmr/m/n on input line 110.
LaTeX Font Info:    ... okay on input line 110.
LaTeX Font Info:    Checking defaults for OMX/cmex/m/n on input line 110.
LaTeX Font Info:    ... okay on input line 110.
LaTeX Font Info:    Checking defaults for U/cmr/m/n on input line 110.
LaTeX Font Info:    ... okay on input line 110.
LaTeX Font Info:    Checking defaults for PD1/pdf/m/n on input line 110.
LaTeX Font Info:    ... okay on input line 110.
LaTeX Font Info:    Checking defaults for PU/pdf/m/n on input line 110.
LaTeX Font Info:    ... okay on input line 110.


Class memoir Warning: \addtodef is marked deprecated and will be
(memoir)              removed in 2026, use instead \patchcmd,
(memoir)              \pretocmd or \apptocmd from the etoolbox package
(memoir)              (which is autoloaded by the class) on input line 110.


Package fontspec Info: 
(fontspec)             Adjusting the maths setup (use [no-math] to avoid
(fontspec)             this).

\symlegacymaths=\mathgroup8
LaTeX Font Info:    Overwriting symbol font `legacymaths' in version `bold'
(Font)                  OT1/cmr/m/n --> OT1/cmr/bx/n on input line 110.
LaTeX Font Info:    Redeclaring math accent \acute on input line 110.
LaTeX Font Info:    Redeclaring math accent \grave on input line 110.
LaTeX Font Info:    Redeclaring math accent \ddot on input line 110.
LaTeX Font Info:    Redeclaring math accent \tilde on input line 110.
LaTeX Font Info:    Redeclaring math accent \bar on input line 110.
LaTeX Font Info:    Redeclaring math accent \breve on input line 110.
LaTeX Font Info:    Redeclaring math accent \check on input line 110.
LaTeX Font Info:    Redeclaring math accent \hat on input line 110.
LaTeX Font Info:    Redeclaring math accent \dot on input line 110.
LaTeX Font Info:    Redeclaring math accent \mathring on input line 110.
LaTeX Font Info:    Redeclaring math symbol \Gamma on input line 110.
LaTeX Font Info:    Redeclaring math symbol \Delta on input line 110.
LaTeX Font Info:    Redeclaring math symbol \Theta on input line 110.
LaTeX Font Info:    Redeclaring math symbol \Lambda on input line 110.
LaTeX Font Info:    Redeclaring math symbol \Xi on input line 110.
LaTeX Font Info:    Redeclaring math symbol \Pi on input line 110.
LaTeX Font Info:    Redeclaring math symbol \Sigma on input line 110.
LaTeX Font Info:    Redeclaring math symbol \Upsilon on input line 110.
LaTeX Font Info:    Redeclaring math symbol \Phi on input line 110.
LaTeX Font Info:    Redeclaring math symbol \Psi on input line 110.
LaTeX Font Info:    Redeclaring math symbol \Omega on input line 110.
LaTeX Font Info:    Redeclaring math symbol \mathdollar on input line 110.
LaTeX Font Info:    Redeclaring symbol font `operators' on input line 110.
LaTeX Font Info:    Encoding `OT1' has changed to `TU' for symbol font
(Font)              `operators' in the math version `normal' on input line 110.

LaTeX Font Info:    Overwriting symbol font `operators' in version `normal'
(Font)                  OT1/cmr/m/n --> TU/TeXGyrePagella(0)/m/n on input line 
110.
LaTeX Font Info:    Encoding `OT1' has changed to `TU' for symbol font
(Font)              `operators' in the math version `bold' on input line 110.
LaTeX Font Info:    Overwriting symbol font `operators' in version `bold'
(Font)                  OT1/cmr/bx/n --> TU/TeXGyrePagella(0)/m/n on input line
 110.
LaTeX Font Info:    Overwriting symbol font `operators' in version `normal'
(Font)                  TU/TeXGyrePagella(0)/m/n --> TU/TeXGyrePagella(0)/m/n o
n input line 110.
LaTeX Font Info:    Overwriting math alphabet `\mathit' in version `normal'
(Font)                  OT1/cmr/m/it --> TU/TeXGyrePagella(0)/m/it on input lin
e 110.
LaTeX Font Info:    Overwriting math alphabet `\mathbf' in version `normal'
(Font)                  OT1/cmr/bx/n --> TU/TeXGyrePagella(0)/b/n on input line
 110.
LaTeX Font Info:    Overwriting math alphabet `\mathsf' in version `normal'
(Font)                  OT1/cmss/m/n --> TU/TeXGyreHeros(0)/m/n on input line 1
10.
LaTeX Font Info:    Overwriting math alphabet `\mathtt' in version `normal'
(Font)                  OT1/cmtt/m/n --> TU/LatinModernMono(0)/m/n on input lin
e 110.
LaTeX Font Info:    Overwriting symbol font `operators' in version `bold'
(Font)                  TU/TeXGyrePagella(0)/m/n --> TU/TeXGyrePagella(0)/b/n o
n input line 110.
LaTeX Font Info:    Overwriting math alphabet `\mathit' in version `bold'
(Font)                  OT1/cmr/bx/it --> TU/TeXGyrePagella(0)/b/it on input li
ne 110.
LaTeX Font Info:    Overwriting math alphabet `\mathsf' in version `bold'
(Font)                  OT1/cmss/bx/n --> TU/TeXGyreHeros(0)/b/n on input line 
110.
LaTeX Font Info:    Overwriting math alphabet `\mathtt' in version `bold'
(Font)                  OT1/cmtt/m/n --> TU/LatinModernMono(0)/b/n on input lin
e 110.

(<USER_HOME>/AppData/Local/Programs/MiKTeX/tex/context/base/mkii/supp-pdf.m
kii
[Loading MPS to PDF converter (version 2006.09.02).]
\scratchcounter=\count478
\scratchdimen=\dimen362
\scratchbox=\box110
\nofMPsegments=\count479
\nofMParguments=\count480
\everyMPshowfont=\toks85
\MPscratchCnt=\count481
\MPscratchDim=\dimen363
\MPnumerator=\count482
\makeMPintoPDFobject=\count483
\everyMPtoPDFconversion=\toks86
)
(<USER_HOME>/AppData/Local/Programs/MiKTeX/tex/latex/epstopdf-pkg/epstopdf-
base.sty
Package: epstopdf-base 2020-01-24 v2.11 Base part for package epstopdf
Package epstopdf-base Info: Redefining graphics rule for `.eps' on input line 4
85.

(<USER_HOME>/AppData/Local/Programs/MiKTeX/tex/latex/00miktex/epstopdf-sys.
cfg
File: epstopdf-sys.cfg 2021/03/18 v2.0 Configuration of epstopdf for MiKTeX
))
Removing  `Babel.pre_otfload_h' from `hpack_filter'.
Removing  `luaotfload.node_processor' from `hpack_filter'.
Removing  `luaotfload.harf.finalize_hlist' from `hpack_filter'.
Inserting `Babel.math_box_dir' in `hpack_filter'.
Inserting `Babel.pre_otfload_h' in `hpack_filter'.
Inserting `luaotfload.node_processor' in `hpack_filter'.
Inserting `luaotfload.harf.finalize_hlist' in `hpack_filter'.
Inserting `Babel.unset_atdir' in `pre_linebreak_filter'.
Inserting `Babel.unset_atdir' in `hpack_filter'.
Package hyperref Info: Link coloring ON on input line 110.

(<USER_HOME>/Documents/interlanguage/03_projects/language_management/arabic
_persianate_rtl/03_working_translations/openlogic/ar/locale/ar/output-screen-16
x9-reflow/open-logic-complete-ar-screen.out)
(<USER_HOME>/Documents/interlanguage/03_projects/language_management/arabic
_persianate_rtl/03_working_translations/openlogic/ar/locale/ar/output-screen-16
x9-reflow/open-logic-complete-ar-screen.out)
\@outlinefile=\write7

\openout7 = open-logic-complete-ar-screen.out
LaTeX Font Info:    Font shape `TU/Scheherazade-Regular.ttf(0)/m/n' will be
(Font)              scaled to size 26.87044pt on input line 115.
LaTeX Font Info:    Font shape `TU/Scheherazade-Regular.ttf(0)/b/n' will be
(Font)              scaled to size 26.87044pt on input line 115.
LaTeX Font Info:    Font shape `TU/Scheherazade-Regular.ttf(1)/b/n' will be
(Font)              scaled to size 26.87044pt on input line 115.
LaTeX Font Info:    Font shape `TU/Scheherazade-Regular.ttf(0)/m/n' will be
(Font)              scaled to size 16.20003pt on input line 118.
Package cleveref Info: loaded `english' language definitions on input line 118.

LaTeX Font Info:    Font shape `TU/Scheherazade-Regular.ttf(0)/m/n' will be
(Font)              scaled to size 22.39923pt on input line 122.
Package cleveref Info: loaded `english' language definitions on input line 142.

 [1

{<USER_HOME>/AppData/Local/MiKTeX/fonts/map/pdftex/pdftex.map}] (./content/
open-logic-about.tex
LaTeX Font Info:    Font shape `TU/Scheherazade-Regular.ttf(0)/m/it' will be
(Font)              scaled to size 18.66243pt on input line 5.
)
(<USER_HOME>/Documents/interlanguage/03_projects/language_management/arabic
_persianate_rtl/03_working_translations/openlogic/ar/locale/ar/output-screen-16
x9-reflow/open-logic-complete-ar-screen.toc
LaTeX Font Info:    Font shape `TU/Scheherazade-Regular.ttf(0)/b/n' will be
(Font)              scaled to size 18.66243pt on input line 4.
LaTeX Font Info:    Trying to load font information for U+ntxsyc on input line 
4.

(<USER_HOME>/AppData/Local/Programs/MiKTeX/tex/latex/newtx/untxsyc.fd
File: untxsyc.fd 2012/04/12 Fontinst v1.933 font definitions for U/ntxsyc.
)
LaTeX Font Info:    Font shape `TU/Scheherazade-Regular.ttf(0)/b/n' will be
(Font)              scaled to size 22.39923pt on input line 5.

[1

]
LaTeX Font Info:    Font shape `TU/Scheherazade-Regular.ttf(0)/m/sl' in size <1
7.28> not available
(Font)              Font shape `TU/Scheherazade-Regular.ttf(0)/m/it' tried inst
ead on input line 25.
LaTeX Font Info:    Font shape `TU/Scheherazade-Regular.ttf(0)/m/it' will be
(Font)              scaled to size 18.66243pt on input line 25.
LaTeX Font Info:    Font shape `TU/Scheherazade-Regular.ttf(0)/m/n' will be
(Font)              scaled to size 10.80002pt on input line 25.
LaTeX Font Info:    Font shape `TU/Scheherazade-Regular.ttf(1)/m/n' will be
(Font)              scaled to size 10.80002pt on input line 25.
 [2] [3] [4] [5] [6] [7] [8] [9] [10] [11] [12] [13] [14] [15] [16] [17]
[18] [19] [20] [21] [22] [23] [24] [25] [26] [27] [28] [29]
Package cleveref Info: loaded `english' language definitions on input line 526.

Package cleveref Info: loaded `english' language definitions on input line 533.

 [30] [31] [32]
[33] [34] [35] [36] [37] [38] [39] [40] [41] [42] [43] [44] [45] [46])
(./content/content.tex [47]
(./content/sets-functions-relations/sets-functions-relations-complete.tex
[48

] (./content/sets-functions-relations/sets/sets.tex
\bbl@ensure@arabic {باب} 1.
Output from handle open-logic-complete-ar-screen going to open-logic-complete-a
r-screen.prb

\openout6 = open-logic-complete-ar-screen.prb
(./content/sets-functions-relations/sets/basics.tex
Package hyperref Info: bookmark level for unknown defn defaults to 0 on input l
ine 26.
 [49

]
Package hyperref Info: bookmark level for unknown ex defaults to 0 on input lin
e 47.
LaTeX Font Info:    Font shape `TU/Scheherazade-Regular.ttf(0)/m/n' will be
(Font)              scaled to size 12.96002pt on input line 49.
 [50])
(./content/sets-functions-relations/sets/subsets.tex [51]
Package hyperref Info: bookmark level for unknown prop defaults to 0 on input l
ine 53.
)
(./content/sets-functions-relations/sets/important-sets.tex [52] [53])
(./content/sets-functions-relations/sets/unions-and-intersections.tex
(../../assets/diagrams/union.tikz) (../../assets/diagrams/union.tikz)
(../../assets/diagrams/union.tikz) (../../assets/diagrams/union.tikz)
(../../assets/diagrams/union.tikz) [54] [55]
(../../assets/diagrams/intersection.tikz)
(../../assets/diagrams/intersection.tikz)
(../../assets/diagrams/intersection.tikz)
(../../assets/diagrams/intersection.tikz)
(../../assets/diagrams/intersection.tikz) [56] [57]
(../../assets/diagrams/difference.tikz) (../../assets/diagrams/difference.tikz) (../../assets/diagrams/difference.tikz) (../../assets/diagrams/difference.tikz) (../../assets/diagrams/difference.tikz))
(./content/sets-functions-relations/sets/pairs-and-products.tex [58] [59]
[60]
Package hyperref Info: bookmark level for unknown proof defaults to 0 on input 
line 90.
 [61]) (./content/sets-functions-relations/sets/russells-paradox.tex
[62]
Package hyperref Info: bookmark level for unknown thm defaults to 0 on input li
ne 43.
)
(<USER_HOME>/Documents/interlanguage/03_projects/language_management/arabic
_persianate_rtl/03_working_translations/openlogic/ar/locale/ar/output-screen-16
x9-reflow/open-logic-complete-ar-screen.prb
Package hyperref Info: bookmark level for unknown probd defaults to 0 on input 
line 4.
 [63]))
(./content/sets-functions-relations/relations/relations-complete.tex [64]
\bbl@ensure@arabic {باب} 2.
Output from handle open-logic-complete-ar-screen going to open-logic-complete-a
r-screen.prb

\openout6 = open-logic-complete-ar-screen.prb
(./content/sets-functions-relations/relations/relations-as-sets.tex [65]
[66]) (./content/sets-functions-relations/relations/reflections.tex [67]
[68]) (./content/sets-functions-relations/relations/special-properties.tex
[69]) (./content/sets-functions-relations/relations/equivalence-relations.tex
[70]) (./content/sets-functions-relations/relations/orders.tex [71] [72]
[73] [74]) (./content/sets-functions-relations/relations/graphs.tex [75])
(./content/sets-functions-relations/relations/trees.tex [76] [77]
Package cleveref Info: loaded `english' language definitions on input line 116.

 [78]
Package cleveref Info: loaded `english' language definitions on input line 121.

Package cleveref Info: loaded `english' language definitions on input line 122.

)
(./content/sets-functions-relations/relations/operations.tex [79])
(<USER_HOME>/Documents/interlanguage/03_projects/language_management/arabic
_persianate_rtl/03_working_translations/openlogic/ar/locale/ar/output-screen-16
x9-reflow/open-logic-complete-ar-screen.prb [80]))
(./content/sets-functions-relations/functions/functions.tex
\bbl@ensure@arabic {باب} 3.
Output from handle open-logic-complete-ar-screen going to open-logic-complete-a
r-screen.prb

\openout6 = open-logic-complete-ar-screen.prb
(./content/sets-functions-relations/functions/function-basics.tex [81]
(../../assets/diagrams/function.tikz) (../../assets/diagrams/function.tikz)
(../../assets/diagrams/function.tikz) (../../assets/diagrams/function.tikz)
(../../assets/diagrams/function.tikz) [82] [83])
(./content/sets-functions-relations/functions/function-kinds.tex
(../../assets/diagrams/surjective.tikz) (../../assets/diagrams/surjective.tikz) (../../assets/diagrams/surjective.tikz) [84]
(../../assets/diagrams/injective.tikz) (../../assets/diagrams/injective.tikz)
(../../assets/diagrams/injective.tikz) (../../assets/diagrams/injective.tikz)
(../../assets/diagrams/injective.tikz) [85]
(../../assets/diagrams/bijective.tikz) (../../assets/diagrams/bijective.tikz)
(../../assets/diagrams/bijective.tikz) (../../assets/diagrams/bijective.tikz)
(../../assets/diagrams/bijective.tikz) [86])
(./content/sets-functions-relations/functions/functions-relations.tex [87]
[88]) (./content/sets-functions-relations/functions/inverses.tex [89] [90]
LaTeX Font Info:    Font shape `TU/Scheherazade-Regular.ttf(0)/m/n' will be
(Font)              scaled to size 8.64001pt on input line 110.

[91]) (./content/sets-functions-relations/functions/composition.tex
(../../assets/diagrams/composition.tikz)
(../../assets/diagrams/composition.tikz)
(../../assets/diagrams/composition.tikz)
(../../assets/diagrams/composition.tikz)
(../../assets/diagrams/composition.tikz) [92] [93])
(./content/sets-functions-relations/functions/partial-functions.tex [94])
(<USER_HOME>/Documents/interlanguage/03_projects/language_management/arabic
_persianate_rtl/03_working_translations/openlogic/ar/locale/ar/output-screen-16
x9-reflow/open-logic-complete-ar-screen.prb [95]))
(./content/sets-functions-relations/size-of-sets/size-of-sets-complete.tex
\bbl@ensure@arabic {باب} 4.
Output from handle open-logic-complete-ar-screen going to open-logic-complete-a
r-screen.prb

\openout6 = open-logic-complete-ar-screen.prb
(./content/sets-functions-relations/size-of-sets/introduction.tex [96])
(./content/sets-functions-relations/size-of-sets/enumerability.tex [97]
[98] [99] [100]
Package hyperref Info: bookmark level for unknown cor defaults to 0 on input li
ne 204.
 [101])
(./content/sets-functions-relations/size-of-sets/zig-zag.tex [102] [103]
[104]) (./content/sets-functions-relations/size-of-sets/pairing.tex [105])
(./content/sets-functions-relations/size-of-sets/pairing-alt.tex [106]

LaTeX Font Warning: Command \small invalid in math mode on input line 23.

LaTeX Font Info:    Font shape `TU/Scheherazade-Regular.ttf(0)/m/n' will be
(Font)              scaled to size 15.55202pt on input line 23.

LaTeX Font Warning: Command \small invalid in math mode on input line 31.


LaTeX Font Warning: Command \small invalid in math mode on input line 40.

[107] [108])
(./content/sets-functions-relations/size-of-sets/non-enumerability.tex [109]
[110] [111] [112])
(./content/sets-functions-relations/size-of-sets/reduction.tex [113] [114])
(./content/sets-functions-relations/size-of-sets/equinumerous-sets.tex [115]
[116]) (./content/sets-functions-relations/size-of-sets/comparing-size.tex
[117] [118])
(./content/sets-functions-relations/size-of-sets/schroder-bernstein.tex
[119]) [120]
(./content/sets-functions-relations/size-of-sets/enumerability-alt.tex [121]
[122])
(./content/sets-functions-relations/size-of-sets/non-enumerability-alt.tex
[123] [124] [125] [126])
(./content/sets-functions-relations/size-of-sets/reduction-alt.tex [127])
(<USER_HOME>/Documents/interlanguage/03_projects/language_management/arabic
_persianate_rtl/03_working_translations/openlogic/ar/locale/ar/output-screen-16
x9-reflow/open-logic-complete-ar-screen.prb [128] [129] [130] [131] [132]))
(./content/sets-functions-relations/arithmetization/arithmetization.tex
\bbl@ensure@arabic {باب} 5.
Output from handle open-logic-complete-ar-screen going to open-logic-complete-a
r-screen.prb

\openout6 = open-logic-complete-ar-screen.prb
(./content/sets-functions-relations/arithmetization/integers.tex

Package hyperref Warning: Token not allowed in a PDF string (Unicode):
(hyperref)                removing `math shift' on input line 11.


Package hyperref Warning: Token not allowed in a PDF string (Unicode):
(hyperref)                removing `math shift' on input line 11.


Package hyperref Warning: Token not allowed in a PDF string (Unicode):
(hyperref)                removing `math shift' on input line 11.


Package hyperref Warning: Token not allowed in a PDF string (Unicode):
(hyperref)                removing `math shift' on input line 11.

[133] [134] [135])
(./content/sets-functions-relations/arithmetization/rationals.tex

Package hyperref Warning: Token not allowed in a PDF string (Unicode):
(hyperref)                removing `math shift' on input line 10.


Package hyperref Warning: Token not allowed in a PDF string (Unicode):
(hyperref)                removing `math shift' on input line 10.


Package hyperref Warning: Token not allowed in a PDF string (Unicode):
(hyperref)                removing `math shift' on input line 10.


Package hyperref Warning: Token not allowed in a PDF string (Unicode):
(hyperref)                removing `math shift' on input line 10.

[136] [137]) (./content/sets-functions-relations/arithmetization/reals.tex
[138] [139]) (./content/sets-functions-relations/arithmetization/cuts.tex

Package hyperref Warning: Token not allowed in a PDF string (Unicode):
(hyperref)                removing `math shift' on input line 10.


Package hyperref Warning: Token not allowed in a PDF string (Unicode):
(hyperref)                removing `math shift' on input line 10.


Package hyperref Warning: Token not allowed in a PDF string (Unicode):
(hyperref)                removing `math shift' on input line 10.


Package hyperref Warning: Token not allowed in a PDF string (Unicode):
(hyperref)                removing `math shift' on input line 10.

[140] [141] [142])
(./content/sets-functions-relations/arithmetization/reflections.tex [143]
[144]) (./content/sets-functions-relations/arithmetization/checking-details.tex
[145] [146] [147] [148] [149])
(./content/sets-functions-relations/arithmetization/cauchy.tex [150] [151]
[152] [153] [154])
(<USER_HOME>/Documents/interlanguage/03_projects/language_management/arabic
_persianate_rtl/03_working_translations/openlogic/ar/locale/ar/output-screen-16
x9-reflow/open-logic-complete-ar-screen.prb [155]))
(./content/sets-functions-relations/infinite/infinite.tex [156]
\bbl@ensure@arabic {باب} 6.
Output from handle open-logic-complete-ar-screen going to open-logic-complete-a
r-screen.prb

\openout6 = open-logic-complete-ar-screen.prb
(./content/sets-functions-relations/infinite/hilberts-hotel.tex [157])
(./content/sets-functions-relations/infinite/dedekind-algebra.tex [158]
Package hyperref Info: bookmark level for unknown lem defaults to 0 on input li
ne 50.

[159] [160])
(./content/sets-functions-relations/infinite/dedekind-induction.tex [161]
[162]) (./content/sets-functions-relations/infinite/dedekinds-proof.tex
[163] [164]) (./content/sets-functions-relations/infinite/card-sb.tex [165]
[166] [167]))) (./content/propositional-logic/propositional-logic.tex [168]
LaTeX Font Info:    Trying to load font information for U+euf on input line 15.


(<USER_HOME>/AppData/Local/Programs/MiKTeX/tex/latex/amsfonts/ueuf.fd
File: ueuf.fd 2013/01/14 v3.01 Euler Fraktur
)
(./content/propositional-logic/syntax-and-semantics/syntax-and-semantics.tex
\bbl@ensure@arabic {باب} 7.
Output from handle open-logic-complete-ar-screen going to open-logic-complete-a
r-screen.prb

\openout6 = open-logic-complete-ar-screen.prb
(./content/propositional-logic/syntax-and-semantics/introduction.tex [169

]
[170]) (./content/propositional-logic/syntax-and-semantics/formulas.tex
LaTeX Font Info:    Trying to load font information for OML+cmbr on input line 
22.

(<USER_HOME>/AppData/Local/Programs/MiKTeX/tex/latex/cmbright/omlcmbr.fd
File: omlcmbr.fd 2005/04/13 v8.1 (WaS)
)
LaTeX Font Info:    Trying to load font information for OML+cmbrm on input line
 22.

(<USER_HOME>/AppData/Local/Programs/MiKTeX/tex/latex/cmbright/omlcmbrm.fd
File: omlcmbrm.fd 2005/04/13 v8.1 (WaS)
)
LaTeX Font Info:    Font shape `OML/cmbr/m/it' in size <17.28> not available
(Font)              Font shape `OML/cmbrm/m/it' tried instead on input line 22.

LaTeX Font Info:    Font shape `OML/cmbr/m/it' in size <12> not available
(Font)              Font shape `OML/cmbrm/m/it' tried instead on input line 22.

LaTeX Font Info:    Font shape `OML/cmbr/m/it' in size <10> not available
(Font)              Font shape `OML/cmbrm/m/it' tried instead on input line 22.


[171] [172])
(./content/propositional-logic/syntax-and-semantics/preliminaries.tex

LaTeX Font Warning: Font shape `TU/Scheherazade-Regular.ttf(0)/b/it' undefined
(Font)              using `TU/Scheherazade-Regular.ttf(0)/b/n' instead on input
 line 13.

[173] [174] [175])
(./content/propositional-logic/syntax-and-semantics/formation-sequences.tex
[176] [177] [178])
(./content/propositional-logic/syntax-and-semantics/valuations-sat.tex [179]
[180] [181])
(./content/propositional-logic/syntax-and-semantics/semantic-notions.tex
[182] [183])
(<USER_HOME>/Documents/interlanguage/03_projects/language_management/arabic
_persianate_rtl/03_working_translations/openlogic/ar/locale/ar/output-screen-16
x9-reflow/open-logic-complete-ar-screen.prb [184] [185]))
(./content/propositional-logic/../first-order-logic/proof-systems/proof-systems
.tex [186]
\bbl@ensure@arabic {باب} 8.
Output from handle open-logic-complete-ar-screen going to open-logic-complete-a
r-screen.prb

\openout6 = open-logic-complete-ar-screen.prb

(./content/propositional-logic/../first-order-logic/proof-systems/introduction.
tex [187] [188])
(./content/propositional-logic/../first-order-logic/proof-systems/sequent-calcu
lus.tex
\myBox1=\box111
\myScoreStart1=\dimen364
\myCenter1=\dimen365
\myScoreEnd1=\dimen366
 [189])
(./content/propositional-logic/../first-order-logic/proof-systems/natural-deduc
tion.tex [190]
LaTeX Font Info:    Font shape `TU/Scheherazade-Regular.ttf(0)/m/n' will be
(Font)              scaled to size 11.826pt on input line 62.
LaTeX Font Info:    Font shape `OML/cmbr/m/it' in size <10.95> not available
(Font)              Font shape `OML/cmbrm/m/it' tried instead on input line 62.

)
(./content/propositional-logic/../first-order-logic/proof-systems/tableaux.tex
[191] [192])
(./content/propositional-logic/../first-order-logic/proof-systems/axiomatic-ded
uction.tex [193] [194]))
(./content/propositional-logic/../first-order-logic/sequent-calculus/sequent-ca
lculus.tex [195]
\bbl@ensure@arabic {باب} 9.
Output from handle open-logic-complete-ar-screen going to open-logic-complete-a
r-screen.prb

\openout6 = open-logic-complete-ar-screen.prb

(./content/propositional-logic/../first-order-logic/sequent-calculus/rules-and-
proofs.tex [196])
(./content/propositional-logic/../first-order-logic/sequent-calculus/propositio
nal-rules.tex [197]
LaTeX Font Info:    Font shape `OML/cmbr/m/it' in size <20.74> not available
(Font)              Font shape `OML/cmbrm/m/it' tried instead on input line 15.

LaTeX Font Info:    Font shape `OML/cmbr/m/it' in size <14.4> not available
(Font)              Font shape `OML/cmbrm/m/it' tried instead on input line 15.

\myBox2=\box112
\myScoreStart2=\dimen367
\myCenter2=\dimen368
\myScoreEnd2=\dimen369
 [198])
(./content/propositional-logic/../first-order-logic/sequent-calculus/structural
-rules.tex [199] [200])
(./content/propositional-logic/../first-order-logic/sequent-calculus/derivation
s.tex [201] [202])
(./content/propositional-logic/../first-order-logic/sequent-calculus/proving-th
ings.tex [203] [204] [205] [206] [207])
(./content/propositional-logic/../first-order-logic/sequent-calculus/proof-theo
retic-notions.tex [208] [209] [210])
(./content/propositional-logic/../first-order-logic/sequent-calculus/provabilit
y-consistency.tex [211] [212])
(./content/propositional-logic/../first-order-logic/sequent-calculus/provabilit
y-propositional.tex [213] [214])
(./content/propositional-logic/../first-order-logic/sequent-calculus/soundness.
tex [215] [216] [217] [218] [219] [220] [221])
(<USER_HOME>/Documents/interlanguage/03_projects/language_management/arabic
_persianate_rtl/03_working_translations/openlogic/ar/locale/ar/output-screen-16
x9-reflow/open-logic-complete-ar-screen.prb [222] [223] [224]))
(./content/propositional-logic/../first-order-logic/natural-deduction/natural-d
eduction.tex
\bbl@ensure@arabic {باب} 10.
Output from handle open-logic-complete-ar-screen going to open-logic-complete-a
r-screen.prb

\openout6 = open-logic-complete-ar-screen.prb

(./content/propositional-logic/../first-order-logic/natural-deduction/rules-and
-proofs.tex [225])
(./content/propositional-logic/../first-order-logic/natural-deduction/propositi
onal-rules.tex [226]
\myBox3=\box113
\myScoreStart3=\dimen370
\myCenter3=\dimen371
\myScoreEnd3=\dimen372
 [227])
(./content/propositional-logic/../first-order-logic/natural-deduction/derivatio
ns.tex [228] [229])
(./content/propositional-logic/../first-order-logic/natural-deduction/proving-t
hings.tex [230] [231] [232] [233] [234] [235])
(./content/propositional-logic/../first-order-logic/natural-deduction/proof-the
oretic-notions.tex [236] [237])
(./content/propositional-logic/../first-order-logic/natural-deduction/provabili
ty-consistency.tex [238] [239] [240])
(./content/propositional-logic/../first-order-logic/natural-deduction/provabili
ty-propositional.tex [241]
\myBox4=\box114
\myScoreStart4=\dimen373
\myCenter4=\dimen374
\myScoreEnd4=\dimen375
 [242])
(./content/propositional-logic/../first-order-logic/natural-deduction/soundness
.tex [243] [244] [245] [246] [247] [248])
(<USER_HOME>/Documents/interlanguage/03_projects/language_management/arabic
_persianate_rtl/03_working_translations/openlogic/ar/locale/ar/output-screen-16
x9-reflow/open-logic-complete-ar-screen.prb [249] [250] [251]))
(./content/propositional-logic/../first-order-logic/tableaux/tableaux.tex
\bbl@ensure@arabic {باب} 11.
Output from handle open-logic-complete-ar-screen going to open-logic-complete-a
r-screen.prb

\openout6 = open-logic-complete-ar-screen.prb

(./content/propositional-logic/../first-order-logic/tableaux/rules-and-proofs.t
ex [252])
(./content/propositional-logic/../first-order-logic/tableaux/propositional-rule
s.tex [253] [254])
(./content/propositional-logic/../first-order-logic/tableaux/derivations.tex
[255] [256])
(./content/propositional-logic/../first-order-logic/tableaux/proving-things.tex
[257] [258] [259] [260] [261] [262] [263] [264])
(./content/propositional-logic/../first-order-logic/tableaux/proof-theoretic-no
tions.tex [265] [266] [267] [268])
(./content/propositional-logic/../first-order-logic/tableaux/provability-consis
tency.tex [269] [270] [271])
(./content/propositional-logic/../first-order-logic/tableaux/provability-propos
itional.tex [272] [273] [274] [275] [276])
(./content/propositional-logic/../first-order-logic/tableaux/soundness.tex
[277] [278] [279] [280])
(<USER_HOME>/Documents/interlanguage/03_projects/language_management/arabic
_persianate_rtl/03_working_translations/openlogic/ar/locale/ar/output-screen-16
x9-reflow/open-logic-complete-ar-screen.prb [281] [282] [283]))
(./content/propositional-logic/../first-order-logic/axiomatic-deduction/axiomat
ic-deduction.tex
\bbl@ensure@arabic {باب} 12.
Output from handle open-logic-complete-ar-screen going to open-logic-complete-a
r-screen.prb

\openout6 = open-logic-complete-ar-screen.prb

(./content/propositional-logic/../first-order-logic/axiomatic-deduction/rules-a
nd-proofs.tex [284] [285])
(./content/propositional-logic/../first-order-logic/axiomatic-deduction/axioms-
rules-propositional.tex [286]

LaTeX Font Warning: Font shape `TU/Scheherazade-Regular.ttf(0)/m/sc' undefined
(Font)              using `TU/Scheherazade-Regular.ttf(0)/m/n' instead on input
 line 41.

)
(./content/propositional-logic/../first-order-logic/axiomatic-deduction/proving
-things.tex
LaTeX Font Info:    Font shape `TU/Scheherazade-Regular.ttf(0)/m/sc' will be
(Font)              scaled to size 18.66243pt on input line 19.
 [287] [288] [289])
(./content/propositional-logic/../first-order-logic/axiomatic-deduction/proof-t
heoretic-notions.tex [290] [291] [292])
(./content/propositional-logic/../first-order-logic/axiomatic-deduction/deducti
on-theorem.tex [293] [294])
(./content/propositional-logic/../first-order-logic/axiomatic-deduction/provabi
lity-consistency.tex [295])
(./content/propositional-logic/../first-order-logic/axiomatic-deduction/provabi
lity-propositional.tex [296] [297])
(./content/propositional-logic/../first-order-logic/axiomatic-deduction/soundne
ss.tex [298])
(<USER_HOME>/Documents/interlanguage/03_projects/language_management/arabic
_persianate_rtl/03_working_translations/openlogic/ar/locale/ar/output-screen-16
x9-reflow/open-logic-complete-ar-screen.prb [299]))
(./content/propositional-logic/../first-order-logic/completeness/completeness.t
ex [300]
\bbl@ensure@arabic {باب} 13.
Output from handle open-logic-complete-ar-screen going to open-logic-complete-a
r-screen.prb

\openout6 = open-logic-complete-ar-screen.prb

(./content/propositional-logic/../first-order-logic/completeness/introduction.t
ex [301])
(./content/propositional-logic/../first-order-logic/completeness/outline.tex
[302])
(./content/propositional-logic/../first-order-logic/completeness/complete-consi
stent-sets.tex [303] [304] [305])
(./content/propositional-logic/../first-order-logic/completeness/lindenbaums-le
mma.tex [306])
(./content/propositional-logic/../first-order-logic/completeness/construction-o
f-model.tex [307])
(./content/propositional-logic/../first-order-logic/completeness/completeness-t
hm.tex [308])
(./content/propositional-logic/../first-order-logic/completeness/compactness.te
x [309])
(./content/propositional-logic/../first-order-logic/completeness/compactness-di
rect.tex [310] [311])
(<USER_HOME>/Documents/interlanguage/03_projects/language_management/arabic
_persianate_rtl/03_working_translations/openlogic/ar/locale/ar/output-screen-16
x9-reflow/open-logic-complete-ar-screen.prb)))
(./content/first-order-logic/first-order-logic.tex [312]
(./content/first-order-logic/introduction/introduction.tex
\bbl@ensure@arabic {باب} 14.
Output from handle open-logic-complete-ar-screen going to open-logic-complete-a
r-screen.prb

\openout6 = open-logic-complete-ar-screen.prb
(./content/first-order-logic/introduction/first-order-logic.tex [313

] [314])
(./content/first-order-logic/introduction/syntax.tex [315])
(./content/first-order-logic/introduction/formulas.tex [316] [317])
(./content/first-order-logic/introduction/satisfaction.tex [318] [319])
(./content/first-order-logic/introduction/sentences.tex [320])
(./content/first-order-logic/introduction/semantic-notions.tex [321])
(./content/first-order-logic/introduction/substitution.tex [322])
(./content/first-order-logic/introduction/models-theories.tex [323])
(./content/first-order-logic/introduction/soundness-completeness.tex [324]))
(./content/first-order-logic/syntax-and-semantics/syntax.tex [325]
\bbl@ensure@arabic {باب} 15.
Output from handle open-logic-complete-ar-screen going to open-logic-complete-a
r-screen.prb

\openout6 = open-logic-complete-ar-screen.prb
(./content/first-order-logic/syntax-and-semantics/intro-syntax.tex)
(./content/first-order-logic/syntax-and-semantics/first-order-languages.tex
[326] [327] [328])
(./content/first-order-logic/syntax-and-semantics/terms-formulas.tex [329]
[330] [331]
LaTeX Font Info:    Font shape `TU/Scheherazade-Regular.ttf(0)/b/it' will be
(Font)              scaled to size 18.66243pt on input line 179.
 [332])
(./content/first-order-logic/syntax-and-semantics/unique-readability.tex
[333] [334] [335] [336] [337])
(./content/first-order-logic/syntax-and-semantics/main-operator.tex [338]

LaTeX Warning: `!h' float specifier changed to `!ht'.

) (./content/first-order-logic/syntax-and-semantics/subformulas.tex [339]
[340])
(./content/first-order-logic/syntax-and-semantics/formation-sequences.tex
[341] [342] [343] [344] [345] [346])
(./content/first-order-logic/syntax-and-semantics/free-vars-sentences.tex
[347] [348]) (./content/first-order-logic/syntax-and-semantics/substitution.tex
[349] [350] [351])
(<USER_HOME>/Documents/interlanguage/03_projects/language_management/arabic
_persianate_rtl/03_working_translations/openlogic/ar/locale/ar/output-screen-16
x9-reflow/open-logic-complete-ar-screen.prb [352]))
(./content/first-order-logic/syntax-and-semantics/semantics.tex [353]
\bbl@ensure@arabic {باب} 16.
Output from handle open-logic-complete-ar-screen going to open-logic-complete-a
r-screen.prb

\openout6 = open-logic-complete-ar-screen.prb
(./content/first-order-logic/syntax-and-semantics/intro-semantics.tex)
(./content/first-order-logic/syntax-and-semantics/structures.tex [354] [355]
[356]) (./content/first-order-logic/syntax-and-semantics/covered-structures.tex
[357]) (./content/first-order-logic/syntax-and-semantics/satisfaction.tex
[358] [359] [360] [361] [362] [363] [364])
(./content/first-order-logic/syntax-and-semantics/assignments.tex [365]
[366] [367] [368] [369])
(./content/first-order-logic/syntax-and-semantics/extensionality.tex [370]
[371] [372])
(./content/first-order-logic/syntax-and-semantics/semantic-notions.tex [373]
[374])
(<USER_HOME>/Documents/interlanguage/03_projects/language_management/arabic
_persianate_rtl/03_working_translations/openlogic/ar/locale/ar/output-screen-16
x9-reflow/open-logic-complete-ar-screen.prb [375] [376] [377] [378]))
(./content/first-order-logic/models-theories/models-theories.tex
\bbl@ensure@arabic {باب} 17.
Output from handle open-logic-complete-ar-screen going to open-logic-complete-a
r-screen.prb

\openout6 = open-logic-complete-ar-screen.prb
(./content/first-order-logic/models-theories/introduction.tex [379] [380])
(./content/first-order-logic/models-theories/expressing-props-of-structures.tex
[381]) (./content/first-order-logic/models-theories/theories.tex [382] [383]
[384] [385])
(./content/first-order-logic/models-theories/expressing-relations.tex [386])
(./content/first-order-logic/models-theories/set-theory.tex [387] [388]
[389] [390])
(./content/first-order-logic/models-theories/size-of-structures.tex [391]
[392])
(<USER_HOME>/Documents/interlanguage/03_projects/language_management/arabic
_persianate_rtl/03_working_translations/openlogic/ar/locale/ar/output-screen-16
x9-reflow/open-logic-complete-ar-screen.prb [393]))
(./content/first-order-logic/proof-systems/proof-systems.tex [394]
\bbl@ensure@arabic {باب} 18.
Output from handle open-logic-complete-ar-screen going to open-logic-complete-a
r-screen.prb

\openout6 = open-logic-complete-ar-screen.prb
(./content/first-order-logic/proof-systems/introduction.tex [395] [396])
(./content/first-order-logic/proof-systems/sequent-calculus.tex [397])
(./content/first-order-logic/proof-systems/natural-deduction.tex [398])
(./content/first-order-logic/proof-systems/tableaux.tex [399] [400])
(./content/first-order-logic/proof-systems/axiomatic-deduction.tex [401]
[402])) (./content/first-order-logic/sequent-calculus/sequent-calculus.tex
[403]
\bbl@ensure@arabic {باب} 19.
Output from handle open-logic-complete-ar-screen going to open-logic-complete-a
r-screen.prb

\openout6 = open-logic-complete-ar-screen.prb
(./content/first-order-logic/sequent-calculus/rules-and-proofs.tex [404])
(./content/first-order-logic/sequent-calculus/propositional-rules.tex [405]
[406]) (./content/first-order-logic/sequent-calculus/quantifier-rules.tex
[407] [408]) (./content/first-order-logic/sequent-calculus/structural-rules.tex
[409] [410]) (./content/first-order-logic/sequent-calculus/derivations.tex
[411] [412]) (./content/first-order-logic/sequent-calculus/proving-things.tex
[413] [414] [415] [416] [417])
(./content/first-order-logic/sequent-calculus/proving-things-quant.tex [418]
[419])
(./content/first-order-logic/sequent-calculus/proof-theoretic-notions.tex
[420] [421] [422])
(./content/first-order-logic/sequent-calculus/provability-consistency.tex
[423] [424])
(./content/first-order-logic/sequent-calculus/provability-propositional.tex
[425] [426])
(./content/first-order-logic/sequent-calculus/provability-quantifiers.tex
[427]) (./content/first-order-logic/sequent-calculus/soundness.tex [428]
[429] [430] [431] [432] [433] [434] [435] [436])
(./content/first-order-logic/sequent-calculus/identity.tex [437])
(./content/first-order-logic/sequent-calculus/soundness-identity.tex [438])
(<USER_HOME>/Documents/interlanguage/03_projects/language_management/arabic
_persianate_rtl/03_working_translations/openlogic/ar/locale/ar/output-screen-16
x9-reflow/open-logic-complete-ar-screen.prb [439] [440] [441] [442]))
(./content/first-order-logic/natural-deduction/natural-deduction.tex
\bbl@ensure@arabic {باب} 20.
Output from handle open-logic-complete-ar-screen going to open-logic-complete-a
r-screen.prb

\openout6 = open-logic-complete-ar-screen.prb
(./content/first-order-logic/natural-deduction/rules-and-proofs.tex [443])
(./content/first-order-logic/natural-deduction/propositional-rules.tex [444]
[445]) (./content/first-order-logic/natural-deduction/quantifier-rules.tex
[446] [447]) (./content/first-order-logic/natural-deduction/derivations.tex
[448] [449]) (./content/first-order-logic/natural-deduction/proving-things.tex
[450] [451] [452] [453] [454] [455])
(./content/first-order-logic/natural-deduction/proving-things-quant.tex
[456] [457] [458] [459] [460])
(./content/first-order-logic/natural-deduction/proof-theoretic-notions.tex
[461] [462] [463])
(./content/first-order-logic/natural-deduction/provability-consistency.tex
[464] [465])
(./content/first-order-logic/natural-deduction/provability-propositional.tex
[466] [467])
(./content/first-order-logic/natural-deduction/provability-quantifiers.tex
[468]) (./content/first-order-logic/natural-deduction/soundness.tex [469]
[470] [471] [472] [473] [474] [475])
(./content/first-order-logic/natural-deduction/identity.tex [476] [477]
[478]) (./content/first-order-logic/natural-deduction/soundness-identity.tex)
(<USER_HOME>/Documents/interlanguage/03_projects/language_management/arabic
_persianate_rtl/03_working_translations/openlogic/ar/locale/ar/output-screen-16
x9-reflow/open-logic-complete-ar-screen.prb [479] [480] [481] [482]))
(./content/first-order-logic/tableaux/tableaux.tex [483]
\bbl@ensure@arabic {باب} 21.
Output from handle open-logic-complete-ar-screen going to open-logic-complete-a
r-screen.prb

\openout6 = open-logic-complete-ar-screen.prb
(./content/first-order-logic/tableaux/rules-and-proofs.tex [484])
(./content/first-order-logic/tableaux/propositional-rules.tex [485] [486])
(./content/first-order-logic/tableaux/quantifier-rules.tex [487] [488])
(./content/first-order-logic/tableaux/derivations.tex [489] [490])
(./content/first-order-logic/tableaux/proving-things.tex [491] [492] [493]
[494] [495] [496] [497] [498])
(./content/first-order-logic/tableaux/proving-things-quant.tex [499] [500]
[501] [502] [503] [504]

Package prooftrees Warning: Merging conflicting justifications for line 6! Plea
se examine the output carefully and use "move by" to move lines later in the pr
oof if required. Details of how to do this are included in the documentation. o
n input line 276.

[505]

Package prooftrees Warning: Merging conflicting justifications for line 6! Plea
se examine the output carefully and use "move by" to move lines later in the pr
oof if required. Details of how to do this are included in the documentation. o
n input line 310.


Package prooftrees Warning: Merging conflicting justifications for line 7! Plea
se examine the output carefully and use "move by" to move lines later in the pr
oof if required. Details of how to do this are included in the documentation. o
n input line 310.

[506]) (./content/first-order-logic/tableaux/proof-theoretic-notions.tex
[507] [508] [509] [510])
(./content/first-order-logic/tableaux/provability-consistency.tex [511]
[512]) (./content/first-order-logic/tableaux/provability-propositional.tex
[513] [514] [515] [516] [517])
(./content/first-order-logic/tableaux/provability-quantifiers.tex [518]
[519] [520]) (./content/first-order-logic/tableaux/soundness.tex [521] [522]
[523] [524]) (./content/first-order-logic/tableaux/identity.tex [525] [526])
(./content/first-order-logic/tableaux/soundness-identity.tex [527])
(<USER_HOME>/Documents/interlanguage/03_projects/language_management/arabic
_persianate_rtl/03_working_translations/openlogic/ar/locale/ar/output-screen-16
x9-reflow/open-logic-complete-ar-screen.prb [528] [529] [530] [531]))
(./content/first-order-logic/axiomatic-deduction/axiomatic-deduction.tex
[532]
\bbl@ensure@arabic {باب} 22.
Output from handle open-logic-complete-ar-screen going to open-logic-complete-a
r-screen.prb

\openout6 = open-logic-complete-ar-screen.prb
(./content/first-order-logic/axiomatic-deduction/rules-and-proofs.tex [533]
[534])
(./content/first-order-logic/axiomatic-deduction/axioms-rules-propositional.tex
[535])
(./content/first-order-logic/axiomatic-deduction/axioms-rules-quantifiers.tex
[536]) (./content/first-order-logic/axiomatic-deduction/proving-things.tex
[537] [538] [539])
(./content/first-order-logic/axiomatic-deduction/proving-things-quant.tex
[540] [541])
(./content/first-order-logic/axiomatic-deduction/proof-theoretic-notions.tex
[542] [543])
(./content/first-order-logic/axiomatic-deduction/deduction-theorem.tex [544]
[545])
(./content/first-order-logic/axiomatic-deduction/deduction-theorem-quantifiers.
tex [546] [547])
(./content/first-order-logic/axiomatic-deduction/provability-consistency.tex
[548])
(./content/first-order-logic/axiomatic-deduction/provability-propositional.tex
[549] [550])
(./content/first-order-logic/axiomatic-deduction/provability-quantifiers.tex
[551]) (./content/first-order-logic/axiomatic-deduction/soundness.tex [552]
[553]) (./content/first-order-logic/axiomatic-deduction/identity.tex [554])
(<USER_HOME>/Documents/interlanguage/03_projects/language_management/arabic
_persianate_rtl/03_working_translations/openlogic/ar/locale/ar/output-screen-16
x9-reflow/open-logic-complete-ar-screen.prb [555]))
(./content/first-order-logic/completeness/completeness.tex [556]
\bbl@ensure@arabic {باب} 23.
Output from handle open-logic-complete-ar-screen going to open-logic-complete-a
r-screen.prb

\openout6 = open-logic-complete-ar-screen.prb
(./content/first-order-logic/completeness/introduction.tex [557])
(./content/first-order-logic/completeness/outline.tex [558] [559])
(./content/first-order-logic/completeness/complete-consistent-sets.tex [560]
[561] [562]) (./content/first-order-logic/completeness/henkin-expansions.tex
[563] [564] [565])
(./content/first-order-logic/completeness/lindenbaums-lemma.tex [566] [567])
(./content/first-order-logic/completeness/construction-of-model.tex [568]
[569] [570] [571]) (./content/first-order-logic/completeness/identity.tex
[572] [573] [574] [575])
(./content/first-order-logic/completeness/completeness-thm.tex [576])
(./content/first-order-logic/completeness/compactness.tex [577] [578] [579])
(./content/first-order-logic/completeness/compactness-direct.tex [580] [581])
(./content/first-order-logic/completeness/downward-ls.tex [582])
(<USER_HOME>/Documents/interlanguage/03_projects/language_management/arabic
_persianate_rtl/03_working_translations/openlogic/ar/locale/ar/output-screen-16
x9-reflow/open-logic-complete-ar-screen.prb [583] [584]))
(./content/first-order-logic/beyond/beyond.tex [585]
\bbl@ensure@arabic {باب} 24.
Output from handle open-logic-complete-ar-screen going to open-logic-complete-a
r-screen.prb

\openout6 = open-logic-complete-ar-screen.prb
(./content/first-order-logic/beyond/introduction.tex [586])
(./content/first-order-logic/beyond/many-sorted-logic.tex [587])
(./content/first-order-logic/beyond/second-order-logic.tex [588] [589] [590]
[591] [592]) (./content/first-order-logic/beyond/higher-order-logic.tex
[593] [594] [595] [596])
(./content/first-order-logic/beyond/intuitionistic-logic.tex [597] [598]
[599] [600] [601]) (./content/first-order-logic/beyond/modal-logics.tex
[602] [603]) (./content/first-order-logic/beyond/other-logics.tex)))
(./content/model-theory/model-theory.tex [604]
(./content/model-theory/basics/basics.tex
\bbl@ensure@arabic {باب} 25.
Output from handle open-logic-complete-ar-screen going to open-logic-complete-a
r-screen.prb

\openout6 = open-logic-complete-ar-screen.prb
(./content/model-theory/basics/reducts-and-expansions.tex [605

])
(./content/model-theory/basics/substructures.tex [606]
Package hyperref Info: bookmark level for unknown rem defaults to 0 on input li
ne 39.
)
(./content/model-theory/basics/overspill.tex [607])
(./content/model-theory/basics/isomorphism.tex [608] [609] [610])
(./content/model-theory/basics/theory-of-m.tex [611])
(./content/model-theory/basics/partial-iso.tex [612] [613] [614] [615])
(./content/model-theory/basics/dlo.tex [616] [617])
(<USER_HOME>/Documents/interlanguage/03_projects/language_management/arabic
_persianate_rtl/03_working_translations/openlogic/ar/locale/ar/output-screen-16
x9-reflow/open-logic-complete-ar-screen.prb))
(./content/model-theory/models-of-arithmetic/models-of-arithmetic.tex [618]
\bbl@ensure@arabic {باب} 26.
Output from handle open-logic-complete-ar-screen going to open-logic-complete-a
r-screen.prb

\openout6 = open-logic-complete-ar-screen.prb
(./content/model-theory/models-of-arithmetic/introduction.tex [619])
(./content/model-theory/models-of-arithmetic/standard-models.tex [620] [621]
[622] [623])
(./content/model-theory/models-of-arithmetic/non-standard-models.tex [624]
[625]) (./content/model-theory/models-of-arithmetic/models-of-q.tex
LaTeX Font Info:    Font shape `OML/cmbr/m/it' in size <24.88> not available
(Font)              Font shape `OML/cmbrm/m/it' tried instead on input line 10.



Package hyperref Warning: Token not allowed in a PDF string (Unicode):
(hyperref)                removing `math shift' on input line 10.


Package hyperref Warning: Token not allowed in a PDF string (Unicode):
(hyperref)                removing `\Th' on input line 10.


Package hyperref Warning: Token not allowed in a PDF string (Unicode):
(hyperref)                removing `math shift' on input line 10.

[626] [627] [628] [629])
(./content/model-theory/models-of-arithmetic/models-of-pa.tex

Package hyperref Warning: Token not allowed in a PDF string (Unicode):
(hyperref)                removing `math shift' on input line 10.


Package hyperref Warning: Token not allowed in a PDF string (Unicode):
(hyperref)                removing `\Th' on input line 10.


Package hyperref Warning: Token not allowed in a PDF string (Unicode):
(hyperref)                removing `math shift' on input line 10.

[630] [631] [632] [633])
(./content/model-theory/models-of-arithmetic/computable-models.tex [634]
[635] [636])
(<USER_HOME>/Documents/interlanguage/03_projects/language_management/arabic
_persianate_rtl/03_working_translations/openlogic/ar/locale/ar/output-screen-16
x9-reflow/open-logic-complete-ar-screen.prb [637] [638]))
(./content/model-theory/interpolation/interpolation.tex [639]
\bbl@ensure@arabic {باب} 27.
Output from handle open-logic-complete-ar-screen going to open-logic-complete-a
r-screen.prb

\openout6 = open-logic-complete-ar-screen.prb
(./content/model-theory/interpolation/introduction.tex)
(./content/model-theory/interpolation/separation.tex [640] [641])
(./content/model-theory/interpolation/interpolation-proof.tex [642] [643]
[644] [645]) (./content/model-theory/interpolation/definability.tex [646]
[647] [648])) (./content/model-theory/lindstrom/lindstrom.tex
\bbl@ensure@arabic {باب} 28.
Output from handle open-logic-complete-ar-screen going to open-logic-complete-a
r-screen.prb

\openout6 = open-logic-complete-ar-screen.prb
(./content/model-theory/lindstrom/introduction.tex)
(./content/model-theory/lindstrom/abstract-logics.tex [649] [650] [651])
(./content/model-theory/lindstrom/ls-property.tex [652] [653])
(./content/model-theory/lindstrom/lindstrom-proof.tex [654] [655])))
(./content/computability/computability.tex [656]
(./content/computability/recursive-functions/recursive-functions.tex
\bbl@ensure@arabic {باب} 29.
Output from handle open-logic-complete-ar-screen going to open-logic-complete-a
r-screen.prb

\openout6 = open-logic-complete-ar-screen.prb
(./content/computability/recursive-functions/introduction.tex [657

])
(./content/computability/recursive-functions/primitive-recursion.tex [658]
[659] [660] [661]) (./content/computability/recursive-functions/composition.tex
[662] [663]) (./content/computability/recursive-functions/pr-functions.tex
[664] [665] [666] [667])
(./content/computability/recursive-functions/notation-pr-functions.tex [668])
(./content/computability/recursive-functions/pr-functions-computable.tex
[669]) (./content/computability/recursive-functions/examples.tex [670] [671]
[672] [673] [674])
(./content/computability/recursive-functions/pr-relations.tex [675] [676]
[677] [678])
(./content/computability/recursive-functions/bounded-minimization.tex [679]
[680]) (./content/computability/recursive-functions/primes.tex [681])
(./content/computability/recursive-functions/sequences.tex [682] [683] [684]
[685] [686]) (./content/computability/recursive-functions/trees.tex [687])
(./content/computability/recursive-functions/other-recursions.tex [688])
(./content/computability/recursive-functions/non-pr-functions.tex [689]
[690] [691]) (./content/computability/recursive-functions/partial-functions.tex
[692] [693]) (./content/computability/recursive-functions/normal-form.tex
[694]) (./content/computability/recursive-functions/halting-problem.tex
[695] [696])
(./content/computability/recursive-functions/general-recursive-functions.tex
[697])
(<USER_HOME>/Documents/interlanguage/03_projects/language_management/arabic
_persianate_rtl/03_working_translations/openlogic/ar/locale/ar/output-screen-16
x9-reflow/open-logic-complete-ar-screen.prb [698] [699]))
(./content/computability/computability-theory/computability-theory.tex
\bbl@ensure@arabic {باب} 30.
Output from handle open-logic-complete-ar-screen going to open-logic-complete-a
r-screen.prb

\openout6 = open-logic-complete-ar-screen.prb
(./content/computability/computability-theory/introduction.tex [700])
(./content/computability/computability-theory/coding-computations.tex [701])
(./content/computability/computability-theory/normal-form.tex [702] [703])
(./content/computability/computability-theory/s-m-n.tex [704]

Package hyperref Warning: Token not allowed in a PDF string (Unicode):
(hyperref)                removing `math shift' on input line 10.


Package hyperref Warning: Token not allowed in a PDF string (Unicode):
(hyperref)                removing `math shift' on input line 10.


Package hyperref Warning: Token not allowed in a PDF string (Unicode):
(hyperref)                removing `math shift' on input line 10.


Package hyperref Warning: Token not allowed in a PDF string (Unicode):
(hyperref)                removing `math shift' on input line 10.


Package hyperref Warning: Token not allowed in a PDF string (Unicode):
(hyperref)                removing `math shift' on input line 10.


Package hyperref Warning: Token not allowed in a PDF string (Unicode):
(hyperref)                removing `math shift' on input line 10.

) (./content/computability/computability-theory/universal-part-function.tex
[705]) (./content/computability/computability-theory/no-universal-function.tex
[706]) (./content/computability/computability-theory/halting-problem.tex
[707] [708]) (./content/computability/computability-theory/russells-paradox.tex
[709] [710]) (./content/computability/computability-theory/computable-sets.tex) (./content/computability/computability-theory/ce-sets.tex [711])
(./content/computability/computability-theory/equiv-ce-defs.tex [712] [713]
[714] [715]) (./content/computability/computability-theory/non-comp-set.tex
[716] [717])
(./content/computability/computability-theory/ce-closed-cup-cap.tex [718]
[719]) (./content/computability/computability-theory/complement-ce.tex [720])
(./content/computability/computability-theory/reducibility.tex [721])
(./content/computability/computability-theory/prop-reduce.tex [722] [723])
(./content/computability/computability-theory/complete-ce-sets.tex [724])
(./content/computability/computability-theory/k-1.tex [725] [726])
(./content/computability/computability-theory/total.tex [727])
(./content/computability/computability-theory/rice-theorem.tex [728] [729]
[730]) (./content/computability/computability-theory/fixed-point-thm.tex
[731] [732] [733] [734] [735] [736])
(./content/computability/computability-theory/application-fixed-point.tex
[737])
(./content/computability/computability-theory/def-functions-self-reference.tex
[738])
(<USER_HOME>/Documents/interlanguage/03_projects/language_management/arabic
_persianate_rtl/03_working_translations/openlogic/ar/locale/ar/output-screen-16
x9-reflow/open-logic-complete-ar-screen.prb [739])))
(./content/turing-machines/turing-machines.tex [740]
(./content/turing-machines/machines-computations/machines-computations.tex
\bbl@ensure@arabic {باب} 31.
Output from handle open-logic-complete-ar-screen going to open-logic-complete-a
r-screen.prb

\openout6 = open-logic-complete-ar-screen.prb
(./content/turing-machines/machines-computations/introduction.tex [741

]
(../../assets/diagrams/turing-machine.tikz)
(../../assets/diagrams/turing-machine.tikz)
(../../assets/diagrams/turing-machine.tikz)
(../../assets/diagrams/turing-machine.tikz)
(../../assets/diagrams/turing-machine.tikz) [742] [743])
(./content/turing-machines/machines-computations/representing-tms.tex [744]
[745] [746] [747])
(./content/turing-machines/machines-computations/turing-machines.tex [748]
[749] [750]) (./content/turing-machines/machines-computations/configuration.tex
[751] [752]) (./content/turing-machines/machines-computations/unary-numbers.tex
[753] [754])
(./content/turing-machines/machines-computations/halting-states.tex [755]
[756] [757] [758])
(./content/turing-machines/machines-computations/disciplined-machines.tex
[759]) (./content/turing-machines/machines-computations/combining-machines.tex
[760] [761] [762] [763])
(./content/turing-machines/machines-computations/variants.tex [764] [765])
(./content/turing-machines/machines-computations/church-turing-thesis.tex
[766])
(<USER_HOME>/Documents/interlanguage/03_projects/language_management/arabic
_persianate_rtl/03_working_translations/openlogic/ar/locale/ar/output-screen-16
x9-reflow/open-logic-complete-ar-screen.prb [767] [768]))
(./content/turing-machines/undecidability/undecidability.tex [769]
\bbl@ensure@arabic {باب} 32.
Output from handle open-logic-complete-ar-screen going to open-logic-complete-a
r-screen.prb

\openout6 = open-logic-complete-ar-screen.prb
(./content/turing-machines/undecidability/introduction.tex [770] [771])
(./content/turing-machines/undecidability/enumerating-tms.tex [772] [773]
[774]) (./content/turing-machines/undecidability/universal-tm.tex [775]
[776] [777]) (./content/turing-machines/undecidability/halting-problem.tex
[778] [779]) (./content/turing-machines/undecidability/decision-problem.tex
[780]) (./content/turing-machines/undecidability/representing-tms.tex [781]
[782] [783] [784] [785])
(./content/turing-machines/undecidability/verification.tex [786] [787] [788]
[789] [790] [791] [792])
(./content/turing-machines/undecidability/unsolvability-decision-problem.tex
[793] [794]) (./content/turing-machines/undecidability/trakhtenbrot.tex
[795] [796] [797] [798])
(<USER_HOME>/Documents/interlanguage/03_projects/language_management/arabic
_persianate_rtl/03_working_translations/openlogic/ar/locale/ar/output-screen-16
x9-reflow/open-logic-complete-ar-screen.prb [799] [800] [801])))
(./content/incompleteness/incompleteness.tex [802]
(./content/incompleteness/introduction/introduction.tex
\bbl@ensure@arabic {باب} 33.
Output from handle open-logic-complete-ar-screen going to open-logic-complete-a
r-screen.prb

\openout6 = open-logic-complete-ar-screen.prb
(./content/incompleteness/introduction/historical-background.tex [803

] [804]
[805] [806]) (./content/incompleteness/introduction/definitions.tex [807]
[808] [809] [810] [811] [812] [813])
(./content/incompleteness/introduction/overview.tex [814])
(./content/incompleteness/introduction/undecidability.tex [815] [816] [817])
(<USER_HOME>/Documents/interlanguage/03_projects/language_management/arabic
_persianate_rtl/03_working_translations/openlogic/ar/locale/ar/output-screen-16
x9-reflow/open-logic-complete-ar-screen.prb))
(./content/incompleteness/arithmetization-syntax/arithmetization-syntax.tex
[818]
\bbl@ensure@arabic {باب} 34.
Output from handle open-logic-complete-ar-screen going to open-logic-complete-a
r-screen.prb

\openout6 = open-logic-complete-ar-screen.prb
(./content/incompleteness/arithmetization-syntax/introduction.tex [819])
(./content/incompleteness/arithmetization-syntax/coding-symbols.tex [820]
[821] [822]) (./content/incompleteness/arithmetization-syntax/coding-terms.tex
[823] [824])
(./content/incompleteness/arithmetization-syntax/coding-formulas.tex [825]
[826]) (./content/incompleteness/arithmetization-syntax/substitution.tex
[827]) (./content/incompleteness/arithmetization-syntax/proofs-in-lk.tex

Package hyperref Warning: Token not allowed in a PDF string (Unicode):
(hyperref)                removing `math shift' on input line 10.


Package hyperref Warning: Token not allowed in a PDF string (Unicode):
(hyperref)                removing `\Log' on input line 10.


Package hyperref Warning: Token not allowed in a PDF string (Unicode):
(hyperref)                removing `math shift' on input line 10.

[828] [829] [830] [831] [832] [833])
(./content/incompleteness/arithmetization-syntax/proofs-in-nd.tex [834]
[835] [836] [837] [838] [839] [840] [841])
(./content/incompleteness/arithmetization-syntax/proofs-in-ax.tex [842]

LaTeX Font Warning: Font shape `TU/Scheherazade-Regular.ttf(0)/m/scit' undefine
d
(Font)              using `TU/Scheherazade-Regular.ttf(0)/m/sc' instead on inpu
t line 60.

[843] [844] [845] [846])
(<USER_HOME>/Documents/interlanguage/03_projects/language_management/arabic
_persianate_rtl/03_working_translations/openlogic/ar/locale/ar/output-screen-16
x9-reflow/open-logic-complete-ar-screen.prb [847] [848]))
(./content/incompleteness/representability-in-q/representability-in-q.tex
[849]
\bbl@ensure@arabic {باب} 35.

Package hyperref Warning: Token not allowed in a PDF string (Unicode):
(hyperref)                removing `math shift' on input line 8.


Package hyperref Warning: Token not allowed in a PDF string (Unicode):
(hyperref)                removing `\Th' on input line 8.


Package hyperref Warning: Token not allowed in a PDF string (Unicode):
(hyperref)                removing `math shift' on input line 8.

Output from handle open-logic-complete-ar-screen going to open-logic-complete-a
r-screen.prb

\openout6 = open-logic-complete-ar-screen.prb
(./content/incompleteness/representability-in-q/introduction.tex [850] [851])
(./content/incompleteness/representability-in-q/representable-comp.tex

Package hyperref Warning: Token not allowed in a PDF string (Unicode):
(hyperref)                removing `math shift' on input line 10.


Package hyperref Warning: Token not allowed in a PDF string (Unicode):
(hyperref)                removing `\Th' on input line 10.


Package hyperref Warning: Token not allowed in a PDF string (Unicode):
(hyperref)                removing `math shift' on input line 10.

[852] [853]) (./content/incompleteness/representability-in-q/beta-function.tex
[854] [855] [856] [857] [858])
(./content/incompleteness/representability-in-q/prim-rec.tex [859] [860])
(./content/incompleteness/representability-in-q/basic-representable.tex

Package hyperref Warning: Token not allowed in a PDF string (Unicode):
(hyperref)                removing `math shift' on input line 10.


Package hyperref Warning: Token not allowed in a PDF string (Unicode):
(hyperref)                removing `\Th' on input line 10.


Package hyperref Warning: Token not allowed in a PDF string (Unicode):
(hyperref)                removing `math shift' on input line 10.

[861] [862] [863] [864])
(./content/incompleteness/representability-in-q/composition-representable.tex

Package hyperref Warning: Token not allowed in a PDF string (Unicode):
(hyperref)                removing `math shift' on input line 10.


Package hyperref Warning: Token not allowed in a PDF string (Unicode):
(hyperref)                removing `\Th' on input line 10.


Package hyperref Warning: Token not allowed in a PDF string (Unicode):
(hyperref)                removing `math shift' on input line 10.

[865] [866] [867])
(./content/incompleteness/representability-in-q/minimization-representable.tex

Package hyperref Warning: Token not allowed in a PDF string (Unicode):
(hyperref)                removing `math shift' on input line 10.


Package hyperref Warning: Token not allowed in a PDF string (Unicode):
(hyperref)                removing `\Th' on input line 10.


Package hyperref Warning: Token not allowed in a PDF string (Unicode):
(hyperref)                removing `math shift' on input line 10.

[868] [869] [870] [871] [872])
(./content/incompleteness/representability-in-q/comp-representable.tex

Package hyperref Warning: Token not allowed in a PDF string (Unicode):
(hyperref)                removing `math shift' on input line 10.


Package hyperref Warning: Token not allowed in a PDF string (Unicode):
(hyperref)                removing `\Th' on input line 10.


Package hyperref Warning: Token not allowed in a PDF string (Unicode):
(hyperref)                removing `math shift' on input line 10.

[873])
(./content/incompleteness/representability-in-q/representing-relations.tex
[874]) (./content/incompleteness/representability-in-q/undecidability.tex
[875]) (./content/incompleteness/representability-in-q/sigma1-completeness.tex
[876] [877] [878] [879] [880])
(<USER_HOME>/Documents/interlanguage/03_projects/language_management/arabic
_persianate_rtl/03_working_translations/openlogic/ar/locale/ar/output-screen-16
x9-reflow/open-logic-complete-ar-screen.prb [881]))
(./content/incompleteness/theories-computability/theories-computability.tex
[882]
\bbl@ensure@arabic {باب} 36.
Output from handle open-logic-complete-ar-screen going to open-logic-complete-a
r-screen.prb

\openout6 = open-logic-complete-ar-screen.prb
(./content/incompleteness/theories-computability/introduction.tex [883])
(./content/incompleteness/theories-computability/q-is-ce.tex

Package hyperref Warning: Token not allowed in a PDF string (Unicode):
(hyperref)                removing `math shift' on input line 11.


Package hyperref Warning: Token not allowed in a PDF string (Unicode):
(hyperref)                removing `\Th' on input line 11.


Package hyperref Warning: Token not allowed in a PDF string (Unicode):
(hyperref)                removing `math shift' on input line 11.

[884])
(./content/incompleteness/theories-computability/oconsis-ext-of-q-undec.tex

Package hyperref Warning: Token not allowed in a PDF string (Unicode):
(hyperref)                removing `math shift' on input line 11.


Package hyperref Warning: Token not allowed in a PDF string (Unicode):
(hyperref)                removing `\Th' on input line 11.


Package hyperref Warning: Token not allowed in a PDF string (Unicode):
(hyperref)                removing `math shift' on input line 11.


Package hyperref Warning: Token not allowed in a PDF string (Unicode):
(hyperref)                removing `math shift' on input line 11.


Package hyperref Warning: Token not allowed in a PDF string (Unicode):
(hyperref)                removing `\omega' on input line 11.


Package hyperref Warning: Token not allowed in a PDF string (Unicode):
(hyperref)                removing `math shift' on input line 11.

[885])
(./content/incompleteness/theories-computability/extensions-of-q-not-decidable.
tex

Package hyperref Warning: Token not allowed in a PDF string (Unicode):
(hyperref)                removing `math shift' on input line 11.


Package hyperref Warning: Token not allowed in a PDF string (Unicode):
(hyperref)                removing `\Th' on input line 11.


Package hyperref Warning: Token not allowed in a PDF string (Unicode):
(hyperref)                removing `math shift' on input line 11.

[886])
(./content/incompleteness/theories-computability/computably-axiomatizable.tex
[887]) (./content/incompleteness/theories-computability/complete-decidable.tex
[888]
Package cleveref Info: loaded `english' language definitions on input line 34.
Package cleveref Info: loaded `english' language definitions on input line 36.
)
(./content/incompleteness/theories-computability/first-incompleteness.tex

Package hyperref Warning: Token not allowed in a PDF string (Unicode):
(hyperref)                removing `math shift' on input line 11.


Package hyperref Warning: Token not allowed in a PDF string (Unicode):
(hyperref)                removing `\Th' on input line 11.


Package hyperref Warning: Token not allowed in a PDF string (Unicode):
(hyperref)                removing `math shift' on input line 11.


Package hyperref Warning: Token not allowed in a PDF string (Unicode):
(hyperref)                removing `\@printtoken' on input line 11.


Package hyperref Warning: Token not allowed in a PDF string (Unicode):
(hyperref)                removing `superscript' on input line 11.

) (./content/incompleteness/theories-computability/inseparability.tex

Package hyperref Warning: Token not allowed in a PDF string (Unicode):
(hyperref)                removing `math shift' on input line 11.


Package hyperref Warning: Token not allowed in a PDF string (Unicode):
(hyperref)                removing `\Th' on input line 11.


Package hyperref Warning: Token not allowed in a PDF string (Unicode):
(hyperref)                removing `math shift' on input line 11.

Package cleveref Info: loaded `english' language definitions on input line 14.
Package cleveref Info: loaded `english' language definitions on input line 16.
[889]
Package cleveref Info: loaded `english' language definitions on input line 22.
Package cleveref Info: loaded `english' language definitions on input line 27.
Package cleveref Info: loaded `english' language definitions on input line 41.
 [890]) (./content/incompleteness/theories-computability/consis-with-q.tex

Package hyperref Warning: Token not allowed in a PDF string (Unicode):
(hyperref)                removing `math shift' on input line 11.


Package hyperref Warning: Token not allowed in a PDF string (Unicode):
(hyperref)                removing `\Th' on input line 11.


Package hyperref Warning: Token not allowed in a PDF string (Unicode):
(hyperref)                removing `math shift' on input line 11.

Package cleveref Info: loaded `english' language definitions on input line 31.
Package cleveref Info: loaded `english' language definitions on input line 36.
Package cleveref Info: loaded `english' language definitions on input line 44.
[891]) (./content/incompleteness/theories-computability/interpretability.tex

Package hyperref Warning: Token not allowed in a PDF string (Unicode):
(hyperref)                removing `math shift' on input line 11.


Package hyperref Warning: Token not allowed in a PDF string (Unicode):
(hyperref)                removing `\Th' on input line 11.


Package hyperref Warning: Token not allowed in a PDF string (Unicode):
(hyperref)                removing `math shift' on input line 11.

Package cleveref Info: loaded `english' language definitions on input line 26.
[892]))
(./content/incompleteness/incompleteness-provability/incompleteness-provability
.tex [893]
\bbl@ensure@arabic {باب} 37.
Output from handle open-logic-complete-ar-screen going to open-logic-complete-a
r-screen.prb

\openout6 = open-logic-complete-ar-screen.prb
(./content/incompleteness/incompleteness-provability/introduction.tex [894])
(./content/incompleteness/incompleteness-provability/fixed-point-lemma.tex
[895] [896] [897])
(./content/incompleteness/incompleteness-provability/first-incompleteness-thm.t
ex [898] [899])
(./content/incompleteness/incompleteness-provability/rosser-thm.tex [900]
[901] [902])
(./content/incompleteness/incompleteness-provability/godels-paper.tex [903])
(./content/incompleteness/incompleteness-provability/provability-conditions.tex

Package hyperref Warning: Token not allowed in a PDF string (Unicode):
(hyperref)                removing `math shift' on input line 11.


Package hyperref Warning: Token not allowed in a PDF string (Unicode):
(hyperref)                removing `\Th' on input line 11.


Package hyperref Warning: Token not allowed in a PDF string (Unicode):
(hyperref)                removing `math shift' on input line 11.

[904])
(./content/incompleteness/incompleteness-provability/second-incompleteness-thm.
tex [905] [906] [907])
(./content/incompleteness/incompleteness-provability/lob-thm.tex [908] [909]
[910] [911] [912])
(./content/incompleteness/incompleteness-provability/tarski-thm.tex [913]
[914])
(<USER_HOME>/Documents/interlanguage/03_projects/language_management/arabic
_persianate_rtl/03_working_translations/openlogic/ar/locale/ar/output-screen-16
x9-reflow/open-logic-complete-ar-screen.prb [915])))
(./content/second-order-logic/second-order-logic.tex [916]
(./content/second-order-logic/syntax-and-semantics/syntax-and-semantics.tex
\bbl@ensure@arabic {باب} 38.
Output from handle open-logic-complete-ar-screen going to open-logic-complete-a
r-screen.prb

\openout6 = open-logic-complete-ar-screen.prb
(./content/second-order-logic/syntax-and-semantics/introduction.tex [917

])
(./content/second-order-logic/syntax-and-semantics/terms-formulas.tex [918]
[919]) (./content/second-order-logic/syntax-and-semantics/satisfaction.tex
[920] [921] [922] [923])
(./content/second-order-logic/syntax-and-semantics/semantic-notions.tex
[924]) (./content/second-order-logic/syntax-and-semantics/expressive-power.tex
[925]) (./content/second-order-logic/syntax-and-semantics/inf-count.tex
[926] [927] [928])
(<USER_HOME>/Documents/interlanguage/03_projects/language_management/arabic
_persianate_rtl/03_working_translations/openlogic/ar/locale/ar/output-screen-16
x9-reflow/open-logic-complete-ar-screen.prb [929]))
(./content/second-order-logic/metatheory/metatheory.tex
\bbl@ensure@arabic {باب} 39.
Output from handle open-logic-complete-ar-screen going to open-logic-complete-a
r-screen.prb

\openout6 = open-logic-complete-ar-screen.prb
(./content/second-order-logic/metatheory/introduction.tex)
(./content/second-order-logic/metatheory/second-order-arithmetic.tex [930]
[931] [932])
(./content/second-order-logic/metatheory/undecidability-and-axiomatizability.te
x [933]) (./content/second-order-logic/metatheory/compactness.tex [934])
(./content/second-order-logic/metatheory/loewenheim-skolem.tex [935])
(<USER_HOME>/Documents/interlanguage/03_projects/language_management/arabic
_persianate_rtl/03_working_translations/openlogic/ar/locale/ar/output-screen-16
x9-reflow/open-logic-complete-ar-screen.prb [936]))
(./content/second-order-logic/sol-and-set-theory/sol-and-set-theory.tex
\bbl@ensure@arabic {باب} 40.
Output from handle open-logic-complete-ar-screen going to open-logic-complete-a
r-screen.prb

\openout6 = open-logic-complete-ar-screen.prb
(./content/second-order-logic/sol-and-set-theory/introduction.tex)
(./content/second-order-logic/sol-and-set-theory/comparing-sets.tex [937]
[938]) (./content/second-order-logic/sol-and-set-theory/cardinalities.tex
[939] [940])
(./content/second-order-logic/sol-and-set-theory/power-of-continuum.tex
[941] [942] [943] [944]))) (./content/lambda-calculus/lambda-calculus.tex
[945] (./content/lambda-calculus/introduction/introduction.tex
\bbl@ensure@arabic {باب} 41.
Output from handle open-logic-complete-ar-screen going to open-logic-complete-a
r-screen.prb

\openout6 = open-logic-complete-ar-screen.prb
(./content/lambda-calculus/introduction/overview.tex [946

] [947])
(./content/lambda-calculus/introduction/syntax.tex [948]
Package hyperref Info: bookmark level for unknown conv defaults to 0 on input l
ine 31.
 [949])
(./content/lambda-calculus/introduction/reduction.tex [950])
(./content/lambda-calculus/introduction/church-rosser.tex [951])
(./content/lambda-calculus/introduction/currying.tex [952] [953])
(./content/lambda-calculus/introduction/lambda-definability.tex [954])
(./content/lambda-calculus/introduction/lambda-computable.tex)
(./content/lambda-calculus/introduction/computable-lambda.tex [955])
(./content/lambda-calculus/introduction/basic-pr-lambda.tex
LaTeX Font Info:    Font shape `TU/Scheherazade-Regular.ttf(0)/m/n' will be
(Font)              scaled to size 17.28003pt on input line 16.
LaTeX Font Info:    Font shape `TU/Scheherazade-Regular.ttf(0)/m/it' will be
(Font)              scaled to size 17.28003pt on input line 17.
LaTeX Font Info:    Calculating math sizes for size <16> on input line 17.
LaTeX Font Info:    Font shape `OML/cmbr/m/it' in size <16> not available
(Font)              Font shape `OML/cmbrm/m/it' tried instead on input line 17.

LaTeX Font Info:    Font shape `OML/cmbr/m/it' in size <11.19995> not available

(Font)              Font shape `OML/cmbrm/m/it' tried instead on input line 17.



LaTeX Font Warning: Font shape `U/stmry/m/n' in size <16> not available
(Font)              size <17.28> substituted on input line 17.

[956]) (./content/lambda-calculus/introduction/composition.tex)
(./content/lambda-calculus/introduction/primitive-recursion.tex [957] [958]
[959] [960]) (./content/lambda-calculus/introduction/fixed-point-combinator.tex
[961]) (./content/lambda-calculus/introduction/minimization.tex [962] [963]))
(./content/lambda-calculus/syntax/syntax.tex [964]
\bbl@ensure@arabic {باب} 42.
Output from handle open-logic-complete-ar-screen going to open-logic-complete-a
r-screen.prb

\openout6 = open-logic-complete-ar-screen.prb
(./content/lambda-calculus/syntax/terms.tex)
(./content/lambda-calculus/syntax/unique-readability.tex [965] [966])
(./content/lambda-calculus/syntax/abbreviated-syntax.tex [967])
(./content/lambda-calculus/syntax/free-variables.tex [968] [969])
(./content/lambda-calculus/syntax/substitution.tex [970] [971] [972] [973])
(./content/lambda-calculus/syntax/alpha.tex

Package hyperref Warning: Token not allowed in a PDF string (Unicode):
(hyperref)                removing `math shift' on input line 10.


Package hyperref Warning: Token not allowed in a PDF string (Unicode):
(hyperref)                removing `\alpha' on input line 10.


Package hyperref Warning: Token not allowed in a PDF string (Unicode):
(hyperref)                removing `math shift' on input line 10.

[974] [975] [976] [977] [978] [979])
(./content/lambda-calculus/syntax/de-bruijn.tex [980] [981])
(./content/lambda-calculus/syntax/term-revisited.tex

Package hyperref Warning: Token not allowed in a PDF string (Unicode):
(hyperref)                removing `math shift' on input line 10.


Package hyperref Warning: Token not allowed in a PDF string (Unicode):
(hyperref)                removing `\alpha' on input line 10.


Package hyperref Warning: Token not allowed in a PDF string (Unicode):
(hyperref)                removing `math shift' on input line 10.

[982] [983]) (./content/lambda-calculus/syntax/beta.tex

Package hyperref Warning: Token not allowed in a PDF string (Unicode):
(hyperref)                removing `math shift' on input line 10.


Package hyperref Warning: Token not allowed in a PDF string (Unicode):
(hyperref)                removing `\beta' on input line 10.


Package hyperref Warning: Token not allowed in a PDF string (Unicode):
(hyperref)                removing `math shift' on input line 10.

[984] [985] [986] [987]) (./content/lambda-calculus/syntax/eta.tex

Package hyperref Warning: Token not allowed in a PDF string (Unicode):
(hyperref)                removing `math shift' on input line 10.


Package hyperref Warning: Token not allowed in a PDF string (Unicode):
(hyperref)                removing `\eta' on input line 10.


Package hyperref Warning: Token not allowed in a PDF string (Unicode):
(hyperref)                removing `math shift' on input line 10.

[988] [989])
(<USER_HOME>/Documents/interlanguage/03_projects/language_management/arabic
_persianate_rtl/03_working_translations/openlogic/ar/locale/ar/output-screen-16
x9-reflow/open-logic-complete-ar-screen.prb [990] [991]))
(./content/lambda-calculus/church-rosser/church-rosser.tex [992]
\bbl@ensure@arabic {باب} 43.
Output from handle open-logic-complete-ar-screen going to open-logic-complete-a
r-screen.prb

\openout6 = open-logic-complete-ar-screen.prb
(./content/lambda-calculus/church-rosser/definitions-and-properties.tex
[993] [994])
(./content/lambda-calculus/church-rosser/parallel-beta-reduction.tex

Package hyperref Warning: Token not allowed in a PDF string (Unicode):
(hyperref)                removing `math shift' on input line 11.


Package hyperref Warning: Token not allowed in a PDF string (Unicode):
(hyperref)                removing `\beta' on input line 11.


Package hyperref Warning: Token not allowed in a PDF string (Unicode):
(hyperref)                removing `math shift' on input line 11.

[995] [996] [997]) (./content/lambda-calculus/church-rosser/beta-reduction.tex

Package hyperref Warning: Token not allowed in a PDF string (Unicode):
(hyperref)                removing `math shift' on input line 11.


Package hyperref Warning: Token not allowed in a PDF string (Unicode):
(hyperref)                removing `\beta' on input line 11.


Package hyperref Warning: Token not allowed in a PDF string (Unicode):
(hyperref)                removing `math shift' on input line 11.

[998] [999])
(./content/lambda-calculus/church-rosser/parallel-beta-eta-reduction.tex

Package hyperref Warning: Token not allowed in a PDF string (Unicode):
(hyperref)                removing `math shift' on input line 11.


Package hyperref Warning: Token not allowed in a PDF string (Unicode):
(hyperref)                removing `\beta' on input line 11.


Package hyperref Warning: Token not allowed in a PDF string (Unicode):
(hyperref)                removing `\eta' on input line 11.


Package hyperref Warning: Token not allowed in a PDF string (Unicode):
(hyperref)                removing `math shift' on input line 11.

[1000] [1001]) (./content/lambda-calculus/church-rosser/beta-eta-reduction.tex

Package hyperref Warning: Token not allowed in a PDF string (Unicode):
(hyperref)                removing `math shift' on input line 11.


Package hyperref Warning: Token not allowed in a PDF string (Unicode):
(hyperref)                removing `\beta' on input line 11.


Package hyperref Warning: Token not allowed in a PDF string (Unicode):
(hyperref)                removing `\eta' on input line 11.


Package hyperref Warning: Token not allowed in a PDF string (Unicode):
(hyperref)                removing `math shift' on input line 11.

[1002])
(<USER_HOME>/Documents/interlanguage/03_projects/language_management/arabic
_persianate_rtl/03_working_translations/openlogic/ar/locale/ar/output-screen-16
x9-reflow/open-logic-complete-ar-screen.prb [1003]))
(./content/lambda-calculus/lambda-definability/lambda-definability.tex [1004]
\bbl@ensure@arabic {باب} 44.
Output from handle open-logic-complete-ar-screen going to open-logic-complete-a
r-screen.prb

\openout6 = open-logic-complete-ar-screen.prb
(./content/lambda-calculus/lambda-definability/introduction.tex [1005])
(./content/lambda-calculus/lambda-definability/arithmetical-functions.tex
[1006] [1007] [1008] [1009])
(./content/lambda-calculus/lambda-definability/pairs.tex [1010])
(./content/lambda-calculus/lambda-definability/truth-values.tex [1011] [1012])
(./content/lambda-calculus/lambda-definability/primitive-recursive-functions.te
x [1013] [1014] [1015] [1016])
(./content/lambda-calculus/lambda-definability/fixpoints.tex [1017] [1018]
[1019] [1020] [1021])
(./content/lambda-calculus/lambda-definability/minimization.tex [1022])
(./content/lambda-calculus/lambda-definability/partial-recursive-functions.tex
[1023])
(./content/lambda-calculus/lambda-definability/lambda-definable-recursive.tex
[1024])
(<USER_HOME>/Documents/interlanguage/03_projects/language_management/arabic
_persianate_rtl/03_working_translations/openlogic/ar/locale/ar/output-screen-16
x9-reflow/open-logic-complete-ar-screen.prb [1025])))
(./content/many-valued-logic/many-valued-logic.tex [1026]
(./content/many-valued-logic/syntax-and-semantics/syntax-and-semantics.tex
\bbl@ensure@arabic {باب} 45.
Output from handle open-logic-complete-ar-screen going to open-logic-complete-a
r-screen.prb

\openout6 = open-logic-complete-ar-screen.prb
(./content/many-valued-logic/syntax-and-semantics/introduction.tex [1027

])
(./content/many-valued-logic/syntax-and-semantics/connectives.tex [1028])
(./content/many-valued-logic/syntax-and-semantics/formulas.tex [1029])
(./content/many-valued-logic/syntax-and-semantics/matrices.tex [1030])
(./content/many-valued-logic/syntax-and-semantics/valuations-sat.tex [1031])
(./content/many-valued-logic/syntax-and-semantics/semantic-notions.tex [1032])
(./content/many-valued-logic/syntax-and-semantics/sublogics.tex

Package hyperref Warning: Token not allowed in a PDF string (Unicode):
(hyperref)                removing `math shift' on input line 11.


Package hyperref Warning: Token not allowed in a PDF string (Unicode):
(hyperref)                removing `\Log' on input line 11.


Package hyperref Warning: Token not allowed in a PDF string (Unicode):
(hyperref)                removing `math shift' on input line 11.

[1033] [1034] [1035])
(<USER_HOME>/Documents/interlanguage/03_projects/language_management/arabic
_persianate_rtl/03_working_translations/openlogic/ar/locale/ar/output-screen-16
x9-reflow/open-logic-complete-ar-screen.prb))
(./content/many-valued-logic/three-valued-logics/three-valued-logics.tex
[1036]
\bbl@ensure@arabic {باب} 46.
Output from handle open-logic-complete-ar-screen going to open-logic-complete-a
r-screen.prb

\openout6 = open-logic-complete-ar-screen.prb
(./content/many-valued-logic/three-valued-logics/introduction.tex)
(./content/many-valued-logic/three-valued-logics/lukasiewicz.tex
Package cleveref Info: loaded `english' language definitions on input line 11.
Package cleveref Info: loaded `english' language definitions on input line 14.
Package cleveref Info: loaded `english' language definitions on input line 14.
Package cleveref Info: loaded `english' language definitions on input line 18.
 [1037]
Package cleveref Info: loaded `english' language definitions on input line 34.
Package cleveref Info: loaded `english' language definitions on input line 36.
Package cleveref Info: loaded `english' language definitions on input line 67.

[1038]
Package cleveref Info: loaded `english' language definitions on input line 73.
Package cleveref Info: loaded `english' language definitions on input line 90.
Package cleveref Info: loaded `english' language definitions on input line 98.
Package cleveref Info: loaded `english' language definitions on input line 106.

Package cleveref Info: loaded `english' language definitions on input line 120.

 [1039]
Package cleveref Info: loaded `english' language definitions on input line 128.

Package cleveref Info: loaded `english' language definitions on input line 137.

Package cleveref Info: loaded `english' language definitions on input line 178.

 [1040]
Package cleveref Info: loaded `english' language definitions on input line 197.

Package cleveref Info: loaded `english' language definitions on input line 232.

)
(./content/many-valued-logic/three-valued-logics/kleene.tex [1041] [1042]
[1043] [1044]) (./content/many-valued-logic/three-valued-logics/goedel.tex
[1045]
Package cleveref Info: loaded `english' language definitions on input line 62.
Package cleveref Info: loaded `english' language definitions on input line 65.
Package cleveref Info: loaded `english' language definitions on input line 67.
)
(./content/many-valued-logic/three-valued-logics/multiple-designation.tex
[1046]

Package hyperref Warning: Token not allowed in a PDF string (Unicode):
(hyperref)                removing `math shift' on input line 11.


Package hyperref Warning: Token not allowed in a PDF string (Unicode):
(hyperref)                removing `math shift' on input line 11.

[1047] [1048] [1049]
Package cleveref Info: loaded `english' language definitions on input line 168.

Package cleveref Info: loaded `english' language definitions on input line 178.

Package cleveref Info: loaded `english' language definitions on input line 178.

)
(<USER_HOME>/Documents/interlanguage/03_projects/language_management/arabic
_persianate_rtl/03_working_translations/openlogic/ar/locale/ar/output-screen-16
x9-reflow/open-logic-complete-ar-screen.prb
Package cleveref Info: loaded `english' language definitions on input line 6.
 [1050]
Package cleveref Info: loaded `english' language definitions on input line 10.
Package cleveref Info: loaded `english' language definitions on input line 24.
Package cleveref Info: loaded `english' language definitions on input line 33.
 [1051]
Package cleveref Info: loaded `english' language definitions on input line 46.
 [1052] [1053]
[1054]))
(./content/many-valued-logic/infinite-valued-logics/infinite-valued-logics.tex
[1055]
\bbl@ensure@arabic {باب} 47.
Output from handle open-logic-complete-ar-screen going to open-logic-complete-a
r-screen.prb

\openout6 = open-logic-complete-ar-screen.prb
(./content/many-valued-logic/infinite-valued-logics/introduction.tex)
(./content/many-valued-logic/infinite-valued-logics/lukasiewicz.tex [1056]
Package cleveref Info: loaded `english' language definitions on input line 11.
Package cleveref Info: loaded `english' language definitions on input line 14.
Package cleveref Info: loaded `english' language definitions on input line 17.
Package cleveref Info: loaded `english' language definitions on input line 18.
Package cleveref Info: loaded `english' language definitions on input line 33.
Package cleveref Info: loaded `english' language definitions on input line 33.
Package cleveref Info: loaded `english' language definitions on input line 33.
Package cleveref Info: loaded `english' language definitions on input line 33.
Package cleveref Info: loaded `english' language definitions on input line 33.
Package cleveref Info: loaded `english' language definitions on input line 33.
Package cleveref Info: loaded `english' language definitions on input line 33.
Package cleveref Info: loaded `english' language definitions on input line 33.

[1057]
Package cleveref Info: loaded `english' language definitions on input line 35.
Package cleveref Info: loaded `english' language definitions on input line 40.
Package cleveref Info: loaded `english' language definitions on input line 41.
Package cleveref Info: loaded `english' language definitions on input line 58.
Package cleveref Info: loaded `english' language definitions on input line 66.
Package cleveref Info: loaded `english' language definitions on input line 74.
Package cleveref Info: loaded `english' language definitions on input line 84.
Package cleveref Info: loaded `english' language definitions on input line 85.
 [1058]
Package cleveref Info: loaded `english' language definitions on input line 98.
) (./content/many-valued-logic/infinite-valued-logics/goedel.tex
[1059] [1060])
(<USER_HOME>/Documents/interlanguage/03_projects/language_management/arabic
_persianate_rtl/03_working_translations/openlogic/ar/locale/ar/output-screen-16
x9-reflow/open-logic-complete-ar-screen.prb [1061]
Package cleveref Info: loaded `english' language definitions on input line 9.
))
(./content/many-valued-logic/sequent-calculus/sequent-calculus.tex [1062]
\bbl@ensure@arabic {باب} 48.
Output from handle open-logic-complete-ar-screen going to open-logic-complete-a
r-screen.prb

\openout6 = open-logic-complete-ar-screen.prb
(./content/many-valued-logic/sequent-calculus/introduction.tex [1063])
(./content/many-valued-logic/sequent-calculus/rules-and-proofs.tex [1064]
[1065]
Package cleveref Info: loaded `english' language definitions on input line 65.
Package cleveref Info: loaded `english' language definitions on input line 71.
) (./content/many-valued-logic/sequent-calculus/structural-rules.tex
[1066]) (./content/many-valued-logic/sequent-calculus/propositional-rules.tex
Package cleveref Info: loaded `english' language definitions on input line 20.

[1067]
Package cleveref Info: loaded `english' language definitions on input line 62.
 [1068]
Package cleveref Info: loaded `english' language definitions on input line 89.
Package cleveref Info: loaded `english' language definitions on input line 116.

 [1069]
LaTeX Font Info:    Font shape `TU/Scheherazade-Regular.ttf(0)/b/n' will be
(Font)              scaled to size 17.28003pt on input line 122.
Package cleveref Info: loaded `english' language definitions on input line 122.

LaTeX Font Info:    Font shape `TU/Scheherazade-Regular.ttf(0)/m/n' will be
(Font)              scaled to size 12.09596pt on input line 122.
Package cleveref Info: loaded `english' language definitions on input line 128.

Package cleveref Info: loaded `english' language definitions on input line 134.

 [1070]
Package cleveref Info: loaded `english' language definitions on input line 231.

Package cleveref Info: loaded `english' language definitions on input line 231.

)))
(./content/normal-modal-logic/normal-modal-logic.tex [1071] [1072]
(./content/normal-modal-logic/syntax-and-semantics/syntax-and-semantics.tex
\bbl@ensure@arabic {باب} 49.
Output from handle open-logic-complete-ar-screen going to open-logic-complete-a
r-screen.prb

\openout6 = open-logic-complete-ar-screen.prb
(./content/normal-modal-logic/syntax-and-semantics/introduction.tex [1073

]
[1074])
(./content/normal-modal-logic/syntax-and-semantics/language-modal-logic.tex
[1075] [1076])
(./content/normal-modal-logic/syntax-and-semantics/substitution.tex [1077]
[1078])
(./content/normal-modal-logic/syntax-and-semantics/relational-models.tex
[1079]) (./content/normal-modal-logic/syntax-and-semantics/truth-at-w.tex
[1080] [1081] [1082])
(./content/normal-modal-logic/syntax-and-semantics/truth-in-model.tex [1083])
(./content/normal-modal-logic/syntax-and-semantics/modal-validity.tex [1084])
(./content/normal-modal-logic/syntax-and-semantics/tautological-instances.tex
[1085] [1086] [1087] [1088])
(./content/normal-modal-logic/syntax-and-semantics/schemas.tex [1089]

LaTeX Font Warning: Font shape `TU/Scheherazade-Regular.ttf(0)/m/scit' undefine
d
(Font)              using `TU/Scheherazade-Regular.ttf(0)/m/sc' instead on inpu
t line 58.

[1090]) (./content/normal-modal-logic/syntax-and-semantics/entailment.tex
[1091] [1092])
(<USER_HOME>/Documents/interlanguage/03_projects/language_management/arabic
_persianate_rtl/03_working_translations/openlogic/ar/locale/ar/output-screen-16
x9-reflow/open-logic-complete-ar-screen.prb [1093] [1094] [1095] [1096]))
(./content/normal-modal-logic/frame-definability/frame-definability.tex
[1097]
\bbl@ensure@arabic {باب} 50.
Output from handle open-logic-complete-ar-screen going to open-logic-complete-a
r-screen.prb

\openout6 = open-logic-complete-ar-screen.prb
(./content/normal-modal-logic/frame-definability/introduction.tex [1098])
(./content/normal-modal-logic/frame-definability/properties-accessibility.tex
LaTeX Font Info:    Font shape `TU/Scheherazade-Regular.ttf(0)/m/n' will be
(Font)              scaled to size 16.74002pt on input line 26.
LaTeX Font Info:    Calculating math sizes for size <15.5> on input line 26.
LaTeX Font Info:    Font shape `OML/cmbr/m/it' in size <15.5> not available
(Font)              Font shape `OML/cmbrm/m/it' tried instead on input line 26.

LaTeX Font Info:    Font shape `OML/cmbr/m/it' in size <10.84995> not available

(Font)              Font shape `OML/cmbrm/m/it' tried instead on input line 26.

LaTeX Font Info:    Font shape `OML/cmbr/m/it' in size <7.75> not available
(Font)              Font shape `OML/cmbrm/m/it' tried instead on input line 26.



LaTeX Font Warning: Font shape `U/stmry/m/n' in size <15.5> not available
(Font)              size <14.4> substituted on input line 26.

LaTeX Font Info:    Font shape `TU/Scheherazade-Regular.ttf(0)/m/it' will be
(Font)              scaled to size 16.74002pt on input line 28.
[1099] [1100]
Overfull \hbox (4.18501pt too wide) in paragraph at lines 158--159
[]|[]| 
 []

) (./content/normal-modal-logic/frame-definability/frames.tex [1101] [1102])
(./content/normal-modal-logic/frame-definability/definability.tex [1103]
[1104] [1105])
(./content/normal-modal-logic/frame-definability/first-order-definability.tex
[1106] [1107])
(./content/normal-modal-logic/frame-definability/equivalence-S5.tex

Package hyperref Warning: Token not allowed in a PDF string (Unicode):
(hyperref)                removing `\Log' on input line 11.

[1108] [1109] [1110])
(./content/normal-modal-logic/frame-definability/second-order-definability.tex
[1111] [1112] [1113] [1114])
(<USER_HOME>/Documents/interlanguage/03_projects/language_management/arabic
_persianate_rtl/03_working_translations/openlogic/ar/locale/ar/output-screen-16
x9-reflow/open-logic-complete-ar-screen.prb [1115]))
(./content/normal-modal-logic/axioms-systems/axioms-systems.tex [1116]
\bbl@ensure@arabic {باب} 51.
Output from handle open-logic-complete-ar-screen going to open-logic-complete-a
r-screen.prb

\openout6 = open-logic-complete-ar-screen.prb
(./content/normal-modal-logic/axioms-systems/introduction.tex [1117] [1118])
(./content/normal-modal-logic/axioms-systems/normal-logics.tex [1119]

LaTeX Font Warning: Font shape `TU/Scheherazade-Regular.ttf(0)/m/scit' undefine
d
(Font)              using `TU/Scheherazade-Regular.ttf(0)/m/sc' instead on inpu
t line 61.


LaTeX Font Warning: Font shape `TU/Scheherazade-Regular.ttf(0)/m/scit' undefine
d
(Font)              using `TU/Scheherazade-Regular.ttf(0)/m/sc' instead on inpu
t line 64.

[1120] [1121]) (./content/normal-modal-logic/axioms-systems/logics-proofs.tex
[1122] [1123]) (./content/normal-modal-logic/axioms-systems/proofs-in-K.tex

Package hyperref Warning: Token not allowed in a PDF string (Unicode):
(hyperref)                removing `\Log' on input line 11.

[1124] [1125] [1126] [1127])
(./content/normal-modal-logic/axioms-systems/derived-rules.tex [1128] [1129]
[1130] [1131])
(./content/normal-modal-logic/axioms-systems/more-proofs-in-K.tex

Package hyperref Warning: Token not allowed in a PDF string (Unicode):
(hyperref)                removing `\Log' on input line 11.

[1132] [1133]) (./content/normal-modal-logic/axioms-systems/duals.tex [1134])
(./content/normal-modal-logic/axioms-systems/proofs-modal-systems.tex [1135]
[1136] [1137]) (./content/normal-modal-logic/axioms-systems/soundness.tex
[1138]) (./content/normal-modal-logic/axioms-systems/systems-distinct.tex
[1139] [1140] [1141])
(./content/normal-modal-logic/axioms-systems/provability-from-set.tex [1142])
(./content/normal-modal-logic/axioms-systems/provability-properties.tex
[1143]) (./content/normal-modal-logic/axioms-systems/consistency.tex [1144])
(<USER_HOME>/Documents/interlanguage/03_projects/language_management/arabic
_persianate_rtl/03_working_translations/openlogic/ar/locale/ar/output-screen-16
x9-reflow/open-logic-complete-ar-screen.prb [1145]))
(./content/normal-modal-logic/completeness/completeness.tex [1146]
\bbl@ensure@arabic {باب} 52.
Output from handle open-logic-complete-ar-screen going to open-logic-complete-a
r-screen.prb

\openout6 = open-logic-complete-ar-screen.prb
(./content/normal-modal-logic/completeness/introduction.tex [1147])
(./content/normal-modal-logic/completeness/complete-consistent-sets.tex

Package hyperref Warning: Token not allowed in a PDF string (Unicode):
(hyperref)                removing `math shift' on input line 11.


Package hyperref Warning: Token not allowed in a PDF string (Unicode):
(hyperref)                removing `\Sigma' on input line 11.


Package hyperref Warning: Token not allowed in a PDF string (Unicode):
(hyperref)                removing `math shift' on input line 11.

[1148] [1149] [1150])
(./content/normal-modal-logic/completeness/lindenbaums-lemma.tex [1151]
[1152]) (./content/normal-modal-logic/completeness/modalities-ccs.tex [1153]
[1154] [1155]) (./content/normal-modal-logic/completeness/canonical-models.tex
[1156]) (./content/normal-modal-logic/completeness/truth-lemma.tex [1157]
[1158]) (./content/normal-modal-logic/completeness/completeness-K.tex

Package hyperref Warning: Token not allowed in a PDF string (Unicode):
(hyperref)                removing `\Log' on input line 11.

[1159]) (./content/normal-modal-logic/completeness/frame-completeness.tex
[1160] [1161] [1162] [1163] [1164])
(<USER_HOME>/Documents/interlanguage/03_projects/language_management/arabic
_persianate_rtl/03_working_translations/openlogic/ar/locale/ar/output-screen-16
x9-reflow/open-logic-complete-ar-screen.prb))
(./content/normal-modal-logic/filtrations/filtrations.tex [1165]
\bbl@ensure@arabic {باب} 53.
Output from handle open-logic-complete-ar-screen going to open-logic-complete-a
r-screen.prb

\openout6 = open-logic-complete-ar-screen.prb
(./content/normal-modal-logic/filtrations/introduction.tex [1166] [1167])
(./content/normal-modal-logic/filtrations/preliminaries.tex [1168])
(./content/normal-modal-logic/filtrations/filtrations-def.tex [1169] [1170]
[1171] [1172])
(./content/normal-modal-logic/filtrations/examples-of-filtrations.tex [1173]
[1174] [1175]) (./content/normal-modal-logic/filtrations/finite.tex)
(./content/normal-modal-logic/filtrations/S5-fmp.tex

Package hyperref Warning: Token not allowed in a PDF string (Unicode):
(hyperref)                removing `\Log' on input line 11.


Package hyperref Warning: Token not allowed in a PDF string (Unicode):
(hyperref)                removing `\Log' on input line 11.

[1176] [1177]) (./content/normal-modal-logic/filtrations/S5-decidable.tex

Package hyperref Warning: Token not allowed in a PDF string (Unicode):
(hyperref)                removing `\Log' on input line 11.

) (./content/normal-modal-logic/filtrations/more-filtrations.tex [1178]
[1179] [1180])
(./content/normal-modal-logic/filtrations/euclidean-filtrations.tex [1181]
[1182])
(<USER_HOME>/Documents/interlanguage/03_projects/language_management/arabic
_persianate_rtl/03_working_translations/openlogic/ar/locale/ar/output-screen-16
x9-reflow/open-logic-complete-ar-screen.prb [1183] [1184]))
(./content/normal-modal-logic/tableaux/tableaux.tex
\bbl@ensure@arabic {باب} 54.
Output from handle open-logic-complete-ar-screen going to open-logic-complete-a
r-screen.prb

\openout6 = open-logic-complete-ar-screen.prb
(./content/normal-modal-logic/tableaux/introduction.tex [1185])
(./content/normal-modal-logic/tableaux/rules-for-K.tex

Package hyperref Warning: Token not allowed in a PDF string (Unicode):
(hyperref)                removing `\Log' on input line 11.

[1186] [1187] [1188] [1189])
(./content/normal-modal-logic/tableaux/proofs-in-K.tex

Package hyperref Warning: Token not allowed in a PDF string (Unicode):
(hyperref)                removing `\Log' on input line 11.


Package prooftrees Warning: Merging conflicting justifications for line 8! Plea
se examine the output carefully and use "move by" to move lines later in the pr
oof if required. Details of how to do this are included in the documentation. o
n input line 48.

[1190]

Package prooftrees Warning: Merging conflicting justifications for line 8! Plea
se examine the output carefully and use "move by" to move lines later in the pr
oof if required. Details of how to do this are included in the documentation. o
n input line 84.

[1191]) (./content/normal-modal-logic/tableaux/soundness.tex

Package hyperref Warning: Token not allowed in a PDF string (Unicode):
(hyperref)                removing `\Log' on input line 11.

[1192] [1193] [1194] [1195] [1196])
(./content/normal-modal-logic/tableaux/more-rules.tex [1197] [1198] [1199])
(./content/normal-modal-logic/tableaux/more-soundness.tex [1200] [1201])
(./content/normal-modal-logic/tableaux/simple-S5.tex

Package hyperref Warning: Token not allowed in a PDF string (Unicode):
(hyperref)                removing `\Log' on input line 11.

[1202]) (./content/normal-modal-logic/tableaux/completeness.tex

Package hyperref Warning: Token not allowed in a PDF string (Unicode):
(hyperref)                removing `\Log' on input line 11.

[1203] [1204] [1205] [1206] [1207])
(./content/normal-modal-logic/tableaux/countermodels.tex [1208] [1209] [1210])
(<USER_HOME>/Documents/interlanguage/03_projects/language_management/arabic
_persianate_rtl/03_working_translations/openlogic/ar/locale/ar/output-screen-16
x9-reflow/open-logic-complete-ar-screen.prb [1211] [1212]))
(./content/normal-modal-logic/sequent-calculus/sequent-calculus.tex [1213]
\bbl@ensure@arabic {باب} 55.
Output from handle open-logic-complete-ar-screen going to open-logic-complete-a
r-screen.prb

\openout6 = open-logic-complete-ar-screen.prb
(./content/normal-modal-logic/sequent-calculus/introduction.tex)
(./content/normal-modal-logic/sequent-calculus/rules-for-K.tex

Package hyperref Warning: Token not allowed in a PDF string (Unicode):
(hyperref)                removing `\Log' on input line 11.

[1214] [1215]) (./content/normal-modal-logic/sequent-calculus/proofs-in-K.tex

Package hyperref Warning: Token not allowed in a PDF string (Unicode):
(hyperref)                removing `\Log' on input line 11.

[1216]) (./content/normal-modal-logic/sequent-calculus/more-rules.tex [1217])
(<USER_HOME>/Documents/interlanguage/03_projects/language_management/arabic
_persianate_rtl/03_working_translations/openlogic/ar/locale/ar/output-screen-16
x9-reflow/open-logic-complete-ar-screen.prb [1218] [1219] [1220])))
(./content/applied-modal-logic/applied-modal-logic.tex [1221]
(./content/applied-modal-logic/temporal-logic/temporal-logic.tex
\bbl@ensure@arabic {باب} 56.
Output from handle open-logic-complete-ar-screen going to open-logic-complete-a
r-screen.prb

\openout6 = open-logic-complete-ar-screen.prb
(./content/applied-modal-logic/temporal-logic/introduction.tex [1222

])
(./content/applied-modal-logic/temporal-logic/temporal-logic-semantics.tex
[1223] [1224] [1225] [1226])
(./content/applied-modal-logic/temporal-logic/properties-accessibility.tex)
(./content/applied-modal-logic/temporal-logic/extra-temporal-operators.tex
[1227] [1228])
(./content/applied-modal-logic/temporal-logic/possible-histories.tex [1229]))
(./content/applied-modal-logic/epistemic-logic/epistemic-logic.tex [1230]
\bbl@ensure@arabic {باب} 57.
Output from handle open-logic-complete-ar-screen going to open-logic-complete-a
r-screen.prb

\openout6 = open-logic-complete-ar-screen.prb
(./content/applied-modal-logic/epistemic-logic/introduction.tex [1231])
(./content/applied-modal-logic/epistemic-logic/language-epistemic-logic.tex
[1232] [1233])
(./content/applied-modal-logic/epistemic-logic/relational-models.tex [1234])
(./content/applied-modal-logic/epistemic-logic/truth-at-w.tex [1235] [1236]
[1237])
(./content/applied-modal-logic/epistemic-logic/properties-accessibility.tex
[1238]) (./content/applied-modal-logic/epistemic-logic/bisimulations.tex
[1239] [1240])
(./content/applied-modal-logic/epistemic-logic/public-announcement-logic-lang.t
ex [1241] [1242])
(./content/applied-modal-logic/epistemic-logic/public-announcement-logic-semant
ics.tex [1243] [1244])
(<USER_HOME>/Documents/interlanguage/03_projects/language_management/arabic
_persianate_rtl/03_working_translations/openlogic/ar/locale/ar/output-screen-16
x9-reflow/open-logic-complete-ar-screen.prb [1245] [1246])))
(./content/intuitionistic-logic/intuitionistic-logic.tex [1247]
(./content/intuitionistic-logic/introduction/introduction.tex
\bbl@ensure@arabic {باب} 58.
Output from handle open-logic-complete-ar-screen going to open-logic-complete-a
r-screen.prb

\openout6 = open-logic-complete-ar-screen.prb
(./content/intuitionistic-logic/introduction/constructive-reasoning.tex
[1248

] [1249]) (./content/intuitionistic-logic/introduction/syntax.tex [1250])
(./content/intuitionistic-logic/introduction/bhk-interpretation.tex [1251]
[1252] [1253] [1254])
(./content/intuitionistic-logic/introduction/natural-deduction.tex [1255]
[1256] [1257] [1258] [1259])
(./content/intuitionistic-logic/introduction/axiomatic-derivations.tex [1260]
[1261])
(<USER_HOME>/Documents/interlanguage/03_projects/language_management/arabic
_persianate_rtl/03_working_translations/openlogic/ar/locale/ar/output-screen-16
x9-reflow/open-logic-complete-ar-screen.prb [1262]))
(./content/intuitionistic-logic/semantics/semantics.tex [1263]
\bbl@ensure@arabic {باب} 59.
Output from handle open-logic-complete-ar-screen going to open-logic-complete-a
r-screen.prb

\openout6 = open-logic-complete-ar-screen.prb
(./content/intuitionistic-logic/semantics/introduction.tex [1264])
(./content/intuitionistic-logic/semantics/relational-models.tex [1265] [1266])
(./content/intuitionistic-logic/semantics/semantic-notions.tex [1267])
(./content/intuitionistic-logic/semantics/topological-semantics.tex [1268]
[1269]) [1270]
(<USER_HOME>/Documents/interlanguage/03_projects/language_management/arabic
_persianate_rtl/03_working_translations/openlogic/ar/locale/ar/output-screen-16
x9-reflow/open-logic-complete-ar-screen.prb))
(./content/intuitionistic-logic/soundness-completeness/soundness-completeness.t
ex [1271]
\bbl@ensure@arabic {باب} 60.
Output from handle open-logic-complete-ar-screen going to open-logic-complete-a
r-screen.prb

\openout6 = open-logic-complete-ar-screen.prb
(./content/intuitionistic-logic/soundness-completeness/soundness-axd.tex
[1272]) (./content/intuitionistic-logic/soundness-completeness/soundness-nd.tex
[1273] [1274] [1275])
(./content/intuitionistic-logic/soundness-completeness/lindenbaum.tex [1276]
[1277])
(./content/intuitionistic-logic/soundness-completeness/canonical-model.tex
[1278] [1279])
(./content/intuitionistic-logic/soundness-completeness/truth-lemma.tex [1280]
[1281])
(./content/intuitionistic-logic/soundness-completeness/completeness-thm.tex)
(./content/intuitionistic-logic/soundness-completeness/decidability.tex
[1282] [1283])
(<USER_HOME>/Documents/interlanguage/03_projects/language_management/arabic
_persianate_rtl/03_working_translations/openlogic/ar/locale/ar/output-screen-16
x9-reflow/open-logic-complete-ar-screen.prb [1284]))
(./content/intuitionistic-logic/tableaux/tableaux.tex [1285]
\bbl@ensure@arabic {باب} 61.
Output from handle open-logic-complete-ar-screen going to open-logic-complete-a
r-screen.prb

\openout6 = open-logic-complete-ar-screen.prb
(./content/intuitionistic-logic/tableaux/introduction.tex [1286])
(./content/intuitionistic-logic/tableaux/rules.tex [1287] [1288])
(./content/intuitionistic-logic/tableaux/proofs.tex [1289] [1290])
(./content/intuitionistic-logic/tableaux/soundness.tex [1291] [1292] [1293]
[1294])
(<USER_HOME>/Documents/interlanguage/03_projects/language_management/arabic
_persianate_rtl/03_working_translations/openlogic/ar/locale/ar/output-screen-16
x9-reflow/open-logic-complete-ar-screen.prb [1295])))
(./content/counterfactuals/counterfactuals.tex [1296]
(./content/counterfactuals/introduction/introduction.tex
\bbl@ensure@arabic {باب} 62.
Output from handle open-logic-complete-ar-screen going to open-logic-complete-a
r-screen.prb

\openout6 = open-logic-complete-ar-screen.prb
(./content/counterfactuals/introduction/material-conditional.tex [1297

]
[1298]) (./content/counterfactuals/introduction/paradoxes-material.tex [1299])
(./content/counterfactuals/introduction/strict-conditional.tex [1300] [1301]
[1302]) (./content/counterfactuals/introduction/counterfactuals.tex [1303])
(<USER_HOME>/Documents/interlanguage/03_projects/language_management/arabic
_persianate_rtl/03_working_translations/openlogic/ar/locale/ar/output-screen-16
x9-reflow/open-logic-complete-ar-screen.prb [1304] [1305]))
(./content/counterfactuals/minimal-change-semantics/minimal-change-semantics.te
x [1306]
\bbl@ensure@arabic {باب} 63.
Output from handle open-logic-complete-ar-screen going to open-logic-complete-a
r-screen.prb

\openout6 = open-logic-complete-ar-screen.prb
(./content/counterfactuals/minimal-change-semantics/introduction.tex [1307])
(./content/counterfactuals/minimal-change-semantics/sphere-models.tex [1308]
[1309]) (./content/counterfactuals/minimal-change-semantics/true-false.tex
[1310] [1311] [1312])
(./content/counterfactuals/minimal-change-semantics/antecedent-strengthening.te
x [1313]) (./content/counterfactuals/minimal-change-semantics/transitivity.tex
[1314] [1315])
(./content/counterfactuals/minimal-change-semantics/contraposition.tex [1316])
(<USER_HOME>/Documents/interlanguage/03_projects/language_management/arabic
_persianate_rtl/03_working_translations/openlogic/ar/locale/ar/output-screen-16
x9-reflow/open-logic-complete-ar-screen.prb [1317])))
(./content/set-theory/set-theory.tex [1318]
(./content/set-theory/story/story.tex
\bbl@ensure@arabic {باب} 64.
Output from handle open-logic-complete-ar-screen going to open-logic-complete-a
r-screen.prb

\openout6 = open-logic-complete-ar-screen.prb
(./content/set-theory/story/extensionality.tex
Package hyperref Info: bookmark level for unknown axiom defaults to 0 on input 
line 11.
 [1319

])
(./content/set-theory/story/russells-paradox-again.tex [1320])
(./content/set-theory/story/predicativity.tex [1321] [1322])
(./content/set-theory/story/cumulative-approach.tex [1323] [1324])
(./content/set-theory/story/urelements.tex [1325] [1326])
(./content/set-theory/story/grundgesetze.tex [1327]))
(./content/set-theory/z/z.tex [1328]
\bbl@ensure@arabic {باب} 65.

Package hyperref Warning: Token not allowed in a PDF string (Unicode):
(hyperref)                removing `math shift' on input line 8.


Package hyperref Warning: Token not allowed in a PDF string (Unicode):
(hyperref)                removing `\Th' on input line 8.


Package hyperref Warning: Token not allowed in a PDF string (Unicode):
(hyperref)                removing `math shift' on input line 8.

Output from handle open-logic-complete-ar-screen going to open-logic-complete-a
r-screen.prb

\openout6 = open-logic-complete-ar-screen.prb
(./content/set-theory/z/story.tex) (./content/set-theory/z/separation.tex
[1329] [1330] [1331]) (./content/set-theory/z/union.tex)
(./content/set-theory/z/pairs.tex [1332] [1333])
(./content/set-theory/z/powerset.tex [1334])
(./content/set-theory/z/infinity-again.tex [1335] [1336] [1337])
(./content/set-theory/z/milestone.tex

Package hyperref Warning: Token not allowed in a PDF string (Unicode):
(hyperref)                removing `math shift' on input line 6.


Package hyperref Warning: Token not allowed in a PDF string (Unicode):
(hyperref)                removing `\Th' on input line 6.


Package hyperref Warning: Token not allowed in a PDF string (Unicode):
(hyperref)                removing `superscript' on input line 6.


Package hyperref Warning: Token not allowed in a PDF string (Unicode):
(hyperref)                removing `math shift' on input line 6.

[1338]) (./content/set-theory/z/nat.tex [1339])
(./content/set-theory/z/arbintersections.tex [1340])
(<USER_HOME>/Documents/interlanguage/03_projects/language_management/arabic
_persianate_rtl/03_working_translations/openlogic/ar/locale/ar/output-screen-16
x9-reflow/open-logic-complete-ar-screen.prb [1341]))
(./content/set-theory/ordinals/ordinals.tex
\bbl@ensure@arabic {باب} 66.
Output from handle open-logic-complete-ar-screen going to open-logic-complete-a
r-screen.prb

\openout6 = open-logic-complete-ar-screen.prb
(./content/set-theory/ordinals/introduction.tex)
(./content/set-theory/ordinals/idea.tex [1342])
(./content/set-theory/ordinals/wo.tex [1343] [1344])
(./content/set-theory/ordinals/iso.tex [1345] [1346] [1347])
(./content/set-theory/ordinals/vn.tex [1348] [1349])
(./content/set-theory/ordinals/basic.tex [1350] [1351] [1352] [1353])
(./content/set-theory/ordinals/replacement.tex [1354] [1355])
(./content/set-theory/ordinals/milestone.tex

Package hyperref Warning: Token not allowed in a PDF string (Unicode):
(hyperref)                removing `math shift' on input line 5.


Package hyperref Warning: Token not allowed in a PDF string (Unicode):
(hyperref)                removing `\Th' on input line 5.


Package hyperref Warning: Token not allowed in a PDF string (Unicode):
(hyperref)                removing `superscript' on input line 5.


Package hyperref Warning: Token not allowed in a PDF string (Unicode):
(hyperref)                removing `math shift' on input line 5.

) (./content/set-theory/ordinals/ordtype.tex [1356] [1357])
(./content/set-theory/ordinals/opps.tex [1358] [1359]
LaTeX Font Info:    Font shape `TU/Scheherazade-Regular.ttf(0)/m/n' will be
(Font)              scaled to size 6.48001pt on input line 77.
)
(<USER_HOME>/Documents/interlanguage/03_projects/language_management/arabic
_persianate_rtl/03_working_translations/openlogic/ar/locale/ar/output-screen-16
x9-reflow/open-logic-complete-ar-screen.prb [1360]))
(./content/set-theory/spine/spine.tex [1361]
\bbl@ensure@arabic {باب} 67.
Output from handle open-logic-complete-ar-screen going to open-logic-complete-a
r-screen.prb

\openout6 = open-logic-complete-ar-screen.prb
(./content/set-theory/spine/idea.tex

Package hyperref Warning: Token not allowed in a PDF string (Unicode):
(hyperref)                removing `math shift' on input line 7.


Package hyperref Warning: Token not allowed in a PDF string (Unicode):
(hyperref)                removing `subscript' on input line 7.


Package hyperref Warning: Token not allowed in a PDF string (Unicode):
(hyperref)                removing `\alpha' on input line 7.


Package hyperref Warning: Token not allowed in a PDF string (Unicode):
(hyperref)                removing `math shift' on input line 7.

[1362]) (./content/set-theory/spine/recursion.tex [1363] [1364] [1365])
(./content/set-theory/spine/stagesbasics.tex [1366] [1367])
(./content/set-theory/spine/foundation.tex [1368] [1369])
(./content/set-theory/spine/zf.tex

Package hyperref Warning: Token not allowed in a PDF string (Unicode):
(hyperref)                removing `math shift' on input line 6.


Package hyperref Warning: Token not allowed in a PDF string (Unicode):
(hyperref)                removing `\Th' on input line 6.


Package hyperref Warning: Token not allowed in a PDF string (Unicode):
(hyperref)                removing `math shift' on input line 6.


Package hyperref Warning: Token not allowed in a PDF string (Unicode):
(hyperref)                removing `math shift' on input line 6.


Package hyperref Warning: Token not allowed in a PDF string (Unicode):
(hyperref)                removing `\Th' on input line 6.


Package hyperref Warning: Token not allowed in a PDF string (Unicode):
(hyperref)                removing `math shift' on input line 6.

[1370]) (./content/set-theory/spine/rank.tex [1371] [1372] [1373])
(<USER_HOME>/Documents/interlanguage/03_projects/language_management/arabic
_persianate_rtl/03_working_translations/openlogic/ar/locale/ar/output-screen-16
x9-reflow/open-logic-complete-ar-screen.prb))
(./content/set-theory/replacement/replacement.tex [1374]
\bbl@ensure@arabic {باب} 68.
Output from handle open-logic-complete-ar-screen going to open-logic-complete-a
r-screen.prb

\openout6 = open-logic-complete-ar-screen.prb
(./content/set-theory/replacement/introduction.tex)
(./content/set-theory/replacement/strength.tex [1375])
(./content/set-theory/replacement/extrinsic.tex [1376] [1377] [1378])
(./content/set-theory/replacement/limofsize.tex [1379])
(./content/set-theory/replacement/absinf.tex [1380] [1381])
(./content/set-theory/replacement/ref.tex [1382])
(./content/set-theory/replacement/refproofs.tex [1383] [1384] [1385] [1386]
[1387]) (./content/set-theory/replacement/finiteaxiomatizability.tex [1388]
[1389])
(<USER_HOME>/Documents/interlanguage/03_projects/language_management/arabic
_persianate_rtl/03_working_translations/openlogic/ar/locale/ar/output-screen-16
x9-reflow/open-logic-complete-ar-screen.prb [1390]))
(./content/set-theory/ord-arithmetic/ord-arithmetic.tex
\bbl@ensure@arabic {باب} 69.
Output from handle open-logic-complete-ar-screen going to open-logic-complete-a
r-screen.prb

\openout6 = open-logic-complete-ar-screen.prb
(./content/set-theory/ord-arithmetic/introduction.tex)
(./content/set-theory/ord-arithmetic/addition.tex [1391] [1392] [1393] [1394]
[1395]) (./content/set-theory/ord-arithmetic/using-addition.tex [1396] [1397]
[1398]) (./content/set-theory/ord-arithmetic/multiplication.tex [1399] [1400])
(./content/set-theory/ord-arithmetic/exponentiation.tex [1401] [1402])
(<USER_HOME>/Documents/interlanguage/03_projects/language_management/arabic
_persianate_rtl/03_working_translations/openlogic/ar/locale/ar/output-screen-16
x9-reflow/open-logic-complete-ar-screen.prb))
(./content/set-theory/cardinals/cardinals.tex [1403]
\bbl@ensure@arabic {باب} 70.
Output from handle open-logic-complete-ar-screen going to open-logic-complete-a
r-screen.prb

\openout6 = open-logic-complete-ar-screen.prb
(./content/set-theory/cardinals/cp.tex)
(./content/set-theory/cardinals/cardsasords.tex [1404] [1405] [1406] [1407])
(./content/set-theory/cardinals/milestone.tex

Package hyperref Warning: Token not allowed in a PDF string (Unicode):
(hyperref)                removing `math shift' on input line 6.


Package hyperref Warning: Token not allowed in a PDF string (Unicode):
(hyperref)                removing `\Th' on input line 6.


Package hyperref Warning: Token not allowed in a PDF string (Unicode):
(hyperref)                removing `math shift' on input line 6.

) (./content/set-theory/cardinals/classing.tex [1408] [1409] [1410] [1411])
(./content/set-theory/cardinals/hp.tex [1412] [1413]))
(./content/set-theory/card-arithmetic/card-arithmetic.tex [1414]
\bbl@ensure@arabic {باب} 71.
Output from handle open-logic-complete-ar-screen going to open-logic-complete-a
r-screen.prb

\openout6 = open-logic-complete-ar-screen.prb
(./content/set-theory/card-arithmetic/opps.tex [1415] [1416])
(./content/set-theory/card-arithmetic/simp.tex [1417] [1418] [1419])
(./content/set-theory/card-arithmetic/expotough.tex [1420] [1421])
(./content/set-theory/card-arithmetic/ch.tex [1422] [1423] [1424])
(./content/set-theory/card-arithmetic/fix.tex

Package hyperref Warning: Token not allowed in a PDF string (Unicode):
(hyperref)                removing `math shift' on input line 6.


Package hyperref Warning: Token not allowed in a PDF string (Unicode):
(hyperref)                removing `\aleph' on input line 6.


Package hyperref Warning: Token not allowed in a PDF string (Unicode):
(hyperref)                removing `math shift' on input line 6.

[1425] [1426] [1427])
(<USER_HOME>/Documents/interlanguage/03_projects/language_management/arabic
_persianate_rtl/03_working_translations/openlogic/ar/locale/ar/output-screen-16
x9-reflow/open-logic-complete-ar-screen.prb [1428]))
(./content/set-theory/choice/choice.tex [1429]
\bbl@ensure@arabic {باب} 72.
Output from handle open-logic-complete-ar-screen going to open-logic-complete-a
r-screen.prb

\openout6 = open-logic-complete-ar-screen.prb
(./content/set-theory/choice/introduction.tex)
(./content/set-theory/choice/tarskiscott.tex [1430]

LaTeX Font Warning: Font shape `TU/Scheherazade-Regular.ttf(0)/m/scit' undefine
d
(Font)              using `TU/Scheherazade-Regular.ttf(0)/m/sc' instead on inpu
t line 59.

[1431]) (./content/set-theory/choice/hartogs.tex [1432])
(./content/set-theory/choice/wellorderingproblem.tex [1433] [1434])
(./content/set-theory/choice/countablechoice.tex [1435] [1436] [1437] [1438])
(./content/set-theory/choice/justifications.tex [1439])
(./content/set-theory/choice/banach.tex [1440] [1441])
(./content/set-theory/choice/vitali.tex [1442] [1443] [1444] [1445] [1446]
[1447] [1448])
(<USER_HOME>/Documents/interlanguage/03_projects/language_management/arabic
_persianate_rtl/03_working_translations/openlogic/ar/locale/ar/output-screen-16
x9-reflow/open-logic-complete-ar-screen.prb))) (./content/methods/methods.tex
[1449] (./content/methods/proofs/proofs.tex
\bbl@ensure@arabic {باب} 73.
Output from handle open-logic-complete-ar-screen going to open-logic-complete-a
r-screen.prb

\openout6 = open-logic-complete-ar-screen.prb
(./content/methods/proofs/introduction.tex [1450

])
(./content/methods/proofs/starting-proofs.tex [1451])
(./content/methods/proofs/using-definitions.tex [1452] [1453])
(./content/methods/proofs/inference-patterns.tex [1454] [1455] [1456] [1457]
[1458] [1459] [1460] [1461]) (./content/methods/proofs/example-1.tex [1462]
[1463] [1464] [1465]) (./content/methods/proofs/example-2.tex [1466] [1467])
(./content/methods/proofs/proof-by-contradiction.tex [1468] [1469] [1470]
[1471] [1472]) (./content/methods/proofs/reading-proofs.tex [1473] [1474])
(./content/methods/proofs/cant-do-it.tex [1475])
(./content/methods/proofs/resources.tex [1476])
(<USER_HOME>/Documents/interlanguage/03_projects/language_management/arabic
_persianate_rtl/03_working_translations/openlogic/ar/locale/ar/output-screen-16
x9-reflow/open-logic-complete-ar-screen.prb [1477]))
(./content/methods/induction/induction.tex [1478]
\bbl@ensure@arabic {باب} 74.
Output from handle open-logic-complete-ar-screen going to open-logic-complete-a
r-screen.prb

\openout6 = open-logic-complete-ar-screen.prb
(./content/methods/induction/introduction.tex [1479])
(./content/methods/induction/induction-on-N.tex

Package hyperref Warning: Token not allowed in a PDF string (Unicode):
(hyperref)                removing `math shift' on input line 11.


Package hyperref Warning: Token not allowed in a PDF string (Unicode):
(hyperref)                removing `math shift' on input line 11.

[1480] [1481] [1482]) (./content/methods/induction/strong-induction.tex
[1483]) (./content/methods/induction/inductive-definitions.tex [1484] [1485]
[1486]) (./content/methods/induction/structural-induction.tex [1487] [1488])
(./content/methods/induction/relations.tex [1489] [1490] [1491] [1492] [1493])
(<USER_HOME>/Documents/interlanguage/03_projects/language_management/arabic
_persianate_rtl/03_working_translations/openlogic/ar/locale/ar/output-screen-16
x9-reflow/open-logic-complete-ar-screen.prb))) (./content/history/history.tex
[1494] [1495] (./content/history/biographies/biographies.tex
\bbl@ensure@arabic {باب} 75.
Output from handle open-logic-complete-ar-screen going to open-logic-complete-a
r-screen.prb

\openout6 = open-logic-complete-ar-screen.prb
(./content/history/biographies/georg-cantor.tex [1496

])
(./content/history/biographies/alonzo-church.tex [1497])
(./content/history/biographies/gerhard-gentzen.tex [1498])
(./content/history/biographies/kurt-goedel.tex [1499])
(./content/history/biographies/emmy-noether.tex [1500] [1501])
(./content/history/biographies/rozsa-peter.tex [1502])
(./content/history/biographies/julia-robinson.tex [1503] [1504])
(./content/history/biographies/bertrand-russell.tex [1505])
(./content/history/biographies/alfred-tarski.tex
Package cleveref Info: loaded `english' language definitions on input line 27.
 [1506])
(./content/history/biographies/alan-turing.tex [1507])
(./content/history/biographies/ernst-zermelo.tex [1508]))
(./content/history/set-theory/set-theory.tex [1509]
\bbl@ensure@arabic {باب} 76.
Output from handle open-logic-complete-ar-screen going to open-logic-complete-a
r-screen.prb

\openout6 = open-logic-complete-ar-screen.prb
(./content/history/set-theory/infinitesimals.tex [1510] [1511])
(./content/history/set-theory/limits.tex [1512] [1513] [1514])
(./content/history/set-theory/pathologies.tex [1515] [1516])
(./content/history/set-theory/mythology.tex [1517])
(./content/history/set-theory/cantor-plane.tex [1518])
(./content/history/set-theory/hilbert-curve.tex [1519] [1520] [1521] [1522])))
(./content/reference/reference.tex [1523]
(./content/reference/greek-alphabet/greek-alphabet.tex
\bbl@ensure@arabic {باب} 77.
Output from handle open-logic-complete-ar-screen going to open-logic-complete-a
r-screen.prb

\openout6 = open-logic-complete-ar-screen.prb
[1524

]) (./content/reference/fraktur-alphabet/fraktur-alphabet.tex [1525]
\bbl@ensure@arabic {باب} 78.
Output from handle open-logic-complete-ar-screen going to open-logic-complete-a
r-screen.prb

\openout6 = open-logic-complete-ar-screen.prb
)))
(<USER_HOME>/Documents/interlanguage/03_projects/language_management/arabic
_persianate_rtl/03_working_translations/openlogic/ar/locale/ar/output-screen-16
x9-reflow/open-logic-complete-ar-screen.pcr)
(<USER_HOME>/Documents/interlanguage/03_projects/language_management/arabic
_persianate_rtl/03_working_translations/openlogic/ar/locale/ar/output-screen-16
x9-reflow/open-logic-complete-ar-screen.bbl [1526] [1527]
Underfull \hbox (badness 1412) in paragraph at lines 91--95
[]\TU/Scheherazade-Regular.ttf(0)/m/sc/17.28 Cheng, Eu-genia. 2004.  How to writ
e proofs: A quick quide.  URL [][]$\TU/DejaVuSansMono(0)/m/n/17.28 https://eugen
iacheng.com/
 []

[1528] [1529] [1530]
Underfull \hbox (badness 10000) in paragraph at lines 244--250
\TU/DejaVuSansMono(0)/m/n/17.28 //www.iheart.com/podcast/stuff-[]you-[]missed-[
]in-[]history-[]cl-[]21124503/
 []

[1531] [1532] [1533]
Underfull \hbox (badness 10000) in paragraph at lines 412--417
[]\TU/Scheherazade-Regular.ttf(0)/m/sc/17.28 Lin-senmayer, Mark. 2014.  The par-
tially ex-amined life: Gödel on math.  URL [][]$\TU/DejaVuSansMono(0)/m/n/17.2
8 http://www.
 []

[1534]
Underfull \hbox (badness 1590) in paragraph at lines 466--469
[]\TU/Scheherazade-Regular.ttf(0)/m/sc/17.28 O’Con-nor, John J. and Ed-mund F.
 Robert-son. 2005.  The real num-bers: Stevin to Hilbert URL [][]$\TU/DejaVuSan
sMono(0)/m/n/17.28 https://
 []

[1535]
Underfull \hbox (badness 10000) in paragraph at lines 516--520
[]\TU/Scheherazade-Regular.ttf(0)/m/sc/17.28 Ra-diolab. 2012.  The Tur-ing prob-
lem.  URL [][]$\TU/DejaVuSansMono(0)/m/n/17.28 http://www.radiolab.org/story/
 []

[1536]
Underfull \hbox (badness 1708) in paragraph at lines 555--559
[]\TU/Scheherazade-Regular.ttf(0)/m/sc/17.28 Rose, Daniel. 2012.  A song about 
Georg Can-tor.  URL [][]$\TU/DejaVuSansMono(0)/m/n/17.28 https://www.youtube.com
/watch?v=
 []


Underfull \hbox (badness 1694) in paragraph at lines 561--565
[]\TU/Scheherazade-Regular.ttf(0)/m/sc/17.28 Rose, Nicholas J. 2010.  Hilbert-ty
pe space-filling curves.  URL [][]$\TU/DejaVuSansMono(0)/m/n/17.28 https://web.a
rchive.org/web/
 []

[1537] [1538] [1539] [1540])
\tf@thm=\write8

\openout8 = open-logic-complete-ar-screen.thm
 [1541]
\tf@toc=\write9

\openout9 = open-logic-complete-ar-screen.toc
\tf@pcr=\write10

\openout10 = open-logic-complete-ar-screen.pcr

(<USER_HOME>/Documents/interlanguage/03_projects/language_management/arabic
_persianate_rtl/03_working_translations/openlogic/ar/locale/ar/output-screen-16
x9-reflow/open-logic-complete-ar-screen.aux)
 ***********
LaTeX2e <2025-11-01>
L3 programming layer <2020/03/25>
 ***********


LaTeX Font Warning: Size substitutions with differences
(Font)              up to 1.28pt have occurred.


LaTeX Font Warning: Some font shapes were not available, defaults substituted.

Package rerunfilecheck Info: File `open-logic-complete-ar-screen.out' has not c
hanged.
(rerunfilecheck)             Checksum: 6A0C427F99865DF992E843FED9C0F6C5;147047.

))

Here is how much of LuaTeX's memory you used:
 105980 strings out of 475900
 596376,3417909 words of node,token memory allocated
 310685 words of node memory still in use:
   51 hlist, 5 vlist, 15 rule, 153 dir, 16 math, 284 glue, 11 kern, 2 sub_mlist,
 828 glyph, 112063 attribute, 205 glue_spec, 37356 attribute_list, 3 write, 384 
pdf_literal, 39 pdf_action nodes
   avail lists: 1:70,2:26650,3:11433,4:2650,5:4123,6:44,7:7431,8:125,9:7070,10:2
7,11:140,12:1
 94448 multiletter control sequences out of 65536+600000
 332 fonts using 55150143 bytes
 425i,23n,452p,1851b,12002s stack positions out of 10000i,1000n,20000p,200000b,200000s
<<USER_HOME>/AppData/Local/Programs/MiKTeX/fonts/opentype/public/tex-gyre/te
xgyrepagella-bolditalic.otf><<<USER_HOME>\AppData\Local\MiKTeX\fonts/pk/ljfo
ur/public/cmbright/dpi600\cmbrmi10.pk>><<<USER_HOME>\AppData\Local\MiKTeX\fo
nts/pk/ljfour/public/cmbright/dpi720\cmbrmi10.pk>><<USER_HOME>/AppData/Local
/Programs/MiKTeX/fonts/opentype/public/tex-gyre/texgyreheros-regular.otf><<C:\Us
ers\Floris\AppData\Local\MiKTeX\fonts/pk/ljfour/public/cmbright/dpi1037\cmbrmi10
.pk>><<USER_HOME>/AppData/Local/Programs/MiKTeX/fonts/opentype/public/tex-gy
re/texgyrepagella-italic.otf><<USER_HOME>/AppData/Local/Programs/MiKTeX/font
s/opentype/public/tex-gyre/texgyrepagella-bold.otf><<USER_HOME>/AppData/Loca
l/Programs/MiKTeX/fonts/truetype/public/dejavu/dejavusansmono.ttf><C:/Users/Flor
is/AppData/Local/Programs/MiKTeX/fonts/opentype/public/tex-gyre/texgyrepagella-r
egular.otf><../../../00_control/fonts/scheherazade-2.100/Scheherazade-Regular.tt
f><../../../00_control/fonts/scheherazade-2.100/Scheherazade-Bold.ttf><C:/Users/
Floris/AppData/Local/Programs/MiKTeX/fonts/type1/public/amsfonts/cm/cmex10.pfb><
<USER_HOME>/AppData/Local/Programs/MiKTeX/fonts/type1/public/amsfonts/cm/cmm
i10.pfb><<USER_HOME>/AppData/Local/Programs/MiKTeX/fonts/type1/public/amsfon
ts/cm/cmmi12.pfb><<USER_HOME>/AppData/Local/Programs/MiKTeX/fonts/type1/publ
ic/amsfonts/cm/cmmi8.pfb><<USER_HOME>/AppData/Local/Programs/MiKTeX/fonts/ty
pe1/public/amsfonts/cm/cmr10.pfb><<USER_HOME>/AppData/Local/Programs/MiKTeX/
fonts/type1/public/amsfonts/cm/cmr12.pfb><<USER_HOME>/AppData/Local/Programs
/MiKTeX/fonts/type1/public/amsfonts/cm/cmr17.pfb><<USER_HOME>/AppData/Local/
Programs/MiKTeX/fonts/type1/public/amsfonts/cm/cmr7.pfb><<USER_HOME>/AppData
/Local/Programs/MiKTeX/fonts/type1/public/amsfonts/cm/cmr8.pfb><<USER_HOME>/
AppData/Local/Programs/MiKTeX/fonts/type1/public/amsfonts/cm/cmsy10.pfb><C:/User
s/Floris/AppData/Local/Programs/MiKTeX/fonts/type1/public/amsfonts/cm/cmsy8.pfb>
<<USER_HOME>/AppData/Local/Programs/MiKTeX/fonts/type1/public/amsfonts/euler
/eufm10.pfb><<USER_HOME>/AppData/Local/Programs/MiKTeX/fonts/type1/public/am
sfonts/symbols/msam10.pfb><<USER_HOME>/AppData/Local/Programs/MiKTeX/fonts/t
ype1/public/amsfonts/symbols/msbm10.pfb><<USER_HOME>/AppData/Local/Programs/
MiKTeX/fonts/type1/public/hoekwater/stmary10.pfb><<USER_HOME>/AppData/Local/
Programs/MiKTeX/fonts/type1/public/txfonts/txsyc.pfb>
Output written on open-logic-complete-ar-screen.pdf (1542 pages, 9333690 bytes).


PDF statistics: 21119 PDF objects out of 22161 (max. 8388607)
 9490 named destinations out of 10688 (max. 1048576)
 6206 words of extra memory for PDF output out of 10000 (max. 100000000)

