"source_term","chosen_arabic","status","adverse_or_rejected","aliases_or_notes","domain_or_context","review_status","review_date","reviewer","evidence_or_rationale"
"Open Logic Project","مشروع المنطق المفتوح","chosen","مشروع المنطق الحر","OLP; الاسم الرسمي مترجم دلاليًا","project name","internal linguistic review; independent review pending","2026-08-13","Codex","المفتوح يطابق open-source/open-access ولا يوحي بأن موضوع المنطق نفسه حر"
"Open Logic Text","نص المنطق المفتوح","chosen","كتاب المنطق المفتوح","OLT; أبقينا «نص» لأن الأصل يميز النص القابل لإعادة المزج من كتاب بعينه","work title","internal linguistic review; independent review pending","2026-08-13","Codex","ترجمة مباشرة ومتسقة مع الاسم المختصر في طبقة التوطين"
"formal meta-logic","المنطق الفوقي الصوري","chosen","الميتامنطق الشكلي","ما وراء المنطق; الميتامنطق","logic","internal subject review; expert review pending","2026-08-13","Codex","يفصل «الفوقي» مستوى دراسة النظم المنطقية عن المنطق الموضوع، ويحفظ «الصوري» وصف formal"
"formal methods","المناهج الصورية","chosen","الطرائق الشكلية","الأساليب الصورية","logic and computer science","internal subject review; expert review pending","2026-08-13","Codex","«صوري» هو المقابل الفلسفي المستقر لـ formal؛ «مناهج» يلائم الجمع المنهجي"
"rigorous","صارم","chosen","دقيق فقط","منضبط برهانيًا بحسب السياق","academic description","internal linguistic review; independent review pending","2026-08-13","Codex","يحفظ ادعاء الصرامة مع تجنب إضافة وصف برهاني غير مصرّح به"
"non-mathematical audience","جمهور غير متخصص في الرياضيات","chosen","جمهور غير رياضي","قراء لا يفترض فيهم التخصص الرياضي","audience","internal linguistic review; independent review pending","2026-08-13","Codex","يتجنب الإيحاء بأن القراء لا يستعملون الرياضيات مطلقًا"
"open source","مفتوح المصدر","chosen","حر المصدر","المصدر المفتوح","licensing and project practice","internal linguistic review; independent review pending","2026-08-13","Codex","الاصطلاح التقني العربي الأشيع والأقل التباسًا"
"LaTeX source","المصدر المكتوب بلغة LaTeX","chosen","شفرة لاتخ","ملفات LaTeX المصدرية","typesetting source","internal linguistic review; technical review pending","2026-08-13","Codex","لا يضيف مفهوم الشفرة إلى عبارة المصدر عند أول ظهور"
"Creative Commons Attribution 4.0 International License","رخصة المشاع الإبداعي: نَسْبُ المُصنَّف 4.0 الدولية","chosen","رخصة الإسناد الإبداعي","CC BY 4.0","license","official-name check; legal review not performed","2026-08-13","Codex","يتبع عنوان الصك العربي الرسمي المنشور من المشاع الإبداعي"
"appropriate credit","ينسبه إلى أصحابه على نحو ملائم","chosen","يذكر المصدر","النسب الملائم","attribution obligation","internal linguistic review; legal review not performed","2026-08-13","Codex","يحفظ شرط النسب ولا يختزله في مجرد ذكر رابط المصدر"
"theorem","مبرهنة","chosen","نظرية","—","formal logic","internal subject review; expert review pending","2026-08-13","Codex","يميز theorem من theory"
"lemma","قضية مساعدة","chosen","لمّة","مبرهنة مساعدة; توطئة","formal logic","internal subject review; expert review pending","2026-08-13","Codex","وصف عربي شفاف لوظيفة lemma ويتجنب اللفظ المنقول الملتبس في العربية العامة"
"proposition","قضية","chosen","افتراض","مقترحة","formal logic","internal subject review; expert review pending","2026-08-13","Codex","يحفظ معنى نتيجة خبرية مبرهَنة ولا يخلطه بـ assumption"
"corollary","نتيجة لازمة","chosen","لازمة","نتيجة; نتيجة تابعة","formal logic","internal subject review; expert review pending","2026-08-13","Codex","العبارة الكاملة أوضح في العناوين والمراجع"
"axiom","بديهية","chosen","موضوعة","مسلمة","formal logic","internal subject review; expert review pending","2026-08-13","Codex","المقابل الرياضي العربي الأشيع؛ وهو هنا اسم فني لمبدأ مفترض لا ادعاء بأنه واضح بذاته"
"convention","اصطلاح","chosen","اتفاقية","مواضعة","mathematical writing","internal subject review; expert review pending","2026-08-13","Codex","الاستعمال الأكاديمي العربي الطبيعي في إعلان اختيار ترميزي أو منهجي"
"further reading","قراءات إضافية","chosen","مزيد من القراءة","قراءات أخرى","front matter","internal linguistic review; independent review pending","2026-08-13","Codex","عنوان اسمي عربي موجز"
"photo credits","بيانات نسب الصور","chosen","حقوق الصور","إحالات الصور; نسب الصور","front matter and attribution","internal linguistic review; independent review pending","2026-08-13","Codex","لا يساوي credits بالحقوق القانونية ويصرح بوظيفة النسب"
"remixed by","أعاد مزجه","chosen","حرره","أعاد تركيبه","open educational resources","internal linguistic review; independent review pending","2026-08-13","Codex","يحفظ استعارة remix الخاصة بإعادة ترتيب مواد المشروع"
"computer science","علوم الحاسوب","chosen","علم الحاسوب","المعلوماتية","discipline","internal linguistic review; regional review pending","2026-08-13","Codex","صيغة مفهومة عبر الأقاليم وتوافق الجمع الاصطلاحي الشائع"
"editorial note","ملاحظة تحريرية","chosen","ملاحظة المحرر","تنبيه تحريري بحسب الوظيفة","document production","internal linguistic review; independent review pending","2026-08-13","Codex","تصف نوع الملاحظة من غير أن تنسبها إلى محرر فرد بعينه"
"logical operator","مؤثر منطقي","chosen","عامل منطقي","رابط منطقي عند الاقتصار على روابط منطق القضايا","formal logic","internal subject review; expert review pending","2026-08-13","Codex","يشمل الروابط والمكممات كما يقتضي سياق المشروع ولا يحصر المصطلح في العمليات البرمجية"
"primitive logical operator","مؤثر منطقي يُتخذ رمزًا أوليًا","chosen","مؤثر منطقي بدائي","مؤثر أولي; رمز أولي غير معرّف بواسطة مؤثرات أخرى","formal logic","internal subject review; expert review pending","2026-08-13","Codex","«أولي» يؤدي المعنى الفني لـ primitive ويتجنب الإيحاء التقويمي في «بدائي»"
"work in progress","عمل قيد التطوير","chosen","عمل تحت التنفيذ","مشروع لم يكتمل بعد","editorial status","internal linguistic review; independent review pending","2026-08-13","Codex","يحفظ التنبيه إلى عدم الاكتمال مع بيان أن العمل مستمر"
"driver file","ملف تشغيل","chosen","ملف قائد","ملف رئيس يضبط بناء مستند LaTeX","LaTeX document production","internal technical review; Arabic user review pending","2026-08-13","Codex","صياغة وظيفية مفهومة بدل النقل الحرفي الملتبس"
"derived textbook","كتاب دراسي مشتق","chosen","كتاب دراسي مستخرج","نسخة كتاب مشتقة من مواد المشروع","open educational resources","internal linguistic review; independent review pending","2026-08-13","Codex","يحفظ علاقة الاشتقاق وإعادة الاستخدام من المصدر ولا يوحي بمجرد الاستخراج الآلي"
"can be generate","يمكن بها توليد نص","source_erratum","يمكن أن يكون توليد نص","المقصود في المصدر: can be generated","source grammar","source defect verified; intended meaning translated; upstream correction pending","2026-08-13","Codex","في المصدر فعل generate بصيغته المجردة بعد can be؛ ترجمت العربية المعنى المبني للمجهول المقصود ولم تحاك الخطأ"
"Naive Set Theory","نظرية المجموعات الساذجة","chosen","نظرية المجموعات المبسطة; نظرية المجموعات الحدسية; نظرية المجموعات الفطرية","نظرية المجموعات غير المصاغة بديهيًا; عرض غير صوري لنظرية المجموعات","set theory","internal subject review; expert review pending","2026-08-13","Codex","«الساذجة» مقابل اصطلاحي لـ naive هنا بمعنى العرض غير الصوري أو غير المصاغ ضمن نسق بديهي؛ ولا تحمل حكمًا ازدرائيًا على النظرية أو دارسيها"
"Open Set Theory","نظرية المجموعات المفتوحة","chosen","نظرية المجموعات المنفتحة; نظرية المجموعات المفتوحة المصدر","Open Set Theory; العنوان التاريخي لكتاب تيم باتن، لا مبحث المجموعات المفتوحة في الطوبولوجيا","work title and open education","internal linguistic review; bibliographic review pending","2026-08-13","Codex","ترجمة مباشرة للعنوان كما يرد في المصدر؛ وإضافة «المصدر» تفسير زائد، أما التباس المقابل العربي بمصطلح طوبولوجي فيرفعه سياق اسم الكتاب"
"set","مجموعة","chosen","زمرة; طائفة","—","set theory","internal subject review; regional review pending","2026-08-13","Codex","الرأس العربي القياسي العابر للأقاليم؛ و«زمرة» محجوزة لـ group في الجبر فلا تصلح مرادفًا هنا"
"element; member","عنصر","chosen","جزء; مفردة","عضو: مرادف تقني مقبول عابر للأقاليم، لكنه ليس الرأس الموحّد في هذا النص","set theory","internal subject review; regional review pending","2026-08-13","Codex","يربط token المصدر element بصيغتي «عنصر/عناصر»؛ وتُفرغ أداة a/an لأن العربية لا تستعمل أداة تنكير مستقلة"
"empty set","المجموعة الخالية","chosen","المجموعة الصفرية","المجموعة الفارغة: مرادف مشرقي وارد؛ «الخالية» رأس موحّد موثق أيضًا في مراجع مغاربية","set theory","internal subject review; regional review pending","2026-08-13","Codex","يحفظ معنى انعدام العناصر ولا يوحي بأن الصفر عنصر المجموعة"
"extensionality","الامتدادية","chosen","التوسعية; التمددية","مبدأ تعيّن المجموعة بعناصرها: شرح وظيفي لا رأس بديل","set theory and logic","internal subject review; expert review pending","2026-08-13","Codex","المصطلح الفني يعبّر عن أن المجموعة تتحدد بامتدادها، أي بعناصرها، ويحفظ اتجاه الشرطين والعكس"
"perfect number","عدد تام","chosen","عدد مثالي","عدد كامل: مرادف مشرقي وارد؛ «عدد تام» موثق في مراجع مشرقية ومغاربية","number theory","internal subject review; regional review pending","2026-08-13","Codex","يعتمد الرأس الموجز المتداول ويحفظ التعريف بالمساواة بين العدد ومجموع قواسمه الفعلية"
"proper divisor","قاسم فعلي","chosen","قاسم مطابق","قاسم حقيقي: مرادف مشرقي وارد؛ «قاسم فعلي» موثق في مراجع مشرقية ومغاربية","number theory","internal subject review; regional review pending","2026-08-13","Codex","يحفظ الشرطين: أن يقسم العدد بلا باق وألا يساوي العدد نفسه"
"less than 10 versus 0 <= x <= 10","أقل من 10 في النثر؛ 0 <= x <= 10 في الصيغة","source_inconsistency_preserved","تغيير 10 إلى حد آخر أو توحيد العبارتين صامتًا","الاختلاف لا يغيّر المثال لأن 10 ليس عددًا تامًا، لكنه يظل اختلافًا حرفيًا في مجال الوصف","source mathematical prose and set-builder notation","source defect verified; upstream correction pending","2026-08-13","Codex","حُفظت عبارة «أصغر من 10» وحُفظت المتراجحتان الشاملتان 0 <= x <= 10 كما وردتا؛ لم يُصحح المصدر بلا سند"
"subset","مجموعة جزئية","chosen","جزء; مجموعة تابعة","مجموعة فرعية: مرشح مرادفي يحتاج ربطًا بمصدر؛ الاحتواء: اسم العلاقة لا اسم المجموعة","set theory","internal subject review; regional review pending","2026-08-13","Codex","يحفظ الفرق بين انتماء عنصر إلى مجموعة بالرمز ∈ وكون مجموعة جزئية من أخرى بالرمز ⊆"
"proper subset","مجموعة جزئية فعلية","chosen","مجموعة جزئية مناسبة; مجموعة جزئية صحيحة","مجموعة جزئية حقيقية: مرشح مرادفي يحتاج ربطًا بمصدر؛ «فعلية» هو الرأس المعتمد للرمز ⊊","set theory","internal subject review; regional review pending","2026-08-13","Codex","يصرح بشرطي الاحتواء وعدم المساواة، فلا يخلط ⊊ بالاحتواء غير الصارم ⊆"
"power set","مجموعة القوى","chosen","مجموعة الطاقة","مجموعة الأجزاء: مرشح إقليمي يحتاج ربطًا بمصدر؛ لا تُنسب إقليميًا قبل التوثيق","set theory","internal subject review; regional review pending","2026-08-13","Codex","هي مجموعة جميع المجموعات الجزئية وتحفظ الرمز المصدر Pow من غير استبداله"
"bounded universal and existential quantifiers","المكممان الكلي والوجودي المقيّدان","chosen","المكممان المحدودان بوصفه رأسًا وحيدًا","السوران المقيدان: مرشح مرادفي يحتاج ربطًا بمصدر؛ المقصود تقييد المتغير بمجموعة لا تقرير محدودية عددية","logic and set-builder notation","internal subject review; expert review pending","2026-08-13","Codex","يحفظ التكافؤين: (∀x∈A)φ اختصار للاستلزام، و(∃x∈A)φ اختصار للاقتران"
"natural number","عدد طبيعي","chosen","عدد فطري","لا يُسوّى بالعدد الصحيح الموجب لأن تعريف المصدر يضم الصفر في مجموعة الأعداد الطبيعية","number systems","internal subject review; regional review pending","2026-08-13","Codex","يحفظ تعريف المصدر Nat = {0, 1, 2, 3, ...}"
"integer","عدد صحيح","chosen","عدد كامل","العدد الكامل قد يلتبس بالعدد التام أو بتسمية أخرى؛ لا يُستعمل هنا بدل الرأس المعياري","number systems","internal subject review; regional review pending","2026-08-13","Codex","يشمل الأعداد السالبة والصفر والموجبة كما تعرضه صيغة Int"
"rational number","عدد نسبي","chosen","عدد كسري بوصفه الرأس الوحيد","عدد ناطق: مرشح إقليمي يحتاج ربطًا بمصدر","number systems","internal subject review; regional review pending","2026-08-13","Codex","يطابق تعريف المصدر على صورة m/n حيث m وn صحيحان وn لا يساوي صفرًا"
"real number","عدد حقيقي","chosen","عدد واقعي","لا يُستبدل الرأس بترجمة حرفية لكلمة real خارج الاصطلاح الرياضي","number systems","internal subject review; regional review pending","2026-08-13","Codex","يحفظ الاحتواء الصارم للأعداد النسبية في الأعداد الحقيقية"
"continuum (real-number set)","المتصل العددي","chosen","الاستمرارية; المتصلية","المتصل: صيغة مختصرة مرشحة تحتاج ربطًا بمصدر","real analysis and number systems","internal subject review; expert review pending","2026-08-13","Codex","القيد العددي يوضح أن المقصود هنا مجموعة الأعداد الحقيقية لا خاصية الاستمرار"
"infinite set","مجموعة لا نهائية","chosen","مجموعة أبدية","مجموعة غير منتهية: مرشح مرادفي يحتاج ربطًا بمصدر","set theory","internal subject review; regional review pending","2026-08-13","Codex","يشرح النص أن لكل مجموعة من المجموعات الأربع عددًا لا نهائيًا من العناصر"
"positive integer","عدد صحيح موجب","chosen","عدد طبيعي","لا يُعد العدد الطبيعي مرادفًا هنا لأن Nat في المصدر يحتوي الصفر بينما PosInt يبدأ بالواحد","number systems","internal subject review; regional review pending","2026-08-13","Codex","يحفظ تعريف المصدر PosInt = {1, 2, 3, ...} والشرط الصارم للموجبية"
"string (over an alphabet)","سلسلة","chosen","وتر; خيط حرفي","كلمة: مرشح اصطلاحي يحتاج ربطًا بمصدر؛ سلسلة رموز: شرح لا رأس بديل","formal languages and computer science","internal subject review; expert review pending","2026-08-13","Codex","يحفظ تعريف المصدر للسلسلة بوصفها متتالية منتهية على أبجدية ويشمل السلسلة الفارغة"
"alphabet (formal language)","أبجدية","chosen","الهجاء","مجموعة رموز: شرح دلالي لا رأس بديل","formal languages and computer science","internal subject review; expert review pending","2026-08-13","Codex","يشير الرأس إلى المجموعة A التي تؤخذ منها حروف السلاسل لا إلى نظام كتابة بعينه"
"empty string","السلسلة الفارغة","chosen","السلسلة الصفرية","السلسلة الخالية; الكلمة الفارغة: مرشحان مرادفيان يحتاجان ربطًا بمصدر","formal languages and computer science","internal subject review; expert review pending","2026-08-13","Codex","يحفظ الرمز Lambda وإدراج السلسلة الفارغة ضمن A* لكل أبجدية A"
"string length","طول السلسلة","chosen","حجم السلسلة بوصفه الرأس الوحيد","عدد الحروف: شرح وظيفي لا رأس بديل","formal languages and computer science","internal subject review; expert review pending","2026-08-13","Codex","يحفظ تعريف len(x)=n لسلسلة مؤلفة من n حروف"
"sequence","متتالية","chosen","سلسلة في سياق المتتاليات الرياضية","متتابعة: مرشح مرادفي يحتاج ربطًا بمصدر","mathematics and formal languages","internal subject review; regional review pending","2026-08-13","Codex","يفصل بين المتتالية العامة وبين السلسلة التي يعرّفها المصدر بأنها منتهية على أبجدية"
"infinite sequence","متتالية لا نهائية","chosen","سلسلة لا نهائية في اصطلاح هذا القسم","متتالية غير منتهية: مرشح مرادفي يحتاج ربطًا بمصدر","sequences and set theory","internal subject review; regional review pending","2026-08-13","Codex","يحفظ دلالة A^omega بوصفها مجموعة المتتاليات اللانهائية أحادية الاتجاه من عناصر A"
"union (set theory)","اتحاد","chosen","جمع; ضم بوصفه رأس العملية","اجتماع: مرشح مرادفي يحتاج ربطًا بمصدر","set operations","independent AI semantic replay passed; human review none; regional review pending","2026-08-13","Codex","يحفظ تعريف A union B بخاصية الانتماء إلى A أو B ويربط الرأس بالرمزين cup وbigcup"
"intersection (set theory)","تقاطع","chosen","ضرب; اشتراك بوصفه رأس العملية","تلاقٍ: مرشح مرادفي يحتاج ربطًا بمصدر","set operations","independent AI semantic replay passed; human review none; regional review pending","2026-08-13","Codex","يحفظ تعريف A intersection B بخاصية الانتماء إلى A وB ويربط الرأس بالرمزين cap وbigcap"
"disjoint sets","مجموعات متباينة","chosen","مجموعات مختلفة","مجموعات منفصلة: مرشح مرادفي يحتاج ربطًا بمصدر وقد يلتبس بمفاهيم الاتصال الطوبولوجي","set operations","independent AI semantic replay passed; human review none; expert review pending","2026-08-13","Codex","التباين هنا يعني تحديدًا أن التقاطع خال لا مجرد أن المجموعتين غير متساويتين"
"index set","مجموعة فهرسة","chosen","فهرس عددي","مجموعة المؤشرات: مرشح مرادفي يحتاج ربطًا بمصدر","indexed families and set operations","independent AI semantic replay passed; human review none; expert review pending","2026-08-13","Codex","هي المجموعة I التي يتراوح فيها i وتضبط صيغتي الاتحاد والتقاطع المفهرستين"
"set difference","فرق المجموعتين","chosen","طرح المجموعات","المتمم النسبي: مرشح قريب يحتاج ربطًا بمصدر وتثبيت اتجاه النسبة","set operations","independent AI semantic replay passed; human review none; regional review pending","2026-08-13","Codex","يحفظ ترتيب A setminus B: عناصر A التي لا تنتمي إلى B، فلا يعامل العملية كتبادلية"
"ordered pair","زوج مرتب","chosen","ثنائي مرتب بوصفه الرأس الوحيد","الثنائي المرتب: مرادف تقني؛ الزوج غير المرتب: وصف للمجموعة الثنائية التي لا يعتد فيها بالترتيب","set theory and relations","independent AI semantic replay passed; human review none","2026-08-13","Codex","يحفظ اعتماد المساواة على تساوي العنصر الأول وتساوي العنصر الثاني كل على حدة"
"Wiener--Kuratowski definition","تعريف وينر--كوراتوفيسكي","chosen","تعريف كوراتوفيسكي وحده بوصفه نسبة المصدر الكاملة","تمثيل الزوج المرتب بالصيغة {{a},{a,b}}","set-theoretic coding","independent AI semantic replay passed; human review none","2026-08-13","Codex","يحفظ الاسمين والنسبة إلى التعريف الوارد في المصدر ولا يغير ترميز الزوج"
"triple; quadruple; ordered n-tuple","ثلاثية؛ رباعية؛ صف مرتب من n عناصر","chosen","متجه؛ مصفوفة","n-توئية: مرشح اصطلاحي يحتاج ربطًا بمصدر؛ متتالية مرتبة: شرح أعم","set theory and finite sequences","independent AI semantic replay passed; human review none; regional review pending","2026-08-13","Codex","الصياغة الوصفية تفصل الصف المرتب العام عن المتجه ذي البنية الجبرية وتحفظ التجميع العودي إلى اليسار في المصدر"
"Cartesian product","الضرب الديكارتي","chosen","حاصل الضرب الكارتيزي","الجداء الديكارتي: مرادف مغاربي محتمل يحتاج ربطًا بمصدر؛ حاصل الضرب الديكارتي: شرح مقبول","set theory","independent AI semantic replay passed; human review none; regional review pending","2026-08-13","Codex","يربط الرأس بالرمز times وبمجموعة جميع الأزواج المرتبة التي أولها من A وثانيها من B"
"recursive definition","تعريف عودي","chosen","تعريف تكراري بوصفه الرأس الوحيد","تعريف استدعائي: شائع في الحوسبة أكثر من هذا السياق الرياضي","foundations and sequences","independent AI semantic replay passed; human review none","2026-08-13","Codex","يحفظ خطوتي الأساس A^1=A والعود A^{k+1}=A^k times A"
"word over A","كلمة على A","chosen","كلمة فوق A بوصفها الرأس الوحيد","كلمة على أبجدية: صيغة أخص حين تكون A أبجدية؛ سلسلة: مصطلح مرتبط لكنه لا يستبدل لفظ word في المصدر","formal languages and computer science","independent AI semantic replay passed; human review none","2026-08-13","Codex","يحفظ تعريف الكلمة بوصفها متتالية من عناصر A واتفاق عد العنصر كلمة طولها واحد والمجموعة الخالية متتالية طولها صفر"
"empty set used as the length-zero sequence","المجموعة الخالية ممثلةً للمتتالية ذات الطول صفر","source_convention_preserved","استبدال الرمز الصامت بسلسلة خالية جديدة","يمثل المصدر المتتالية ذات الطول صفر بالرمز emptyset ضمن A*","formal-language convention","independent AI semantic replay passed; human review none","2026-08-13","Codex","حُفظ الرمز والصياغة كما وردا دون توحيدهما صامتًا مع رمز السلسلة الفارغة Lambda المستعمل في وحدة سابقة"
"Russell's Paradox","مفارقة راسل","chosen","تناقض راسل بوصفه عنوانًا","راسل: النقل العربي المعتمد للاسم Russell في هذه الوحدة","set theory and foundations","independent AI semantic replay passed after polarity correction; human review none","2026-08-13","Codex","يحفظ الاسم العلم ويفصل عنوان المفارقة عن التناقض الصريح المستنتج داخل البرهان"
"comprehension (set theory)","الاستيعاب","chosen","الفهم; الاحتواء","تكوين مجموعة بجمع كل الأشياء التي تحقق خاصيةً ما: شرح وظيفي لا رأس بديل","set theory and foundations","independent AI semantic replay passed; human review none; expert review pending","2026-08-13","Codex","استُعمل هنا للمبدأ الساذج الذي يفترض أن كل خاصية تعرّف مجموعة؛ لم يُخلط بمخطط الفصل المقيّد في النظرية البديهية"
"self-membered; non-self-membered set","مجموعة منتمية إلى نفسها؛ مجموعة غير منتمية إلى نفسها","chosen","مجموعة عضو في ذاتها بوصفه الرأس الوحيد; مجموعة ذاتية العضوية","الانتماء إلى النفس: صيغة مختصرة؛ الخاصية مضبوطة بالصيغة x in x أو نفيها","set theory and foundations","independent AI semantic replay passed after polarity correction; human review none; regional review pending","2026-08-13","Codex","يحفظ الفرق بين انتماء المجموعة إلى نفسها وبين مجرد احتوائها على مجموعة أخرى، ويطابق اتجاه رمزي in وnotin"
"consistent; inconsistent (formal theory or claim)","متسق؛ غير متسق","chosen","منسجم؛ غير منسجم بوصفهما الرأسين الوحيدين","الاتساق هنا منطقي: خلو النسق أو الادعاءات من التناقض، لا مجرد حسن الأسلوب","logic and foundations","independent AI semantic replay passed; human review none; expert review pending","2026-08-13","Codex","ترجمت العبارة inconsistent claim إلى ادعاء غير متسق وربطت ذلك بالتناقض الذي تعرضه الوحدة"
"relation; binary relation","علاقة؛ علاقة ثنائية","chosen","ارتباط بوصفه الرأس الاصطلاحي","الارتباط شرح سياقي للفعل bears؛ أما relation فهو الكائن الرياضي المحدد بوصفه مجموعة جزئية من A^2","set theory and relations","independent AI semantic replay passed; human review none; regional review pending","2026-08-13","Codex","يحفظ تعريف العلاقة الثنائية وترميزي Rxy وxRy من غير خلطها بالارتباط اللغوي العام"
"order relation; order","علاقة ترتيب؛ ترتيب","chosen","علاقة رتبة؛ رتبة","الترتيب الصارم نوع أخص؛ والرتبة مصطلح آخر في سياقات جبرية وترتيبية","relations and order theory","independent AI semantic replay passed; human review none; expert review pending","2026-08-13","Codex","يحفظ وصف علاقات أصغر من وأكبر من وأنواعها بوصفها ترتيبات"
"identity relation; is identical with","علاقة الهوية؛ مطابق لـ","chosen","علاقة الذاتية؛ مماثل لـ","علاقة المطابقة وعلاقة المساواة اسمان تفسيريّان محتملان؛ الرأس يحفظ اصطلاح الهوية والماكرو Id","relations","independent AI semantic replay passed; human review none; regional review pending","2026-08-13","Codex","تقوم علاقة الهوية بين كل عنصر ونفسه فقط وتمثلها مجموعة الأزواج القطرية"
"irreflexive relation","علاقة لا انعكاسية","chosen","علاقة غير انعكاسية بوصفها الرأس الوحيد","غير انعكاسية قد تعني مجرد نفي الانعكاسية؛ أما لا انعكاسية هنا فتعني أن Rxx منتفٍ لكل x","relations","independent AI semantic replay passed; human review none; expert review pending","2026-08-13","Codex","يحفظ الكم الكلي والنفي في الخاصية: لكل n لا Lnn ولا Gnn"
"strict order","ترتيب صارم","chosen","ترتيب شديد؛ ترتيب مطلق","الترتيب اللاانعكاسي: وصف شارح لا يستبدل الرأس","order theory","independent AI semantic replay passed; human review none; regional review pending","2026-08-13","Codex","يستعمل فقط حين تكون العلاقة ترتيبًا ولا انعكاسية معًا كما يقيد المصدر"
"empty relation; universal relation","العلاقة الخالية؛ العلاقة الشاملة","chosen","العلاقة الصفرية؛ العلاقة العامة","العلاقة الكلية مرادف محتمل للشاملة لكنه قد يلتبس باستعمالات total relation؛ الخالية هي المجموعة الخالية والشاملة هي A^2","relations","independent AI semantic replay passed; human review none; regional review pending","2026-08-13","Codex","يحفظ طرفي المثال: لا زوج في العلاقة الخالية، وكل زوج في العلاقة الشاملة"
"identity-relation notation: Id(A) versus bare I","حفظ Id(A) وI كما في المصدر","source_notation_ambiguity_preserved","توحيد I صامتًا إلى Id(A) أو العكس","يعرّف النص Id(A) ثم يستعمل I بلا تعريف صريح في K=L union I وH=G union I","source notation in relations-as-sets","source ambiguity verified; human review none; upstream clarification pending","2026-08-13","Codex","حُفظت جميع الرموز والوقائع كما وردت؛ القراءة الرياضية المرجحة أن I هي علاقة الهوية، لكن الترجمة لا تصلح المصدر بلا سند"
"metaphysical identity fact; identify with; treat as","واقعة هوية ميتافيزيقية؛ يماهي مع؛ يعامل بوصفه","chosen","واقعة تطابق ميتافيزيقية بوصفها الرأس الوحيد؛ يساوي؛ يترجم identify وtreat بالفعل نفسه","التمييز بين دعوى الهوية الأنطولوجية وبين اتخاذ مجموعة نموذجًا تمثيليًا لعلاقة","philosophy of mathematics and set-theoretic representation","independent source audit plus semantic self-replay passed; human review none; philosophy review pending","2026-08-13","Codex","حفظت الوحدة تقابل discovered أو turned out مع treat؛ فلا تحول المعاملة السياقية إلى دعوى اكتشاف ميتافيزيقي"
"set-theoretic reductionism","الاختزالية في نظرية المجموعات","chosen","الردية المجموعاتية بوصفها الرأس الوحيد","رد الكيانات أو البنى الرياضية إلى مجموعات: شرح وظيفي لا رأس بديل","philosophy of mathematics","independent source audit plus semantic self-replay passed; human review none; philosophy review pending","2026-08-13","Codex","اختيرت صيغة تحليلية واضحة عابرة للأقاليم وتجنبت نسبة موقف أقوى إلى حجة بيناسيراف"
"membership relation; predicate; singular term","علاقة الانتماء؛ محمول؛ حد مفرد","chosen","دالة الانتماء؛ صفة؛ عبارة اسمية بوصفها رؤوسًا وحيدة","المحمول يعبر عن قضية عند تطبيقه إلى حدود؛ والحد المفرد يدل على كائن واحد","logic and philosophy of language","independent source audit plus semantic self-replay passed; human review none; logic terminology review pending","2026-08-13","Codex","يحفظ الحجة النحوية الدلالية: إذا عومل رمز الانتماء اسمًا لمجموعة صار التعبير قائمة من ثلاثة حدود مفردة لا قضية"
"universal set","المجموعة الشاملة","chosen","المجموعة الكلية بوصفها الرأس الوحيد","المجموعة التي تضم جميع المجموعات أو جميع الكائنات في الكون المفترض","set theory","independent source audit plus semantic self-replay passed; human review none; regional review pending","2026-08-13","Codex","يرتبط بمرجع NoUniversalSet ولا يخلط بالمجموعة الجزئية الكلية أو بالعلاقة الشاملة"
"Benacerraf; Frege; Wittgenstein; concept horse paradox","بيناسيراف؛ فريغه؛ فيتغنشتاين؛ مفارقة مفهوم الحصان","chosen_with_transliteration_variants","بنسيراف؛ فريجه؛ فتغنشتاين بوصفها تهجئات وحيدة مفروضة","أسماء أعلام وفكرة فلسفية مثبتة أيضًا بمفتاح الاستشهاد Benacerraf1965 وبالسياق الوصفي","philosophy of mathematics and language","independent source audit plus semantic self-replay passed; human review none; Arabic bibliographic review pending","2026-08-13","Codex","حُفظت نسبة الحجج بحذر: جعل بيناسيراف الحجة مشهورة؛ والمفارقة لفريغه؛ والاعتراض وجّهه فيتغنشتاين إلى راسل"
"OLP-0013 local I versus adjacent bare-I identity notation","حفظ I بحسب تعريفه المحلي في كل وحدة","cross_unit_notation_collision_preserved","توحيد I في reflections مع علاقة الهوية Id(A) في relations-as-sets","في reflections يعرّف I صراحة بأنه مجموعة أزواج الانتماء المفترضة؛ وفي الوحدة السابقة استُعمل I مجردًا في سياق علاقة الهوية","source notation across adjacent relation units","independent source audit verified; human review none; upstream clarification pending","2026-08-13","Codex","لم توحّد الترجمة الرمزين: I في حاشية OLP-0013 ليس I المجرد غير المعرّف في OLP-0012، رغم التطابق البصري"
"less-than relation called order relation or ordering relation in reflections","حفظ علاقة الترتيب كما في المصدر","source_taxonomy_wording_preserved","تقوية الوصف صامتًا إلى ترتيب صارم","تصف الوحدة العلاقة < بلفظي order relation وordering relation مع أن الوحدة المجاورة تعرض strict order بوصفه نوعًا أخص","relations and philosophy of set-theoretic reduction","independent source audit verified; human review none; upstream clarification not required","2026-08-13","Codex","حُفظت عمومية الصياغة في الحجة الفلسفية ولم تُستبدل بمصطلح ترتيب صارم، لأن ذلك سيغير ألفاظ الدعوى المصدرية"
"reflexive; irreflexive; not reflexive","انعكاسية؛ لا انعكاسية؛ غير انعكاسية","chosen_distinctions","استعمال غير انعكاسية لـ irreflexive؛ مساواة لا انعكاسية بمجرد نفي الانعكاسية","لا انعكاسية تعني لكل x نفي Rxx؛ أما غير انعكاسية فتنفي شرط الانعكاسية فقط وقد تبقى بعض الحلقات","relations","independent source audit plus semantic self-replay passed; human review none; expert review pending","2026-08-13","Codex","يحفظ إمكان وجود علاقة ليست انعكاسية ولا لا انعكاسية، ويمنع إسقاط الكم الكلي من الخاصية السالبة"
"symmetric; anti-symmetric; asymmetric; not symmetric","متناظرة؛ مضادّة للتناظر؛ لا تناظرية؛ غير متناظرة","chosen_distinctions","ترجمة anti-symmetric وasymmetric وnot symmetric برأس واحد","مضادّة التناظر تسمح بالاتجاهين معًا فقط عند المساواة؛ اللاتناظرية تمنعهما لكل زوج؛ وغير المتناظرة مجرد نفي للتناظر","relations","independent source audit plus semantic self-replay passed; human review none; expert and regional review pending","2026-08-13","Codex","يحفظ أن علاقة الهوية متناظرة ومضادّة للتناظر، وأن كل علاقة لا تناظرية مضادّة للتناظر، مع عدم صحة العكس"
"transitive relation","علاقة متعدية","chosen","علاقة انتقالية بوصفها الرأس الوحيد","علاقة تحقق أن Rxy وRyz يستلزمان Rxz؛ الانتقالية مرادف إقليمي محتمل يحتاج ربطًا بمصدر","relations","independent source audit plus semantic self-replay passed; human review none; regional review pending","2026-08-13","Codex","يحفظ اتجاه الاستلزام والمتغير الوسيط y ولا يبدل ترتيب x وz"
"connected relation (connex on distinct pairs)","علاقة متصلة","chosen_with_scope_warning","علاقة مترابطة؛ علاقة كلية بوصفها رأسًا وحيدًا","الاتصال هنا: لكل x لا يساوي y يصدق Rxy أو Ryx على الأقل؛ لا يعني اتصال رسم أو فضاء طوبولوجي","relations and order theory","independent source audit plus semantic self-replay passed; human review none; terminology review pending","2026-08-13","Codex","حُفظ استبعاد المساواة وكون أو جامعة تسمح بصدق الاتجاهين؛ لا تُستنتج لا انعكاسية أو مضادّة تناظر من الخاصية وحدها"
"equivalence relation","علاقة تكافؤ","chosen","علاقة تعادل بوصفها الرأس الوحيد","العلاقة الانعكاسية والمتناظرة والمتعدية في الاستعمال القياسي","relations","independent source audit plus semantic self-replay passed; human review none; regional review pending","2026-08-13","Codex","يرد المصطلح في المقدمة بوصفه تركيبًا مهمًا من الخصائص ولا يعرّف كاملًا بعد في هذه الوحدة"
"special-properties closing scope and vacuity","حفظ نطاق الشرط الختامي كما في المصدر","source_scope_ambiguity_preserved","إعادة توزيع شرط A nonempty أو تقييد دعوى الوجود بكل مجموعة صامتًا","يضع المصدر نفي اجتماع الانعكاسية واللاانعكاسية ثم تضمين اللاتناظرية في مضادّة التناظر بعد شرط A غير الخالية، ثم يقرر وجود أمثلة بلا تقييد ظاهر","source logic and empty-domain edge cases","independent source audit verified; human review none; upstream clarification pending","2026-08-13","Codex","التضمين asymmetric to antisymmetric صحيح حتى للمجال الخالي؛ ووجود علاقة ليست انعكاسية ولا لا انعكاسية يحتاج مجالًا فيه قطر حاضر وآخر غائب، فلا يصح لكل مجموعة أحادية؛ لم تُقوَّ الدعوى أو يُعد نطاقها"
"equivalence class; R-equivalent","فئة تكافؤ؛ متكافئان وفق R","chosen","صنف تكافؤ بوصفه الرأس الوحيد؛ متساويان وفق R","صنف التكافؤ وطبقة التكافؤ: مرادفان إقليميان يحتاجان ربطًا بمصادر؛ التكافؤ لا يعني مساواة العنصرين","equivalence relations","independent source audit plus semantic self-replay passed; human review none; regional review pending","2026-08-13","Codex","تحفظ فئة x المجموعة {y in A | Rxy} وتحفظ أن عناصر الفئة الواحدة مترابطة بالعلاقة R لا أنها كائن واحد"
"quotient of A under R; quotient set","مجموعة قسمة A بالنسبة إلى R؛ مجموعة القسمة","chosen","ناتج قسمة A على R بوصفه الرأس الوحيد؛ فضاء القسمة في كل سياق","خارج القسمة: مرادف تقني محتمل؛ فضاء القسمة يخصص بسياق طوبولوجي أو هندسي","equivalence relations and quotient constructions","independent source audit plus semantic self-replay passed; human review none; expert and regional review pending","2026-08-13","Codex","يحفظ أن quotient هنا مجموعة فئات التكافؤ نفسها بالترميز equivclass(A,R)، لا عددًا أو عملية قسمة حسابية"
"partition; block of a partition","تجزئة؛ كتلة من التجزئة","chosen_with_source_wording_correction","تقسيم بوصفه الرأس الوحيد؛ تسمية كل فئة تجزئة كاملة","قسم أو جزء: شرح عام؛ التجزئة هي الأسرة التي تغطي A بكتل غير خالية متباينة اثنتين اثنتين","set theory and equivalence relations","independent source audit plus semantic self-replay passed; human review none; expert review pending","2026-08-13","Codex","يستعمل المصدر partitions للكتل المنفردة في الفقرة التفسيرية؛ صيغ السطح العربي بكتل مختلفة وكتل تجزئة كي لا يساوي الفئة الواحدة بالتجزئة كلها"
"representative of an equivalence class","ممثل فئة التكافؤ","chosen","عنصر مولد بوصفه الرأس الوحيد","قد تمثل عناصر متعددة الفئة نفسها؛ لا يدل الترميز equivrep(x,R) على ممثل وحيد أو مختار قانونيًا","equivalence classes and quotient notation","independent source audit plus semantic self-replay passed; human review none; expert review pending","2026-08-13","Codex","حُفظت جميع وقائع x وy وصيغ الوجود؛ البرهان يستعمل انعكاسية R لإثبات أن y ينتمي إلى فئته ثم مساواة الفئتين لإرجاع Rxy"
"modular arithmetic; congruence modulo n","الحساب بترديد عدد؛ التطابق بترديد n","chosen","الحساب الدوري بوصفه الرأس الوحيد؛ المساواة بترديد n","الحسابيات النمطية والتوافق بترديد n: بدائل إقليمية تحتاج ربطًا بمصادر","number theory","independent source audit plus semantic self-replay passed; human review none; regional review pending","2026-08-13","Codex","اعتمدت الوحدة تعريف الرمز a equiv_n b بتساوي باقيي القسمة وبالمعادلة الوجودية a-b=kn، من غير استبدال الرمز أو عكس الإشارة"
"equivalence classes asserted to form partitions","حفظ الدعوى مع تمييز الفئة من تجزئة الفئات","source_expository_gap_preserved","إضافة برهان جديد للتغطية أو التباين؛ الادعاء أن القضية المعروضة تثبت وحدها كل مسلمات التجزئة","النص يثبت Rxy iff [x]=[y] لكنه لا يصرح بقضية أن فئتين إما متساويتان أو متباينتان ولا بأن اتحاد الفئات A","source proof scope and partition closure","independent source audit verified; human review none; upstream clarification pending","2026-08-13","Codex","لم تضف الترجمة نتائج أو خطوات غائبة؛ صياغة كتل تجزئة تحفظ المقصود، بينما يبقى إثبات التغطية والتساوي أو التباين غير مصرح به في هذه الوحدة"
"preorder","ترتيب مسبق","chosen","ترتيب جزئي؛ ترتيب كامل","شبه ترتيب وترتيب أولي: مرادفان إقليميان يحتاجان ربطًا بمصادر؛ الشرطان هما الانعكاسية والتعدية فقط","order theory","independent source audit plus semantic self-replay passed; human review none; expert and regional review pending","2026-08-13","Codex","يحفظ تسلسل الاحتواء: كل ترتيب خطي جزئي، وكل جزئي مسبق، ولا تصح العكوس عمومًا"
"partial order; total order; linear order","ترتيب جزئي؛ ترتيب كلي؛ ترتيب خطي","chosen_distinctions","ترتيب تام بوصفه الرأس الوحيد؛ دمج الجزئي والكلي","الكلي والخطي اسمان مترادفان في تعريف المصدر؛ الجزئي لا يشترط قابلية كل عنصرين للمقارنة","order theory","independent source audit plus semantic self-replay passed; human review none; regional review pending","2026-08-13","Codex","حُفظ أن الترتيب الجزئي ترتيب مسبق مضاد للتناظر، وأن الخطي أو الكلي جزئي ومتصل"
"strict order; strict total order; strict linear order","ترتيب صارم؛ ترتيب كلي صارم؛ ترتيب خطي صارم","chosen_distinctions","ترتيب شديد؛ إسقاط وصف صارم من أحد المقابلين","الصارم في المصدر لا انعكاسي ولا تناظري ومتعد؛ ويضاف الاتصال للخطي أو الكلي الصارم","order theory","independent source audit plus semantic self-replay passed; human review none; expert review pending","2026-08-13","Codex","حُفظت المراسلة بين < و<= وبين subsetneq وsubseteq، ولم تعكس جهة الترتيب أو تضم الهوية في الصارم"
"comparable objects; order orientation","كائنان قابلان للمقارنة؛ اتجاه الترتيب","chosen_with_scope_warning","كائنان متساويان؛ قلب Rxy إلى Ryx","القابلية للمقارنة في الاتصال تعني صدق اتجاه واحد على الأقل عند عدم المساواة، وقد يصدق الاتجاهان إذا لم يوجد مضاد التناظر","order theory and relation orientation","independent source audit plus semantic self-replay passed; human review none; expert review pending","2026-08-13","Codex","حُفظت اتجاهات no-longer-than وsubset وdivides وinitial-segment وجميع صيغ Rxy وRyx في البراهين"
"no longer than relation; divisibility; extension relation; initial segment","علاقة لا يزيد طولًا على؛ قابلية القسمة؛ علاقة الامتداد؛ مقطع ابتدائي","chosen","أقصر من؛ القسمة؛ علاقة الإطالة؛ قطعة أولية بوصفها رؤوسًا وحيدة","لا يزيد طولًا على يسمح بتساوي الطول؛ القابلية للقسمة علاقة بين عددين؛ الامتداد يحفظ المتتالية الأولى بادئةً للثانية","orders on strings, integers, and sequences","independent source audit plus semantic self-replay passed; human review none; regional review pending","2026-08-13","Codex","حُفظت أمثلة 01 و10، واتجاها n divides m، وشرط المتتالية الخالية أو المساواة أو إضافة عناصر في النهاية"
"reflexive closure; add/remove identity diagonal","الإغلاق الانعكاسي؛ إضافة قطر الهوية أو حذفه","chosen","الإقفال الانعكاسي بوصفه الرأس الوحيد؛ تغيير الأزواج غير القطرية","الغلق الانعكاسي: مرادف إقليمي؛ R+ يساوي R union Id(A) وR- يساوي R setminus Id(A)","relations and order conversion","independent source audit plus semantic self-replay passed; human review none; expert review pending","2026-08-13","Codex","حُفظ أن الإضافة تحول الصارم إلى جزئي وتحفظ الخطية، وأن الحذف يحول الجزئي إلى صارم وتحفظ الخطية"
"orders.tex assigned well-order and extrema topics absent from pinned unit","لا مادة عن الترتيب الجيد أو العناصر الصغرى والكبرى في هذه الوحدة المثبتة","scope_mismatch_recorded","اختلاق تعريفات least أو minimal أو greatest أو maximal أو well-order","المصدر المثبت يحوي خمسة تعريفات وستة أمثلة وثلاث قضايا وبراهينها ومسألة، وينتهي بخاصية شبيهة بالامتدادية للترتيبات الخطية الصارمة","assignment versus exact pinned source scope","exact source audit verified; human review none; no target expansion permitted","2026-08-13","Codex","اتُّبع المصدر ذو التجزئة orders.tex فقط؛ تظل موضوعات الترتيب الجيد والعناصر الأقل أو الأصغر والأكبر أو العظمى لوحداتها الفعلية اللاحقة ولا تضاف هنا"
"graph; directed graph","رسم بياني؛ رسم بياني موجه","chosen","منحنى بياني؛ شبكة موجهة بوصفهما الرأسين الوحيدين","بيان ومخطط: مرادفان تقنيان إقليميان يحتاجان ربطًا بمصادر؛ الرسم هنا كائن من رؤوس وحواف لا رسم دالة أو مخطط بيانات","graph theory and relations","independent source audit plus semantic self-replay passed; human review none; regional review pending","2026-08-13","Codex","يحفظ التعريف G=(V,E) مع E subset V^2 واتجاه السهم من v1 إلى v2 عند انتماء الزوج المرتب (v1,v2) إلى E"
"node; vertex; edge","عقدة؛ رأس؛ حافة","chosen_distinctions","نقطة بوصفها الرأس الفني الوحيد؛ ضلع غير موجه في كل سياق","العقدة والرأس مترادفان بحسب المقدمة؛ الحافة الموجهة تمثل زوجًا مرتبًا في هذه الوحدة","graph theory","independent source audit plus semantic self-replay passed; human review none; regional review pending","2026-08-13","Codex","حُفظت معرفات العقد A وB وC وD مستقلة عن تسميات الرؤوس الرقمية 1 و2 و3 و4 داخل TikZ"
"isolated vertex; loop; multiple edges; directed or labeled edge","رأس معزول؛ حلقة؛ حواف متعددة؛ حافة موجهة أو موسومة","chosen","رأس منفصل بوصفه الرأس الوحيد؛ دورة بوصفها مرادفًا للحلقة الذاتية","الحلقة هنا حافة من الرأس إلى نفسه؛ تعدد الحواف بين الرأسين خاصية بنيوية مستقلة عن الوسوم","graph theory","independent source audit plus semantic self-replay passed; human review none; expert review pending","2026-08-13","Codex","يفسر الرأس 4 في الرسم الأول: هو عضو في V بلا حافة، ولذلك يختلف الرسم الأول عن الثاني رغم تطابق الحواف الظاهرة بين 1 و2 و3"
"directed graph as an explicitly based relation","الرسم الموجه علاقة مع تحديد مجموعة رؤوسها صراحة","chosen_with_semantic_guard","مساواة الرسم بالعلاقة E وحدها وحذف V","العلاقة R على X تعطي الرسم (X,R)، والرسم (V,E) يعطي العلاقة E subset V^2 مع إبقاء V جزءًا من بيانات الرسم","relations and graph theory","independent source audit plus semantic self-replay passed; human review none; expert review pending","2026-08-13","Codex","حفظ الفرق الوحيد الذي يبرزه المصدر: قد توجد رؤوس معزولة لا تظهر في E، فلا تحدد العلاقة وحدها الرسم إذا لم يثبت مجال الرؤوس"
"graphs.tex mathematical-surface count","ستة وعشرون مقطعًا بين علامتي الدولار وبيئة align* واحدة","source_count_reconciled","ادعاء سبعة وعشرين مقطع دولار؛ حذف بيئة align* من الجرد","يمكن عدها سبعة وعشرين سطحًا رياضيًا إذا عُدت بيئة align* الحاوية للرسمين سطحًا إضافيًا","source structural inventory","exact source and target token replay passed; human review none","2026-08-13","Codex","حُفظت 52 علامة دولار أي 26 مقطعًا، مع بيئة align* واحدة وصورتي tikzpicture؛ لا يوجد مقطع رياضي مفقود"
"TikZ diagram labels and geometry in graphs.tex","حفظ جميع معرفات TikZ وإحداثياته وخياراته وحوافه وتسمياته الرقمية حرفيًا","formal_surface_invariant","ترجمة معرفات A أو B أو C أو D؛ قلب right أو below؛ تغيير loop above أو اتجاه السهم","لا توجد داخل الصورتين تسمية نثرية قابلة للترجمة؛ ترجم فقط نص intertext الفاصل بينهما","diagram and mixed RTL/LTR typesetting","exact byte comparison of both tikzpicture bodies passed; visual render not run; human review none","2026-08-13","Codex","الرسم الأول يحوي D عند 4 بلا حواف؛ الثاني يحذف D فقط؛ الحلقات والحواف الأربع الأخرى متطابقة حرفيًا"
"tree; rooted tree; root","شجرة؛ شجرة ذات جذر؛ جذر","chosen","رسم شجري بوصفه الرأس الوحيد؛ أصل بدل الجذر","الشجرة هنا زوج مرتب من مجموعة وترتيب جزئي، لا الرسم وحده؛ الجذر هو العنصر الأصغر الوحيد","order theory, graph theory, and logic","independent semantic self-replay passed; human review none; expert and regional review pending","2026-08-13","Codex","حُفظ اتجاه الشكل grow'=up: العقدة r في الأسفل، والعقدتان a وb فوقها، والعقد c وd وe فوق a"
"ancestor; successor; predecessor; child; parent","سلف؛ لاحق؛ سابق؛ ابن؛ عقدة أصل","chosen_distinctions","خلف؛ تابع؛ جد بوصفها رؤوسًا وحيدة؛ قلب اتجاه السابق واللاحق","إذا أمكن بلوغ y من x صعودًا فـx سلف y؛ وإذا x<y ولا عنصر بينهما فـy لاحق x وx سابق أو أصل y","trees and strict partial orders","independent semantic self-replay passed; human review none; expert review pending","2026-08-13","Codex","حُفظت كل اتجاهات x وy والزائد z؛ لا يوحي لفظ الأصل بأن لكل عقدة سابقة، إذ تثبت القضية واحدًا على الأكثر"
"least element; minimal element; well-ordered","عنصر أصغر؛ عنصر أصغري؛ مرتب ترتيبًا جيدًا","chosen_distinctions","دمج least وminimal في أصغر؛ مرتب جيدًا أسلوبيًا بلا معنى فني","الأصغر يحقق x<=y لكل y؛ الأصغري لا يوجد عنصر أصغر منه وقد لا يكون وحيدًا؛ الترتيب الجيد يمنح كل مجموعة جزئية غير خالية عنصرًا أصغر","order theory","independent semantic self-replay passed; human review none; expert and regional review pending","2026-08-13","Codex","تعريف الشجرة يستعمل العنصر الأصغر الوحيد والجذور السفلية المرتبة جيدًا؛ لا يظهر minimal في هذه الوحدة لكنه سُجل لمنع الدمج"
"finite tree; infinite tree; finitely branching","شجرة منتهية؛ شجرة غير منتهية؛ شجرة منتهية التفرع","chosen","شجرة محدودة؛ شجرة لانهائية؛ شجرة ذات تفرع محدود بوصفها الرؤوس الوحيدة","منتهية التفرع تعني أن لكل عقدة عددًا منتهيًا فقط من اللواحق، لا أن عدد مستويات الشجرة منته","trees and computability","independent semantic self-replay passed after universal-scope hardening; human review none; regional review pending","2026-08-13","Codex","صيغ الشرط مباشرةً لكل x لتجنب قراءة ليس لكل بوصفه نفيًا للمكمم الكلي؛ الشجرة الثنائية غير المنتهية مثال منتهي التفرع"
"branch; maximal chain; subtree","فرع؛ سلسلة قصوى؛ شجرة جزئية","chosen","مسار بوصفه مرادفًا تامًا للفرع؛ شجرة فرعية بوصفها الرأس الوحيد","الفرع سلسلة قصوى لا مجرد مسار منته؛ الشجرة الجزئية من Nat* مغلقة نزولًا تحت علاقة الامتداد","trees and orders","independent semantic self-replay passed; human review none; expert review pending","2026-08-13","Codex","حُفظ شرطان: قابلية أي عنصرين في B للمقارنة، وعدم إمكان إضافة عنصر خارجي مع بقائه قابلًا للمقارنة بجميع عناصر B"
"König's lemma; weak König's lemma; computability theory","قضية K\H{o}nig المساعدة؛ الصيغة الضعيفة من قضية K\H{o}nig المساعدة؛ نظرية قابلية الحساب","chosen_with_untranslated_name_macro","مبرهنة كونيغ؛ نظرية الحسابية؛ قضية كونيغ الضعيفة بوصفها الرؤوس الوحيدة","كونيغ: نقل عربي محتمل للاسم عند ورود الاسم خارج TeX؛ أبقي ماكرو الاسم الرسمي حرفيًا داخل المصدر","logic and computability","independent semantic self-replay passed; human review none; bibliographic review pending","2026-08-13","Codex","حُفظت القضية: كل شجرة غير منتهية منتهية التفرع لها فرع غير منته؛ والحالة الضعيفة تخص الأشجار الجزئية غير المنتهية من الشجرة الثنائية"
"branch maximality variable X versus tree carrier A","حفظ X في z in X setminus B كما في المصدر","source_variable_ambiguity_preserved","التصحيح الصامت من X إلى A؛ تعريف X بلا سند","تعريف الفرع يبدأ بـT=(A,<=) وB subset A ثم يستعمل X بلا تعريف في شرط العنصر الخارجي","source notation in trees.tex","exact source audit verified; human review none; upstream correction pending","2026-08-13","Codex","القراءة الرياضية المرجحة X=A، لكن الترجمة تحفظ الصيغة الرسمية حرفيًا وتعرض الغموض في سجل القرارات"
"tree diagram parent claim versus set-theoretic predecessor proposition","حفظ فرق بالضبط في وصف الرسم وواحد على الأكثر في القضية العامة","source_scope_distinction_preserved","تقوية القضية العامة إلى وجود سابق وحيد لكل عقدة غير الجذر","الوصف المصور يقول إن لكل عقدة غير r أصلًا واحدًا بالضبط؛ التعريف العام يسمح بعقد حدية بلا سابق مباشر، والقضية لا تثبت إلا التفرد عند الوجود","tree exposition and order-theoretic scope","independent semantic self-replay passed; human review none; expert review pending","2026-08-13","Codex","لم تُستنتج الوجودية من برهان التفرد؛ حُفظت كمّيات النص في موضعيها"
"trees.tex mathematical surfaces","مئة وتسعة مقاطع دقيقة بين علامتي الدولار","source_count_verified","إضافة بيئة center أو tikzpicture إلى العدد؛ عد 218 علامة دولار كأنها 218 مقطعًا","كل سطح من 109 زوج دولار؛ لا توجد بيئة عرض رياضي مستقلة في الوحدة","source structural inventory","exact 109-of-109 source-target replay passed; human review none","2026-08-13","Codex","حُفظت جميع المقاطع والرموز بترتيبها، كما حُفظت كتلة TikZ المركزية كاملةً حرفيًا"
"trees.tex assigned leaf and path terms absent from pinned unit","لا يرد مصطلحا الورقة والمسار في الوحدة المثبتة","scope_mismatch_recorded","تسمية c وd وe أوراقًا أو إضافة تعريف للمسار بلا نص مصدر","يعرض الشكل عقدًا طرفية لكنه لا يسميها leaves، ويعرّف الفرع كسلسلة قصوى من غير تعريف path","assignment versus exact pinned source scope","exact source audit verified; human review none; no target expansion permitted","2026-08-13","Codex","حُفظت موضوعات الجذر والسلف واللاحق والسابق والفرع والترتيب؛ ولم تُخترع مادة القصد منها اختبار تمييزات غير حاضرة فعليًا"
"inverse relation; relative product","معكوس العلاقة؛ الضرب النسبي","chosen_distinctions","العلاقة العكسية بوصفها الرأس الوحيد؛ الضرب العادي أو الضرب الديكارتي","عكس العلاقة: مرادف محتمل؛ يحدد المصدر الضرب النسبي بالترتيب Rxy ثم Syz","relation algebra","independent semantic self-replay passed; human review none; expert and regional review pending","2026-08-13","Codex","حُفظ قلب الزوج المرتب في R^{-1}، وحُفظ اتجاه الوسيط y في (R mid S) من x عبر R إلى y ثم عبر S إلى z"
"restriction of a relation to A; application of a relation to A","تقييد العلاقة على A؛ تطبيق العلاقة على A","chosen_with_semantic_guard","قصر المجال وحده؛ مساواة التطبيق بتطبيق دالة أحادية القيمة","الحصر والقصر: مرادفان إقليميان محتملان؛ التطبيق هنا صورة مجموعة تحت علاقة لا يشترط أن تكون دالة","relations and set images","independent semantic self-replay passed; human review none; expert and regional review pending","2026-08-13","Codex","حُفظ أن التقييد هو R intersection A^2 فيقيد الإحداثيين، وأن التطبيق يجمع كل y الذي يرتبط به عنصر x من A"
"successor relation; predecessor relation on the integers","علاقة اللاحق؛ علاقة السابق على الأعداد الصحيحة","chosen_distinctions","علاقة الخلف؛ قلب السابق واللاحق","اللاحق والسابق متسقان مع رأسي المصطلحين المثبتين في وحدة الأشجار، مع اختلاف السياق العددي","relations and integer arithmetic","independent semantic self-replay passed; human review none; expert review pending","2026-08-13","Codex","إذا كان Sxy يكافئ x+1=y، فإن معكوسها يحقق x-1=y؛ حُفظ الاتجاهان وجميع قيم المثال"
"transitive closure; reflexive transitive closure","الإغلاق المتعدي؛ الإغلاق الانعكاسي المتعدي","chosen_distinctions","الإغلاق الانعكاسي بوصفه مرادفًا للأول؛ إسقاط وصف الانعكاسي من R*","الغلق والإقفال: بديلان إقليميان؛ R+ يضم المسارات الموجبة الطول وR* يضيف علاقة الهوية","relations and reachability","independent semantic self-replay passed; human review none; expert and regional review pending","2026-08-13","Codex","حُفظ التعريف العودي R^{n+1}=R^n mid R والاتحاد على 0<n in Nat، ثم إضافة Id(A) وحدها للانتقال إلى R*"
"R+ notation across orders.tex and operations.tex","حفظ المعنيين المحليين المتعارضين للرمز R+ كما في المصدر","cross_unit_notation_collision_preserved","توحيد R+ صامتًا إلى الإغلاق الانعكاسي أو إلى الإغلاق المتعدي في الوحدتين","تستعمل orders.tex الرمز R+ لـ R union Id(A)، بينما تعرف operations.tex الرمز نفسه بأنه اتحاد القوى R^n لكل n موجب","source notation across adjacent relation units","exact source audit and cross-unit semantic comparison passed; human review none; upstream clarification pending","2026-08-13","Codex","لم تُغيّر الترجمة أي رمز أو إحالة: يبقى R+ إغلاقًا انعكاسيًا في وحدة الترتيبات وإغلاقًا متعديًا في وحدة العمليات، ويحدد السياق المعنى"
"function","دالة","chosen","تابع؛ اقتران بوصفهما رأسين وحيدين","التابع والاقتران بديلان إقليميان يحتاجان ربطًا بمصادر؛ لا تخلط الدالة بعلاقة عامة أو بتطبيق العلاقة على مجموعة","functions and set theory","internal semantic self-check passed; human review none; expert and regional review pending","2026-08-14","Codex","اعتمد عنوان الفصل الجمع «الدوال» رأسًا عربيًا معياريًا عابرًا للأقاليم، مع إبقاء معرف الفصل fun وجميع مسارات الاستيراد كما في المصدر"
"domain; codomain; range of a function","مجال؛ مجال مقابل؛ مدى الدالة","chosen_distinctions","مجال الوصول بوصفه الرأس الوحيد لـ codomain؛ دمج المجال المقابل والمدى","المستقر: بديل إقليمي محتمل لـ codomain؛ الصورة: قريبة من المدى لكنها تخصص بحسب السياق","functions and set theory","internal semantic self-replay passed; human review none; expert and regional review pending","2026-08-14","Codex","حُفظ أن مدى f مجموعة جزئية من مجالها المقابل مؤلفة من القيم المتحققة فعلًا؛ فلا يلزم أن يساويهما، كما يبين مثال f على الأعداد الطبيعية"
"mapping; input; argument; output; value of a function","تعيين؛ مدخل؛ وسيطة؛ مخرج؛ قيمة الدالة","chosen_distinctions","تطبيق بوصفه رأسًا لكل من mapping وapplication؛ حجة بوصفها رأسًا لـ argument","المعامل والبارامتر ليسا مرادفين آليًا للوسيطة في هذا السياق؛ التعيين يصف اقتران المدخل بقيمة وحيدة","functions","internal semantic self-replay passed; human review none; expert and regional review pending","2026-08-14","Codex","حُفظت سلسلة الدلالة: عنصر المجال مدخل أو وسيطة، والعنصر المقترن به قيمة الدالة ومخرجها؛ ولم تخلط هذه المصطلحات بمجرد تطبيق علاقة قد لا تكون دالة"
"extensionality for functions","امتدادية الدوال","chosen_with_scope_guard","تساوي التعريفات النصية؛ إسقاط شرط اتحاد المجال والمجال المقابل","تكافؤ نقطي: وصف للشرط forall x f(x)=g(x)، لا رأس بديل للمبدأ","functions and extensionality","internal semantic self-replay passed; human review none; expert review pending","2026-08-14","Codex","حُفظ أن اختلاف المعادلتين لا يمنع اتحاد الدالة، وأن الاستدلال إلى f=g مشروط بأن تشترك الدالتان في المجال والمجال المقابل"
"definition by cases; exhaustive and exclusive cases","تعريف بحسب الحالات؛ حالات مستنفدة ومتنافية","chosen_distinctions","تعريف بالحالات بوصفه الرأس الوحيد؛ حالات شاملة بلا اشتراط التنافي","التعريف التجزيئي: بديل وصفي محتمل؛ الاستنفاد يغطي كل مدخل والتنافي يضعه في حالة واحدة بالضبط","function definitions","internal semantic self-replay passed; human review none; expert and regional review pending","2026-08-14","Codex","حُفظ شرطان مستقلان: كل مدخل ممكن يقع في حالة، ولا يقع أي مدخل في أكثر من حالة؛ وقد يحتاج كلاهما إلى برهان"
"function-basics examplefunext variable n versus x","حفظ اختلاف n وx كما في المصدر","source_variable_inconsistency_preserved","توحيد جميع المتغيرات صامتًا إلى n أو x","يبدأ المثال بــ g(x)=x+2-1 ثم يقول إنه عند إعطاء n تخرج g سابق لاحق لاحق x وينتهي بـ x+1","source notation in function-basics.tex","exact source audit verified; human review none; upstream correction pending","2026-08-14","Codex","لم تصحح الترجمة المتغير المخالف؛ أبقت n في عبارة المدخل وx في وصف المخرج والصيغة، لأن تبديله سيغير السطح الدلالي للمصدر"
"positive square root in a function with domain Nat","حفظ وصف الجذر التربيعي الموجب كما في المصدر","source_boundary_wording_preserved","تغيير المجال صامتًا إلى الأعداد الطبيعية الموجبة؛ استبدال positive بـ nonnegative بلا تسجيل","يعطي المصدر الدالة sqrt: Nat to Real ويقول إنها تعيد الجذر الموجب وحده، مع أن مدخل الصفر يخرج صفرًا وهو غير سالب لا موجب بالمعنى الصارم","source wording and zero boundary case","exact source audit verified; human review none; upstream clarification pending","2026-08-14","Codex","حُفظ المجال Nat ووصف الموجب والرمز كما وردت؛ القراءة الرياضية الأدق هي الجذر غير السالب، لكن الترجمة لم تصلح العبارة بلا سند"
"surjective function; surjection","دالة شاملة؛ دالة شاملة","chosen_adjective_noun_tokens","دالة غامرة؛ شمول بوصفه اسم الدالة","الصفة شاملة، أما اسم الكائن surjection فيمثله رأس كامل «دالة شاملة»؛ الغامرة بديل إقليمي يحتاج ربطًا بمصدر","functions","internal semantic self-replay passed; human review none; expert and regional review pending","2026-08-14","Codex","حُفظ التكافؤ بين الشمول ومساواة المدى بالمجال المقابل، وصيغة وجود سابق واحد على الأقل لكل y في B"
"injective function; injection","دالة متباينة؛ دالة متباينة","chosen_adjective_noun_tokens","دالة حقنية؛ حقن بوصفه الرأس الوحيد","الصفة متباينة، أما اسم الكائن injection فيمثله رأس كامل «دالة متباينة»؛ أحادية بديل محتمل قد يلتبس باستعمالات جبرية","functions","internal semantic self-replay passed; human review none; expert and regional review pending","2026-08-14","Codex","حُفظ التكافؤ بين التباين ووجود سابق واحد على الأكثر لكل y، وبين f(x)=f(y) واستلزام x=y للوسيطتين من المجال"
"bijective function; bijection; one-to-one correspondence","دالة تقابلية؛ دالة تقابلية؛ مراسلة واحد إلى واحد","chosen_adjective_noun_tokens","تقابل بوصفه اسمًا مجردًا؛ دالة تناظرية؛ مطابقة","الصفة تقابلية، أما اسم الكائن bijection فيمثله رأس كامل «دالة تقابلية»؛ مراسلة واحد إلى واحد اسم تفسيري يبرز الاقتران الوحيد بين عنصري المجال والمجال المقابل","functions","internal semantic self-replay passed; human review none; expert and regional review pending","2026-08-14","Codex","حُفظ أن الدالة التقابلية دالة شاملة ومتباينة معًا، وأن الاتجاه المعلن من A إلى B ويمكن وصفه أيضًا بأنه بين A وB"
"every function induces a surjection onto its range","كل دالة تستحث دالة شاملة إلى مداها","chosen_with_codomain_guard","القول إن كل دالة شاملة إلى مجالها المقابل الأصلي؛ تغيير قيم الدالة","لا تتغير قاعدة الإسناد f'(x)=f(x)، وإنما يستبدل المجال المقابل B بالمدى ran(f)","functions and recodomain construction","internal semantic self-replay passed; human review none; expert review pending","2026-08-14","Codex","حُفظت الدالة f':A to ran(f) واتحاد قيمها مع قيم f؛ سبب الشمول هو اختيار المدى نفسه مجالًا مقابلًا جديدًا"
"function-kinds range set-builder f(x) in B","حفظ Setabs{f(x) in B}{x in A} كما في المصدر","source_set_builder_anomaly_preserved","التصحيح الصامت إلى Setabs{f(x)}{x in A}","تعرف الوحدة السابقة المدى بالصيغة Setabs{f(x)}{x in A}، أما هذه الوحدة فتضع عبارة الانتماء f(x) in B في موضع الحد المكوّن للمجموعة","source notation in function-kinds.tex","exact source audit verified; human review none; upstream correction pending","2026-08-14","Codex","القراءة الرياضية المرجحة أن in B قيد زائد أو في غير موضعه؛ حُفظت الصيغة الرسمية حرفيًا وسُجل الفرق عن تعريف المدى السابق"
"function-kinds diagrams and directionality","حفظ اتجاه الأسهم وعلاقة المجال بالمجال المقابل في الرسوم الثلاثة","formal_asset_invariant","عكس اتجاه المجال والمجال المقابل؛ مساواة الشمول بالتباين؛ تعديل ملفات TikZ","الرسوم surjective وinjective وbijective أصول مشتركة مثبتة؛ النص والتعليقات يفسر كل رسم دون تغيير أصوله","function diagrams","exact asset hash comparison passed; human visual review none","2026-08-14","Codex","بقيت استدعاءات الأصول الثلاثة ومساراتها كما في المصدر، والأصول الموجودة في المستودع مطابقة بايتيًا للأصول المثبتة"
"graph of a function; functional relation","الرسم البياني لدالة؛ علاقة دالية","chosen_distinctions","رسم الدالة بوصفه مخططًا بصريًا؛ علاقة وظيفية بلا بيان شرطَي الكلية ووحدانية القيمة","الرسم البياني هنا العلاقة R_f الجزئية من A times B لا رسم إحداثيات؛ ودالية وصف للعلاقة التي تعرّف دالة","functions as relations","internal semantic self-replay passed; human review none; expert and regional review pending","2026-08-14","Codex","حُفظ أن R_f مجموعة الأزواج المرتبة (x,y) التي تحقق f(x)=y، وأن العلاقة تكون رسم دالة بالضبط مع وجود y لكل x ووحدانيته"
"identify a function with its graph; treat functions as sets","مماهاة الدالة برسمها البياني؛ معاملة الدوال بوصفها مجموعات","chosen_with_metaphysical_guard","القول إن الدالة ممثلة بالرسم فقط؛ تقرير هوية ميتافيزيقية غير مشروطة","المماهاة تنقل قوة identify في المصدر، ثم يقيدها الفرع السياقي بأنها ممارسة صورية ملائمة لا دعوى في ماهية الدوال","functions and foundations","internal semantic self-replay passed; human review none; philosophy review pending","2026-08-14","Codex","حُفظ فرعا oliflabeldef: عند حضور الإحالة يصرح قيد المعاملة لا الهوية الميتافيزيقية، وعند غيابها تستمر الجملة العربية نحويًا إلى إمكان إجراء عمليات العلاقات على الدوال"
"restriction and image of a function","تقييد الدالة على مجموعة؛ صورة المجموعة بالدالة","chosen_distinctions","تقييد المجال المقابل؛ مساواة صورة C بمدى f لكل C","التطبيق اسم العملية في المصدر، والصورة اسم ناتجها؛ يبقى التقييد دالة من C إلى B بالقيم نفسها","function operations","internal semantic self-replay passed; human review none; expert and regional review pending","2026-08-14","Codex","حُفظت الصيغتان (f restricted to C)(x)=f(x) وf[C]={f(x):x in C}، والنتيجة ran(f)=f[dom(f)]"
"functions-relations restriction set-builder tuple(x,y) in R_f","حفظ Setabs{tuple(x,y) in R_f}{x in C} كما في المصدر","source_set_builder_anomaly_preserved","التصحيح الصامت إلى Setabs{tuple(x,y)}{tuple(x,y) in R_f and x in C}","يضع المصدر عبارة الانتماء tuple(x,y) in R_f في موضع الحد المكوّن للمجموعة، على غرار شذوذ بنيوي آخر مسجل في function-kinds","source notation in functions-relations.tex","exact source audit verified; human review none; upstream correction pending","2026-08-14","Codex","المراد الرياضي المرجح هو تقييد رسم الدالة إلى الأزواج التي إحداثيها الأول في C؛ حُفظ السطح الرسمي الحرفي ولم تُصلح الصيغة بلا سند"
"inverse; left inverse; right inverse of a function","معكوس الدالة؛ معكوس أيسر؛ معكوس أيمن","chosen_distinctions","دالة عكسية بوصفها رأسًا وحيدًا؛ قلب وصفي الأيسر والأيمن","المعكوس الكامل يحقق الشرطين، أما الأيسر فيبطل أثر f بعد تطبيقها، والأيمن فيبطل f أثره عند تطبيقها بعده","function inverses","internal semantic self-replay passed; human review none; expert and regional review pending","2026-08-14","Codex","حُفظ الاتجاه: g(f(x))=x أي g composition f=id_A للمعكوس الأيسر، وf(h(y))=y أي f composition h=id_B للمعكوس الأيمن"
"Axiom of Choice in selecting a right inverse","بديهية الاختيار عند انتقاء معكوس أيمن","chosen_with_foundational_caveat","حذف اعتماد الاختيار؛ الادعاء أن الشمول يحدد سابقًا وحيدًا","تضمن الشمول وجود سابق واحد على الأقل لكل y، لكنه لا يضمن وحدانيته؛ يتطلب اختيار سابق من كل ليف عام بديهية الاختيار","function inverses and foundations","internal semantic self-replay passed; human review none; foundations review pending","2026-08-14","Codex","حُفظت الحاشية وفرعا oliflabeldef والحالات المستثناة الواردة: A الطبيعية أو المنتهية، وحالة الدالة التقابلية التي يكون فيها السابق وحيدًا"
"injective implies left inverse with empty domain","حفظ قضية المصدر وبرهان اختيار a من A مع تسجيل فرض المجال غير الخالي المفقود","source_empty_domain_defect_preserved","إضافة A nonempty صامتًا؛ حذف القضية؛ إنشاء دالة من B غير الخالية إلى المجموعة الخالية","إذا كانت A خالية وB غير خالية فالدالة الخالية A to B متباينة، لكن لا توجد دالة B to A؛ وتتوقف خطوة البرهان pick a in A عندئذ","source proposition and empty-set boundary case in inverses.tex","exact source audit verified; human review none; upstream correction pending","2026-08-14","Codex","حُفظت الدعوى والصيغة واختيار a in A بلا إصلاح؛ تصبح القضية صحيحة إذا كانت A غير خالية، كما تكون حالة A=B=empty سليمة"
"composition of functions; first f then g","تركيب الدوال؛ تطبيق f أولًا ثم g","chosen_with_order_guard","تأليف الدوال بوصفه الرأس الوحيد؛ قراءة comp{f}{g} على أنه f after g","التركيب comp{f}{g}=g circ f يرسل x أولًا عبر f ثم يطبق g على الناتج؛ ترتيب الرمزين في الماكرو لا يغير ترتيب التطبيق","function composition","internal semantic self-replay passed; human review none; expert and regional review pending","2026-08-14","Codex","حُفظ الاتجاه A to B to C والصيغة (comp{f}{g})(x)=g(f(x)) والمثال 2(x+1) من غير قلب ترتيب الدالتين"
"compatibility condition for composing functions","مدى f مجموعة جزئية من مجال g","chosen_subset_condition","اشتراط مساواة مدى f بمجال g؛ اشتراط مساواة المجال المقابل لـf بمجال g في الصياغة العامة","يكفي لتعريف g بعد f أن تقع كل قيمة فعلية لـf داخل مجال g؛ لا يلزم أن يستنفد مدى f مجال g","function composition and typing","internal semantic self-replay passed; human review none; expert review pending","2026-08-14","Codex","حُفظ قول المصدر إن المدى والمجال يجب أن يتوافقا، وفسر حرفيًا بشرط subset لا equality؛ وفي التعريف الخاص A to B وB to C يتحقق الشرط تلقائيًا"
"graph of a composite and relative-product orientation","رسم comp{f}{g} البياني هو R_f mid R_g","formal_orientation_invariant","قلب الضرب النسبي إلى R_g mid R_f؛ قلب التركيب إلى f circ g","يعبر الوسيط y أولًا من x بعلاقة R_f ثم من y إلى z بعلاقة R_g، موافقًا لتعريف الضرب النسبي السابق","functions as relations","internal semantic self-replay passed; human review none; expert review pending","2026-08-14","Codex","حُفظت مسألة المصدر بلا حل: graph(comp{f}{g})=R_f mid R_g، بما يطابق g(f(x)) واتجاه الأسهم A to B to C"
"partial function; total function; defined; undefined","دالة جزئية؛ دالة كلية؛ معرّفة؛ غير معرّفة","chosen_distinctions","دالة ناقصة بوصفها الرأس الوحيد؛ مساواة الكلية بالشمول؛ الخلط بين عدم التعريف وقيمة مخصوصة","الدالة الجزئية قد لا تسند قيمة إلى بعض عناصر A لكنها تسند قيمة واحدة على الأكثر حيث تُعرّف؛ والكلية معرّفة عند كل عنصر من A ولا يلزم أن تكون شاملة على B","partial functions","internal semantic self-replay passed; human review none; expert and regional review pending","2026-08-14","Codex","حُفظ السهم الجزئي pto وعلامتا fdefined وfundefined، ولم تُعامل حالة عدم التعريف بوصفها مخرجًا إضافيًا"
"serial relation inducing a total partial function","علاقة تسلسلية تستحث دالة كلية","chosen_with_quantifier_guard","علاقة متعدية؛ علاقة شاملة؛ استنتاج شمول الدالة من التسلسلية","التسلسلية هنا تعني أنه لكل x في A يوجد y في B بحيث Rxy؛ ومع وحدانية القيمة تجعل الدالة الجزئية معرّفة على A كلها، من غير اشتراط أن يبلغ المدى كل B","relations and partial functions","internal semantic self-replay passed; human review none; expert and regional review pending","2026-08-14","Codex","حُفظ اتجاه الكم من عناصر A إلى شاهد في B، والنتيجة total لا surjective"
"partial-functions domain set-builder x in A","حفظ Setabs{x in A}{f(x) fdefined} كما في المصدر","source_set_builder_anomaly_preserved","التصحيح الصامت إلى Setabs{x}{x in A and f(x) fdefined}","يضع المصدر عبارة الانتماء x in A في موضع الحد المكوّن للمجموعة وفق اصطلاح الماكرو ذي خانتي الحد والشرط، على غرار شذوذي البنّاء المسجلين في وحدتي function-kinds وfunctions-relations","source notation in partial-functions.tex","exact source audit verified; human review none; upstream correction pending","2026-08-14","Codex","حُفظت الصيغة الرسمية حرفيًا ولم تُصلح؛ والمراد الرياضي المرجح هو مجموعة عناصر A التي تكون f معرّفة عندها"
"injective partial function without a fresh definition","حفظ وصف الدالة الجزئية بأنها متباينة ضمن نطاق مجال تعريفها","source_definition_scope_implicit_preserved","اختراع تعريف جديد داخل النص؛ تطبيق شرط التباين على مدخلات غير معرّفة؛ حذف فرض التباين","تستعمل المسألة injective للدالة الجزئية من غير تعريف جديد؛ والقراءة القياسية تقارن المدخلات التي تكون الدالة معرّفة عندها، كما تقيد النتيجة الأولى x بمجال f والثانية y بمدى f","partial inverses","internal semantic self-replay passed; human review none; terminology review pending","2026-08-14","Codex","لم تضف الترجمة تعريفًا أو فرضًا؛ أبقت الوصف والشرطين g(f(x))=x على dom(f) وf(g(y))=y على ran(f) كما في المصدر"
"enumeration; countability; uncountability; enumerable","تعداد؛ قابلية العد؛ عدم قابلية العد؛ قابل للتعداد","chosen_distinctions","إحصاء بوصفه الرأس الوحيد؛ دمج قابلية العد بقابلية التعداد في كل سياق؛ غير معدود","قابل للسرد: وصف القائمة لا الرأس الفني العام؛ غير قابل للعد: صيغة وصفية مقبولة لـ uncountable بحسب السياق","set theory and cardinality","internal semantic self-replay passed; human review none; expert and regional review pending","2026-08-14","Codex","يحفظ التعداد بوصفه بنيةً تعرض عناصر المجموعة، ويميز في عنوان الموضوع بين countability وقابلية enumeration مع بقاء التعريفات الدقيقة للوحدات المستوردة حاكمة"
"elementary version; abstract version","نسخة أيسر وأقرب إلى المستوى التمهيدي؛ نسخة أكثر تجريدًا","chosen_register_contrast","نسخة بدائية؛ نسخة غامضة؛ نسخة مجردة من التفاصيل","أبسط: بديل أسلوبي؛ تمهيدية: لا تؤدي وحدها صيغة more elementary المقارنة؛ تجريدية: وصف اصطلاحي مقبول","pedagogical level and mathematical exposition","internal linguistic self-review passed; human review none","2026-08-14","Codex","تتعلق المقابلة بطريقة تعريف التعداد: قائمة أو دالة شاملة من PosInt في النسخة التمهيدية، ودالة تقابلية مع Nat في النسخة الأكثر تجريدًا، لا بدرجة صحة مختلفة"
"difference definition of enumerability","تعريف مختلف لقابلية التعداد","source_erratum","تعريف الفرق؛ تعريف الاختلاف؛ محاكاة difference بوصفها اسمًا رياضيًا","المقصود المرجح في المصدر different definition؛ الجملة تقابل تعريفين بديلين لقابلية التعداد ولا تقدم عملية فرق أو تعريفًا للفرق","source wording in size-of-sets-complete.tex","source defect verified; intended meaning translated; upstream correction pending; human review none","2026-08-14","Codex","حُفظ المعنى المقارن الصريح في السياق وترجم إلى «تعريف مختلف»، وسُجل انحراف الكلمة المصدرية بدل تصحيحها صامتًا أو اختراع مفهوم رياضي غير وارد"
"actual infinity; potential infinity","لانهاية فعلية؛ لانهاية بالقوة","chosen_historical_distinction","لانهاية حقيقية بوصفها الرأس الوحيد؛ حذف القيد الفلسفي؛ مساواة الفعلية بالمنجزة زمنيًا","الفعلية تقابل actual في التمييز المدرسي التاريخي بين اللانهاية بالفعل واللانهاية بالقوة؛ لا يقرر النص هنا نظرية مستقلة في فلسفة الرياضيات","set theory history and philosophy","internal source-bound semantic replay passed; human review none; historical terminology review pending","2026-08-14","Codex","حُفظ هدف كانتور كما يصوغه المصدر: جعل المجموعة اللانهائية واللانهاية الفعلية مستساغتين، مع نسبة عبارة التمييز إلى أهل العصور الوسطى لا إلى تعريف رياضي حديث"
"ceiling function","دالة السقف","chosen","دالة التقريب إلى أعلى بوصفها الرأس الوحيد؛ دالة الجزء الصحيح بوصفها بلا قيد","دالة الجزء الصحيح الأعلى: اسم تفسيري بديل؛ التقريب صعودًا: شرح للعمل لا رأس مختصر","integer-valued functions and enumeration of the integers","internal source-bound semantic replay passed; human review none; expert and regional review pending","2026-08-14","Codex","حُفظ الرمز lceil x rceil وشرح المصدر بأنها تقرّب x صعودًا إلى أقرب عدد صحيح، وحُفظ جدول القيم والتعريف بحسب الحالات من غير قلب للإشارات"
"enumeration of the empty set versus surjection from PosInt","القائمة الخالية تعدّد المجموعة الخالية؛ والتعداد الرسمي لغير الخالية دالة شاملة مجالها PosInt","chosen_exception_boundary","ادعاء وجود دالة من PosInt إلى المجموعة الخالية؛ حذف حالة المجموعة الخالية من تعريف قابلية التعداد","يفصل المصدر بين التعداد القائمي غير الرسمي، الذي تقبل فيه القائمة الخالية، والتعداد الدالي الرسمي المعرّف فقط عندما A لا تساوي الخالية، ثم يضم الحالتين في تعريف قابلية التعداد","enumerability and empty-set boundary","internal source-bound semantic replay passed; human review none; foundations review pending","2026-08-14","Codex","حُفظ استثناء الخلو في اتجاه القائمة إلى الدالة، وفي مسألتي الاتحاد والاحتواء، وفي جميع صيغ التكافؤ اللاحقة"
"finite initial-segment endpoint in cor:enum-nat-bij","حفظ N={0,...,n} في النتيجة وN={0,...,n-1} في البرهان","source_silent_reindex_preserved","توحيد الحدين صامتًا؛ تغيير N إلى Nat؛ اعتبار الصيغتين متناقضتين من غير مراعاة إعادة تسمية المتغير الوجودي","تعرض النتيجة مقطعًا ابتدائيًا ينتهي عند n لبعض n من Nat، بينما يصل البرهان، بعد إزاحة {1,...,n}، إلى مقطع ينتهي عند n-1؛ تتكافأ الصيغتان بعد إعادة فهرسة المتغير الوجودي لكن المصدر لا يصرح بها","finite enumerations and PosInt-to-Nat shift","exact source audit verified; internal semantic replay passed; human review none","2026-08-14","Codex","حُفظ الحرف N كما في المصدر، ولم يستبدل بـNat، وحُفظ الحد المختلف في كل موضع مع تفسير فرق الفهرسة في السجل فقط"
"there is a surjective f shorthand","إدراج الاسم العربي دالة حول الصفة مع إبقاء الرمز !!a{surjective} والصيغة f بلا تغيير","source_grammar_localized","إسقاط الرمز المصطلحي؛ تحويله صامتًا إلى !!a{surjection}؛ ترجمة شاملة بوصفها اسمًا مستقلًا","يستعمل برهان النتيجة والسؤال الختامي الصيغة الإنجليزية المختصرة there is a surjective f؛ تحتاج العربية إلى الاسم دالة لكي تعمل شاملة صفةً، من غير تغيير نوع المفتاح المصطلحي في المصدر","corollary proof and final equivalence problem in enumerability.tex","source token and formula preserved; Arabic grammar repaired transparently; human review none","2026-08-14","Codex","ورد الاسم في العربية بوصفه دعمًا نحويًا فقط؛ وبقيت جميع مواضع surjective وsurjection متمايزة بحسب مفاتيح المصدر"
"Cantor's zig-zag method; row-column orientation","طريقة كانتور المتعرجة؛ الإحداثي الأول للصف والثاني للعمود","chosen_with_orientation_guard","طريقة كانتور القطرية بوصفها الرأس الوحيد؛ قلب الصف والعمود؛ قلب ترتيب الزوج","المسار المتعرج: شرح بصري بديل؛ الحجة القطرية الكنتورية مبحث آخر ولا تستبدل اسم طريقة التعداد هنا","enumeration of Nat squared","internal source-bound semantic replay passed; human review none; expert and regional review pending","2026-08-14","Codex","حُفظت أرقام مصفوفة المسار وقائمة الأزواج حرفيًا؛ وترسل الدالة k إلى الزوج (n,m) الواقع في صف n وعمود m، مع فهم value على أنه محتوى الخانة لا قيمة الصف أو العمود منفردًا"
"ordered triples as nested pairs in the Cartesian-product identity","الثلاثية المرتبة المعروضة صفًا مسطحًا تقابل الزوج المتداخل ((n,m),k) في هوية الضرب","source_representation_distinction_preserved","تبديل التجميع إلى (n,(m,k))؛ تسوية الصيغة الرسمية المتداخلة صامتًا؛ قلب محوري Nat وNat squared","يعرض المصدر عناصر Nat cubed في المصفوفة بصيغة tuple(n,m,k)، لكنه يعرّف حاصل الضرب المتكرر رسميًا بـtuple(tuple(n,m),k) مع وسم أحد المحورين بتعداد Nat والآخر بتعداد Nat squared","finite Cartesian powers and enumeration","exact formula and array audit passed; internal semantic replay passed; human review none","2026-08-14","Codex","حُفظ ترتيب n ثم m ثم k، وحُفظت هوية الضرب وتعدادا المحورين وكل صف وعمود في المصفوفة بلا تطبيع تمثيلي"
"oliflabeldef false branch missing interword space before defined by","إدراج مسافة عربية ظاهرة قبل فرع المعرّفة كما يأتي","source_render_spacing_defect_localized","وصل الطبيعيةالمعرّفة في البناء المنفرد؛ حذف الفرع الشرطي؛ تغيير مرجع القسم","يصل المصدر كلمة numbers مباشرة بماكرو oliflabeldef ويبدأ الفرع الثالث بـdefined من غير مسافة؛ وعند غياب الوسم يتمدد النص إلى numbersdefined by لأن تعريف الماكرو لا يضيف مسافة","conditional cross-reference prose in zig-zag.tex","exact macro and branch audit verified; Arabic standalone rendering guarded; human review none; upstream correction pending","2026-08-14","Codex","أضيفت مسافة عادية داخل فرع العربية الثالث بلا إضافة أمر TeX أو تغيير الفرع ذي المرجع؛ وأصغر إصلاح للمصدر هو بدء defined by بمسافة"
"pairing function; encode; code; decode","دالة مزاوجة؛ يرمّز؛ رمز؛ يفك الترميز","chosen_distinctions","دالة اقتران بوصفها الرأس الوحيد؛ شفرة بوصفها الرأس الوحيد؛ فك التعمية","دالة ترميز الأزواج: شرح وظيفي؛ الكود: دخيل شائع لكنه ليس الرأس المختار؛ لا يتعلق decode هنا بالتعمية","arithmetical coding and pairing functions","internal source-bound semantic replay passed; human review none; expert and regional review pending","2026-08-14","Codex","تحفظ المزاوجة حقن A times B في Nat، ويمثل الرمز زوجًا واحدًا، ويعيد المعكوس الزوج من الرقم حيث يكون معرفًا"
"pairing derivation indexing and typo","حفظ شرط الصف n والعمود m وصيغة k(k+1)/2 وترجمة rather that بالمعنى المقصود","source_indexing_and_wording_defects_preserved","إضافة m>0 صامتًا؛ تغيير <k إلى <=k؛ تغيير الصيغة إلى k(k-1)/2؛ محاكاة that بدل than في العربية","لا يقيد المصدر انتقال العمود m-1 بفرض m>0، ويقول إن مجموع الأعداد الطبيعية الأصغر من k هو k(k+1)/2 مع أن الصيغة توافق الجمع حتى k، كما يكتب rather that بدل rather than","derivation of Cantor pairing code in pairing.tex","exact formulas and scopes preserved; intended typo meaning translated; human review none; upstream correction pending","2026-08-14","Codex","لم تضف الترجمة فرضًا أو تصلح عدم التطابق؛ وحفظت اتجاه الانتقال إلى الصف n+1 والعمود m-1 والقيمة v+1 ومعادلة g وقيمة الزوج (1,2)"
"cofinite definition missing subset preposition","متممة لمجموعة جزئية منتهية من Nat","source_defect_transparently_repaired_in_target","محاكاة الحذف النحوي في العربية؛ حذف التعريف الأول؛ تغيير التعريف الرسمي Nat setminus A","تقول العبارة المصدرية complement of a finite set Nat، وهي تفتقد حرف الجر أو علاقة الاحتواء بين finite set وNat؛ ويثبت السياق والتوضيح اللاحق بواسطة A subseteq Nat وNat setminus A أن المقصود مجموعة جزئية منتهية من Nat","cofinite subsets in pairing.tex problem","source defect independently identified; target grammar and intended scope made explicit; formulas preserved; human review none; upstream correction pending","2026-08-14","Codex","أصلحت العربية الحذف النحوي الظاهر من غير تغيير الصيغ أو النتيجة الرياضية، وسجلت أن هذا تصرف ترجمي مقصود لا قراءة حرفية للنص المعيب"
"inverse of an arbitrary injective pairing function called an enumeration","حفظ طلب إثبات أن معكوس f تعداد لـA times B","source_domain_and_surjectivity_defect_preserved","توسيع المعكوس صامتًا إلى كل Nat؛ إضافة شمول f؛ استبدال enumeration بbijection مع ran(f)","تعريف دالة المزاوجة لا يشترط إلا حقن f من A times B في Nat؛ ومن ثم يكون المعكوس الطبيعي معرفًا على ran(f) فقط، لا على كل Nat أو PosInt كما يتطلب تعريف التعداد، ما لم يضف امتداد أو فرض شمول مناسب","final inverse problem in pairing.tex","exact problem preserved; mathematical defect verified; human review none; upstream correction pending","2026-08-14","Codex","لم تضف الترجمة قيدًا أو حلًا؛ وأبقت نوع f ولفظ المعكوس والتعداد ومجاله الهدف كما في المصدر"
"ordinal suffix in (n+m)^text{th}","الرتبة (n+m) مع إبقاء اللاحقة الاصطلاحية th داخل صيغة المصدر","source_notation_intentionally_retained","تعريب th داخل الصيغة مع كسر تطابقها؛ تركها بلا تفسير بوصفها تسربًا إنجليزيًا؛ حذف معنى الرتبة من النثر","اللاحقة th نص إنجليزي داخل صيغة رياضية، لكن المصدر يستعملها كوسم ترتيبي اصطلاحي؛ يصرح النثر العربي بكلمة الرتبة قبل الصيغة، فتبقى اللاحقة أثرًا ترميزيًا معلومًا لا نثرًا بديلًا","Cantor pairing derivation in pairing.tex","exact formula surface retained; Arabic semantic carrier explicit; human review none; typography review pending","2026-08-14","Codex","القرار مقصود لحفظ الصيغة المصدرية حرفيًا؛ ويمكن في طبعة تعريب ترميزي لاحقة استبدالها بوسم عربي بعد اعتماد قاعدة موحدة من دون تغيير المعنى"
"enumeration place; array cell; partial inverse","موضع في التعداد؛ خانة في المصفوفة؛ معكوس جزئي","chosen_contextual_distinctions","رتبة بوصفها بديلًا وحيدًا للموضع؛ خلط الخانة بالزوج؛ اعتبار المعكوس الجزئي دالة كلية","الموضع رقم عنصر الزوج في التعداد، والخانة موقع بصري في المصفوفة؛ وإذا لم يكن الترميز شاملًا فلا يعرف المعكوس إلا على المدى ويكون دالة جزئية","alternative pairing enumeration and inverse","internal source-bound semantic replay passed; human review none; expert and regional review pending","2026-08-14","Codex","حُفظ الانتقال من المواضع الموجبة إلى الرموز الطبيعية بطرح واحد، وفُصلت خانات العرض عن مجال المعكوس"
"second inserted pair stated as (0,2) but first array places (0,1) second","حفظ الزوج الثاني المذكور (0,2) وحفظ صف المصفوفة الذي يضع (0,1) في الموضع الثالث","source_prose_table_conflict_preserved","تغيير الزوج المنثور صامتًا إلى (0,1)؛ تغيير ترتيب المصفوفة؛ إعادة ترقيم المواضع","يقول النثر إن الزوج الثاني هو (0,2)، بينما تعرض المصفوفة الأزواج (0,0)، ثم (0,1)، ثم (0,2) في المواضع الفردية؛ كما تؤيد الصيغة اللاحقة 2m+1 ترتيب المصفوفة","first insertion step and first array in pairing-alt.tex","exact prose formulas and complete array preserved; mathematical conflict independently verified; human review none; upstream correction pending","2026-08-14","Codex","لم تصلح العربية التعارض؛ وأصغر إصلاح مرشح للمصدر هو استبدال (0,2) الأول بـ(0,1) بعد مراجعة مالك المصدر"
"repeated (2,m), (2,m) in row-insertion prose; place that still remain","حفظ تكرار (2,m)، (2,m)؛ ترجمة العبارة النحوية إلى المواضع التي لا تزال فارغة","source_sequence_defect_preserved_and_grammar_localized","استبدال التكرار صامتًا بـ(3,m)؛ حذف إحدى الصيغتين؛ محاكاة عدم المطابقة النحوية في العربية","بعد إدراج صفي الإحداثيين الأولين 0 و1، يكرر المصدر (2,m) مرتين قبل etc، مع أن المصفوفة المكتملة تعرض أيضًا (3,0)؛ ويكتب place that still remain بدل places that still remain","successive row insertion in pairing-alt.tex","exact tuple surfaces and all arrays preserved; intended source grammar translated; human review none; upstream correction pending","2026-08-14","Codex","حُفظ التكرار الرياضي كما ورد، أما خطأ العدد النحوي فصيغ بالعربية السليمة وسُجل بدل استنساخه"
"j codomain Nat positive in declaration but Nat in concluding type","حفظ j من Nat squared إلى Nat positive في التعريف، وحفظ وصفها لاحقًا من Nat squared إلى Nat","source_codomain_mismatch_preserved","توحيد المجال المقابل صامتًا إلى Nat positive؛ تغيير الصيغة 2^n3^m؛ حذف وصف التباين","يعلن المصدر j colon Nat squared to Nat positive ثم يقول في الجملة الختامية إنها دالة متباينة Nat squared to Nat؛ الاحتواء الطبيعي يجعل الوصف الثاني ممكنًا بعد تركيب التضمين، لكنه ليس النوع المعلن نفسه","final example in pairing-alt.tex","exact two type surfaces, formula, and injective token preserved; human review none; upstream clarification pending","2026-08-14","Codex","لم توحد العربية المجالين المقابلين ولم تفترض تحويلًا صامتًا؛ بقي الفرق ظاهرًا وقابلًا للتدقيق"
"enumerable; non-enumerable","قابلة للتعداد؛ غير قابلة للتعداد","chosen_morphological_pair","قابلة للعد وغير قابلة للعد بوصفهما الرأسين الوحيدين؛ غير معدودة؛ إدخال أداة تعريف داخل الرمز","يحافظ الزوج المختار على التقابل الصرفي والمنطقي، ويصلح خبرًا وصفةً لمجموعة أو لمجموع غير عاقل؛ وتبقى قابلية العد مرادفًا بحثيًا يحتاج ملف aliases إقليميًا","cardinality and diagonal arguments","token closure and source-bound semantic replay passed; human review none; expert and regional review pending","2026-08-14","Codex","أضيف رمز nonenumerable بصيغته العربية اللازمة للمفرد والجمع والموضع ذي الحرف الكبير، من غير أداة تنكير أو كلمة Sets إنجليزية في العنوان"
"diagonal method; diagonalization; diagonal argument","طريقة كانتور القطرية؛ الاستدلال القطري؛ حجة قطرية","chosen_contextual_family","القطرنة بوصفها الرأس الوحيد؛ خلط الاستدلال القطري بقطرنة المصفوفات في الجبر الخطي؛ قلب اتجاه التغيير","الطريقة تبني عنصرًا خارج كل قائمة بتغيير المدخل القطري؛ والاستدلال اسم للحيلة البرهانية العامة التي لا تستلزم وجود مصفوفة فعلية","non-enumerability proofs for binary sequences and power sets","internal source-bound polarity replay passed; human review none; expert and regional review pending","2026-08-14","Codex","حُفظ تغيير 0 إلى 1 و1 إلى 0، والتكافؤ n in Zbar iff n notin Zn، وعدم مساواة كل حد قطري"
"one way infinite; Diagonalization need not; leaving out ... and include","قائمة لا نهائية أحادية الاتجاه؛ لا يلزم أن يتضمن الاستدلال القطري؛ مع حذف وإدراج","source_wording_defects_and_valid_need_not_distinguished","ادعاء أن need يحتاج needs في البناء need not؛ محاكاة غياب الواصلة أو عدم التوازي في العربية؛ تغيير الكم أو العضوية لإصلاح النحو","تفتقد one way infinite الواصلة المتوقعة أو صياغة أوضح، وينكسر التوازي في leaving out ... and include بدل including؛ أما Diagonalization need not involve فبناء إنجليزي سلبي شبه جهوي صحيح نحويًا ولا يحتاج needs","exposition and final array interpretation in non-enumerability.tex","actual source wording defects recorded; false-positive grammar claim rejected; target Arabic grammatical; all formulas and polarities preserved; human review none; upstream correction pending","2026-08-14","Codex","صيغت العربية السليمة بوضوح؛ وترجم need not ترجمة صحيحة إلى لا يلزم أن يتضمن من غير وصم البناء الإنجليزي الصحيح بأنه خطأ"
"binary diagonal flip; power-set diagonal complement","قلب القيمة القطرية؛ متممة العضوية القطرية","formal_polarity_guard","نسخ القطر بدل قلبه؛ عكس جهة التكافؤ؛ حذف النفي؛ الخلط بين الصف n والعمود k","في البرهان الأول تعرف sbar(n)=1-s_n(n)، وفي الثاني يعرف Zbar بالعناصر n التي لا تنتمي إلى Z_n؛ وبذلك يختلف الكائن المبني عن الحد ذي الرتبة المطابقة","Cantor diagonal constructions","exact 0/1 cases, set-builder, membership, inequality, and quantifier audit passed; human review none","2026-08-14","Codex","حُفظت كل مواضع in وnotin والمساواة وعدم المساواة، وحُفظ اختيار n=k في كلا البرهانين؛ وعُرّبت if داخل نص الحالتين مع إبقاء قيمتي الحالتين والشرطين"
"reduction; reduce enumeration of B to enumeration of A","اختزال؛ اختزال تعداد B إلى تعداد A","chosen_direction_guard","عكس اتجاه الاختزال؛ اشتراط دالة شاملة B إلى A؛ مساواة الاختزال بالتضمين وحده","يحوّل الاختزال هنا أي تعداد لـA إلى تعداد لـB بواسطة دالة شاملة A إلى B؛ ويعطي الحقن B إلى A المسار المكافئ عبر المدى والمعكوس الجزئي","enumerability reductions","internal source-bound direction replay passed; human review none; expert review pending","2026-08-14","Codex","حُفظ اتجاه الدالة الشاملة A to B واتجاه الدالة المتباينة B to A، وحُفظ الاستدلال العكسي من عدم قابلية B إلى عدم قابلية A"
"undefined s_k in characteristic-sequence definition","حفظ s_k في تعريف f(Z) من غير إدخال قيمة لـk","source_undefined_identifier_preserved","استبدال s_k صامتًا بـs_Z أو f(Z)؛ اختراع k تابع لـZ؛ حذف الصيغة","يقول المصدر إن f(Z) هي المتتالية s_k ثم يستعمل s_k(n)، لكن لا يعرّف k ولا يحتاج البرهان إلى فهرس قائمة في هذا الموضع؛ المقصود على الأرجح المتتالية المميزة لـZ","indicator map from Pow(PosInt) to Bin^omega","exact identifier and membership conditions preserved; human review none; upstream correction pending","2026-08-14","Codex","لم تصلح العربية المعرّف؛ وحُفظ الشرط s_k(n)=1 iff n in Z وشرط الصفر وإثبات الشمول"
"finite zero string assigned codomain Bin^omega","حفظ h(n) كسلسلة منتهية من n أصفار مع حفظ h من PosInt إلى Bin omega","source_codomain_defect_preserved","إضافة ذيل لانهائي صامتًا؛ تغيير المجال المقابل إلى Bin star؛ حذف المثال؛ تحويل underbrace إلى متتالية لانهائية","يعرض underbrace عددًا منتهيًا من الأصفار قدره n، فلا يكون الناتج عنصرًا في مجموعة المتتاليات الثنائية اللانهائية Bin omega كما يصرح النوع؛ ومع ذلك يستعمله المصدر مثالًا على ضرورة الشمول","reduction direction warning in reduction.tex","exact h type, underbrace, n, zero symbol, and enumerability claim preserved; Arabic text label localized; human review none; upstream correction pending","2026-08-14","Codex","عُرّبت العبارة داخل text من n 0's إلى عددها n من 0 من غير إصلاح طول السلسلة أو المجال المقابل"
"header chapter comment says sets under size-of-sets path and siz identifier","حفظ التعليق Chapter: sets مع تسجيل تعارضه مع المسار size-of-sets والمعرّف siz","source_routing_metadata_mismatch_preserved","تغيير التعليق صامتًا إلى size-of-sets؛ تغيير olfileid؛ نقل الملف؛ حذف تعليق التوجيه","يقع الملف في content/sets-functions-relations/size-of-sets/reduction.tex ويستعمل olfileid sfr/siz/red، بينما يصرح تعليق الرأس Chapter: sets؛ التعليق بيانات توجيه مصدرية ينبغي ألا تصلحها الترجمة منفردة","routing header of reduction.tex","exact three source comments and olfileid preserved; human review none; upstream correction pending","2026-08-14","Codex","بقي التعليق المعيب ظاهرًا للمقارنة المصدرية، وأضيف [ar] فقط إلى معرّف وحدة القارئ بحسب عقد اللغة"
"equinumerous; equinumerosity","متساوية عددًا؛ التساوي العددي","chosen_distinction","متكافئة بوصفها الرأس الوحيد؛ مساواة المجموعتين عنصرًا بعنصر؛ الخلط بين حجم المجموعة واحتوائها","تتساوى مجموعتان عددًا إذا وجدت بينهما دالة تقابلية، سواء أكانتا منتهيتين أم لا؛ ويفصل الرأس المختار بين هذا المفهوم وبين علاقة التكافؤ التي يثبتها النص","bijections and cardinal comparison","internal source-bound definition and equivalence replay passed; human review none; expert and regional review pending","2026-08-14","Codex","حُفظ الرمز cardeq وتعريف وجود تقابل والانعكاسية والتناظر والتعدي من غير اختزال التساوي العددي إلى تساوي المجموعتين؛ واتسق رأس التناظر مع وحدات العلاقات العربية السابقة"
"composition order in comp{g}{f}","تركيب g ثم f، أي f بعد g","formal_direction_guard","قراءة comp{g}{f} بوصفه g بعد f؛ قلب مجالي A وB؛ تغيير ترتيب وسيطي الماكرو","يؤكد المصدر أن comp(g,f)(n)=f(g(n))؛ وفي برهان التعدي يرسل comp(f,g) العنصر من A إلى C بتطبيق f ثم g","equivalence and enumerability-transfer proofs","exact composition macros, types, and displayed equality preserved; human review none","2026-08-14","Codex","حُفظ comp{g}{f}=f circle g في فرعي البرهان، وحُفظ comp{f}{g}=g circle f في إثبات التعدي"
"g(x)=y in both empty-set subarguments although f:A to B is the relevant bijection","حفظ g(x)=y في فرعي oliflabeldef مع تسجيل أن f(x)=y هو التعبير المتوافق مع الأنواع","source_wrong_function_and_domain_defect_preserved_twice","التصحيح الصامت إلى f(x)=y؛ تغيير x إلى مجال g؛ حذف حجة المجموعة الخالية؛ إصلاح فرع واحد فقط","في كلا الفرعين يفترض النص y in B وx in A ثم يكتب g(x)=y؛ لكن g مجاله PosInt في الفرع الأول، ومجاله Nat أو قطعة ابتدائية في الثاني، أما التقابل f:A to B فهو الذي ينبغي أن يصل x إلى y","empty-set case in both conditional proof branches of equinumerous-sets.tex","exact duplicated g identifier, x/y memberships, branch structure, and formulas preserved; human review none; upstream correction pending","2026-08-14","Codex","لم تصلح العربية أي فرع ولم تخف التكرار؛ ويقترح سجل المصدر أصغر تعديل مستقل وهو g إلى f في الموضعين بعد مراجعة المنبع"
"Frege waiter knives-and-plates comparison","مثال فريغه للنادل والسكاكين والصحون","source_attribution_preserved","حذف الاقتباس؛ تعميم المثال بلا نسبة؛ تحويل المطابقة المكانية إلى عد صريح","يبين المثال تساوي العدد بإقامة تقابل واحد لواحد من غير عد، وهو المدخل الحدسي للتعريف الصوري اللاحق","equinumerosity motivation","citation command, section locator, objects, one-to-one correlation, and spatial relation preserved; human review none","2026-08-14","Codex","حُفظت الإحالة Frege1884 والموضع section 70 داخل citep، وترجم الاقتباس إلى نثر عربي صريح من غير ادعاء نص عربي قانوني"
"initial sequence of natural numbers; initial segment of it","مقطع ابتدائي من الأعداد الطبيعية؛ مقطع ابتدائي منها","source_wording_slip_transparently_normalized","ابتكار مفهوم متتالية ابتدائية مستقل؛ ترجمة sequence حرفيًا هنا؛ تغيير مجال g أو صيغة Nat","يقول الفرع أولًا initial sequence، ثم يقول في الفرع نفسه initial segment of it، كما يستعمل التعريف البديل مصطلح initial segment؛ لذلك sequence زلة صياغية لا مفهوم رياضي مغاير","alternate enumeration branch in equinumerous-sets.tex","source wording comparison completed; target terminology aligned with existing Arabic initial-segment usage; formulas preserved; human review none; upstream clarification pending","2026-08-14","Codex","طُبّع الموضعان إلى مقطع ابتدائي بشفافية، وبقي مجال g وصيغة Nat وبنية الفرع الشرطي بلا تغيير"
"no larger than; smaller than; cardle; cardless","لا تزيد حجمًا على؛ أصغر حجمًا من؛ cardle؛ cardless","chosen_cardinal_order_heads","أكبر أو يساوي مع قلب الاتجاه؛ مساواة cardless بعدم الاحتواء؛ خلط ترتيب الأحجام باحتواء المجموعات","يرمز cardle إلى وجود دالة متباينة من المجموعة الأولى إلى الثانية، ويرمز cardless إلى ذلك مع انتفاء أي دالة تقابلية بينهما","cardinal comparison","exact injection directions, comparison symbols, and negated equinumerosity replay passed; human review none; expert and regional review pending","2026-08-14","Codex","حُفظ اتجاه A to B في التعريفين، وحُفظت الانعكاسية والتعدي والتناظر المنفي واللاانعكاسية وفق رؤوس العلاقات العربية السابقة"
"Cantor power-set diagonal; formal text iff/and","قطر مجموعة القوى؛ إذا وفقط إذا؛ و","formal_polarity_and_language_guard","قلب in وnotin؛ تغيير A to Pow(A)؛ ترك iff وand إنجليزيتين في نص القارئ؛ إصلاح فرع دون الآخر","يبني البرهان المجموعة التي تضم x بالضبط عندما لا ينتمي x إلى g(x)، فتفلت من مدى كل دالة A to Pow(A)؛ وتعرض الفروع الصياغة المفصلة والسريعة والمقارنات اللاحقة","Cantor theorem and injection problem","all membership polarities, set-builders, comparison symbols, refs, and conditional branches audited; human review none","2026-08-14","Codex","عُرّبت عبارتا iff داخل العرض وand داخل باني المجموعة مع إبقاء أوامر text وجميع الرموز والاتجاهات والسطوح الرياضية الأخرى"
"for each x in Abar in slow Cantor branch","حفظ لكل x ينتمي إلى Abar مع تسجيل أن النطاق اللازم هو لكل x ينتمي إلى A","source_quantifier_domain_defect_preserved","التصحيح الصامت إلى x in A؛ حذف الاستنتاج؛ تغيير تعريف Abar؛ إصلاح الفرع السريع بدل البطيء","يبدأ البرهان باختيار x اعتباطيًا من A لإثبات Abar لا تساوي g(x)، لكنه يلخص النتيجة بعد ذلك لكل x in Abar؛ هذا القيد الأضيق لا يكفي وحده لنفي وجود Abar في مدى g عند وسيط خارج Abar","slow conditional proof branch in comparing-size.tex","exact erroneous domain, equivalence polarity, arbitrary-x setup, and conclusion preserved; human review none; upstream correction pending","2026-08-14","Codex","لم توسع العربية الكم صامتًا؛ وأصغر إصلاح منبعي مرشح هو استبدال overline A بـA في عبارة for each فقط"
"nonenumerable iff Nat is strictly smaller; strict-order transitivity called clear","تكافؤ عدم القابلية للتعداد مع Nat أصغر حصرًا؛ وصف تعدي الترتيب الصارم بالوضوح","implicit_foundational_and_dependency_assumptions","إدخال مسلمة الاختيار في النص؛ حذف التكافؤ؛ ادعاء برهان مستقل عن شرودر-برنشتاين؛ تغيير الرموز","يتطلب اتجاه عدم قابلية A للتعداد إلى وجود حقن Nat في A أن تكون كل مجموعة لا نهائية ديدكندية اللانهاية، وهو غير مضمون في ZF بلا اختيار مناسب؛ كما يعتمد البرهان المعتاد لتعدي cardless من تعريف الحقن ونفي التقابل على مبرهنة كانتور-شرودر-برنشتاين","cardinal-order exposition before Cantor theorem","formulas and claims preserved verbatim; foundational assumptions not stated in source; human review none; expert foundations review pending","2026-08-14","Codex","سُجل الاعتماد ولم تضف العربية فرض اختيار أو إحالة جديدة، ولم تضعف أو تقوّ الادعاءين"
"Schröder-Bernstein theorem; source TeX diaeresis spelling","مبرهنة شرودر–برنشتاين","localized_proper_name_head","إبقاء أوامر التشكيل اللاتيني السبعة كنص قارئ؛ إضافة كانتور إلى الاسم في هذه الوحدة؛ الخلط مع مبرهنة كانتور القطرية","صيغة كانتور–شرودر–برنشتاين مرشح تسمية بديلة يحتاج إلى توثيق عربي مستقل؛ يحفظ هذا الموضع اسم المصدر الثنائي وترتيبه، مع شرطة وصل طباعية عربية الاتجاه","cardinal comparison and equinumerosity","all seven reader-facing name occurrences localized consistently; human review none; Arabic bibliographic review pending","2026-08-14","Codex","أزيلت أوامر TeX الخاصة بكتابة o ذات النقطتين لأنها جزء من تهجئة الاسم اللاتينية في النص المصدر لا من البنية الصورية؛ وبقيت الملصقات والمراجع والمعرفات اللاتينية ثابتة"
"routing metadata: Chapter sets under size-of-sets path and siz file id","حفظ تعليق Chapter: sets مع مسار size-of-sets ومعرف siz كما في المصدر","source_routing_metadata_mismatch_preserved","التصحيح الصامت لتعليق Chapter إلى size-of-sets؛ تغيير معرف الملف أو مسار الإحالة؛ ملء الفرع الشرطي الفارغ","تعليق الرأس يصرح Chapter: sets بينما الملف واقع في size-of-sets ويحمل olfileid sfr/siz/sb؛ ويحيل فرع الإثبات المشروط صراحة إلى sfr/cardinals/card-sb مع فرع بديل فارغ","source routing comments and delayed-proof conditional","exact header comments, route key, olref components, empty conditional group, and inline percent boundary preserved; human review none; upstream metadata review pending","2026-08-14","Codex","سُجل عدم الاتساق بوصفه بيانات توجيه منبعية، ولم تعد العربية كتابة التعليق أو تبدل مسار الإثبات المؤجل"
"We can specify finite set is by simply enumerating its elements","يمكننا تحديد مجموعة منتهية بمجرد تعداد عناصرها","source_grammar_defect_translated_grammatically","محاكاة is الزائدة في العربية؛ حذف فعل التحديد؛ تغيير المقصود إلى تعريف قابلية التعداد","تحتوي العبارة المصدرية على is زائدة بعد set؛ والمقصود من السياق والصيغة التالية هو تحديد مجموعة منتهية بسرد عناصرها","opening exposition in enumerability-alt.tex","source wording defect verified; intended proposition translated grammatically; formulas and glossary surfaces preserved; human review none; upstream correction pending","2026-08-14","Codex","أصغر تعديل منبعي مرشح هو حذف is وحدها؛ ولم تغيّر العربية أي رمز أو فرض التمايز اللاحق"
"initial segments of Nat; initial set of natural numbers","مقاطع ابتدائية من الأعداد الطبيعية؛ مقطع ابتدائي من الأعداد الطبيعية","source_wording_variation_linguistically_normalized","نسخ initial set حرفيًا إلى مجموعة ابتدائية؛ اختراع فرق صوري بين مفهومين؛ تغيير مجال الدالة","تستعمل الملاحظة التحريرية المصطلح القياسي initial segments بين قوسين، ثم يستعمل التعريف initial set؛ يدل السياق في الحالتين على مفهوم المقطع الابتدائي نفسه من Nat","set-theoretic enumeration domain","source wording variation audited and normalized to the established Arabic headword; exact common formal carrier preserved; human review none; terminology review pending","2026-08-14","Codex","طُبّع الموضعان لغويًا إلى مقطع ابتدائي اتساقًا مع الرأس العربي المثبت، وسُجل اختلاف عبارتي المصدر هنا بدل اختراع مفهوم ثالث"
"first n natural numbers 0 through n-1; initial domain 0 through n","الأعداد الطبيعية n الأولى من 0 إلى n-1؛ المجال الابتدائي من 0 إلى n","source_endpoint_presentation_preserved","توحيد الحدين صامتًا؛ حذف n-1؛ اعتبار العرضين متناقضين من غير إعادة فهرسة","يعرض التمهيد أول n عدد طبيعي بالصيغة {0,...,n-1}، بينما يعرّف التعداد على مجال من الشكل {0,...,n}؛ الصيغتان تصفان مقاطع منتهية مع اختلاف تسمية طول المقطع","finite set-theoretic enumerations","exact n, n-1, braces, range and domain formulas preserved; human review none; expert review pending","2026-08-14","Codex","لم تُبدّل العربية نقطة النهاية ولم تضف مساواة بين المتغيرين؛ بقي لكل موضع عرضه المصدرّي نفسه"
"ceiling rounds x up to the nearest integer","دالة السقف تقرّب x صعودًا إلى أقرب عدد صحيح","source_prose_imprecision_preserved","تصحيح nearest صامتًا إلى least integer greater than or equal to x؛ تغيير رمز السقف؛ قلب إشارات جدول التعداد","وصف nearest غير دقيق عمومًا لأن السقف هو أصغر عدد صحيح لا يقل عن x لا أقرب عدد صحيح؛ غير أن الصيغة وجدول القيم والتعريف بحسب الحالات يحدد المقصود","integer enumeration by the ceiling function","exact ceiling formula, alternating signs, table values, and case split preserved; human review none; upstream clarification pending","2026-08-14","Codex","حُفظ وصف المصدر في نثر القارئ وسُجل الاعتراض هنا؛ أصغر إصلاح منبعي هو استبدال nearest بوصف حدّي دقيق"
"enumerations-alt section key; enm-alt file id; enm reference alias","حفظ enumerations-alt وenm-alt وإحالة enm كلًّا في موضعه","source_routing_aliases_preserved","توحيد جميع المفاتيح إلى enm-alt؛ تغيير olfileid أو olref؛ حذف تعليقات الرأس","يصرح تعليق القسم enumerations-alt ويحمل الملف المعرف sfr/siz/enm-alt، بينما تحيل الملاحظة التحريرية إلى القسم الآخر بالمفتاح المختصر enm لعرض التعريف البديل","routing and cross-section reference in enumerability-alt.tex","exact three source comments, file id components, one reference and target locale option preserved; human review none","2026-08-14","Codex","أضيف [ar] فقط إلى olfileid بموجب عقد اللغة؛ وبقيت مفاتيح المصدر ومساراتها الدلالية من غير إعادة تسمية"
"malformed oliflabeldef around the binary-sequence footnote","حفظ بنية oliflabeldef المعيبة والحاشية والفرع الفارغ والنثر اللاحق بترتيب المصدر","source_conditional_grouping_defect_preserved","إعادة تجميع وسائط الماكرو صامتًا؛ نقل الحاشية خارج الشرط؛ اختراع وسيط ثالث؛ حذف الفرع الفارغ","لا يقدم الموضع بعد مفتاح الإحالة سوى مجموعة صريحة عليا واحدة تضم الحاشية ثم المجموعة الفارغة ثم النثر اللاحق، ولا يقدم وسيطًا ثالثًا صريحًا؛ ويظل سلوكه تابعًا لحالة الملصق وتفسير TeX للرمز التالي","conditional footnote after the informal description of Bin omega","exact brace nesting, footnote command, empty group, reference, and trailing prose order preserved; no unit build yet; human review none; upstream correction pending","2026-08-14","Codex","لم تعالج العربية تجميع الوسائط ولم تخف العيب؛ عُرّب فقط متن الحاشية والنثر القارئ داخل البنية المصدرية نفسها"
"nonenumerable means there is no bijection from Nat to A","حفظ الادعاء بأن عدم قابلية A للتعداد يعني عدم وجود دالة تقابلية من Nat إلى A","source_definition_overstatement_preserved","إضافة شرط لا نهائية A صامتًا؛ استبدال الادعاء بتعريف المقاطع الابتدائية؛ حذف التكافؤ؛ تغيير Nat","وفق التعريف البديل تكون المجموعات المنتهية، ومنها الخالية، قابلة للتعداد مع أنها لا تقبل دالة تقابلية من Nat؛ لذلك لا يصح هذا التوصيف لمجموعة A اعتباطية من دون قيد إضافي","opening explanation of non-enumerability-alt.tex","exact Nat-to-A direction, bijection token, negation, and surrounding exhaustion claim preserved; human review none; upstream correction pending","2026-08-14","Codex","لم تضف العربية فرض اللانهاية ولم تصلح التعريف في النثر؛ بقي تعريف الوحدة المحال إليه هو المرجع الصوري"
"any enumeration of a subset followed by a Nat-indexed infinite list","حفظ كم أي تعداد لمجموعة جزئية ثم القائمة s_0 وs_1 إلى ما لا نهاية","source_enumeration_scope_mismatch_preserved","تقييد المجموعة الجزئية صامتًا بأنها لا نهائية؛ استبدال enumeration بسرد اعتباطي؛ حذف الفهارس؛ توسيع القائمة المنتهية دوريًا","يشمل تعريف التعداد البديل تعدادات المجموعات المنتهية والخالية، بينما يفترض البرهان فورًا قائمة مفهرسة بجميع n في Nat؛ الحجة اللازمة لنفي الشمول يمكن صياغتها لدالة Nat إلى المجموعة، لكن المصدر لا يصرح بهذا التحويل هنا","first diagonal proof premise","exact subset scope, s_0/s_1/s_2 list, all-n quantifiers, and omission conclusion preserved; human review none; upstream clarification pending","2026-08-14","Codex","ترجمت العربية enumeration إلى تعداد وفق الرأس المثبت، من غير إدخال قيد لا نهائي أو إصلاح مسار البرهان صامتًا"
"s_n(m) called the nth digit of the mth string but placed in row n column m","وصف s_n(m) بأنه الرقم ذو الرتبة n من السلسلة ذات الرتبة m ثم وضعه في الصف n والعمود m","source_row_column_index_reversal_preserved","قلب n وm صامتًا في الجملة الأولى؛ قلب المصفوفة؛ تغيير جميع صيغ s_n(m)؛ ادعاء اتساق الموضعين","تعرض المصفوفة والصياغة اللاحقة s_n بوصفها السلسلة ذات الرتبة n وm بوصفه موضعها، لكن الجملة التمهيدية تعكس هذين الدورين؛ أصغر إصلاح منبعي مرشح هو تبديل nth وmth في تلك الجملة وحدها","binary-sequence diagonal array","exact s_n(m), row n, column m, array geometry, and later s_n(n) diagonal preserved; human review none; upstream correction pending","2026-08-14","Codex","حُفظ العكس النصي عمدًا في العربية ولم تُعكس المصفوفة بصريًا في سياق RTL"
"change every 1 to 0 and every 1 to 0","تغيير كل 1 إلى 0 وكل 1 إلى 0","source_duplicate_flip_prose_preserved","تصحيح التغيير الثاني صامتًا إلى 0 نحو 1؛ تعديل تعريف الحالات ليتبع النثر المعيب؛ حذف أحد الشقين","يكرر النثر الاتجاه نفسه مرتين، بينما يعرّف العرض التالي القلب الصحيح: d(n)=1 إذا كان s_n(n)=0 وd(n)=0 إذا كان s_n(n)=1؛ أصغر إصلاح منبعي هو استبدال 1 الأولى في الشق الثاني بـ0 و0 الأخيرة بـ1","binary diagonal construction","exact duplicated prose values and exact opposite case formula both preserved; polarity replay passed; human review none; upstream correction pending","2026-08-14","Codex","لم تصلح العربية نثر المصدر ولم تفسد الصيغة الصحيحة؛ وسجلت التعارض بحيث لا يلتبس الحفظ بالموافقة الرياضية"
"iff if in the power-set array explanation","إذا وفقط إذا كان","source_duplicate_word_transparently_normalized","محاكاة iff if بتكرار الشرط في العربية؛ حذف أحد اتجاهي التكافؤ؛ تغيير m in N_n؛ ترك iff إنجليزية","يكرر المصدر if بعد iff في جملة واحدة؛ المقصود النحوي والرياضي الواضح هو iff وحدها، أي إذا وفقط إذا، مع بقاء شرط العضوية نفسه","power-set diagonal array explanation","duplicate reader-facing word normalized; exact m, n, row, column, membership polarity, array, and formulas preserved; human review none; upstream correction pending","2026-08-14","Codex","طُبّع التكرار النحوي في النثر العربي بشفافية ولم يُعدّ ذلك تصحيحًا للصيغة أو للكم"
"final function list starts f_1 although the functions have domain Nat","حفظ القائمة f_1 وf_2 مع المجال Nat","source_zero_index_residue_preserved","بدء القائمة صامتًا من f_0؛ تغيير المجال إلى PosInt؛ إضافة f_0؛ حذف مثال الفهرسة","تستعمل الوحدة البديلة الفهرسة الطبيعية من 0 في البراهين السابقة، لكن السؤال الختامي يعود إلى f_1 وf_2 مع بقاء مجال كل دالة Nat؛ لا يبطل ذلك المطلوب لكنه أثر فهرسة غير مفسر","final diagonal problem","exact f_1/f_2 list, f_i type, Nat domain and codomain, and g conclusion preserved; human review none; upstream clarification pending","2026-08-14","Codex","لم توحد العربية نقطة البدء ولم تستبدل أي رمز لاتيني؛ بقيت إعادة الفهرسة الضمنية كما في المصدر"
"a nonenumerable set has more elements than Nat","القول غير الصوري إن عناصر A أكثر من الأعداد الطبيعية","implicit_cardinal_comparability_and_infinity_shorthand","إضافة بديهية الاختيار أو ترتيب كاردينالي كامل إلى متن القارئ؛ تحويل علامات الاقتباس إلى مبرهنة؛ حذف العبارة؛ إغفال حالة المجموعات المنتهية أو ديدكندية اللانهاية","ينتقل النثر من غياب تقابل Nat مع A إلى وصف A بأنها أكبر؛ لا يكفي غياب التقابل وحده لترتيب الحجم، وهو يفشل مباشرة للمجموعات المنتهية المشمولة بالتعريف كما تتطلب المقارنة العامة فروضًا تأسيسية لا يذكرها الموضع","motivation before Cantor diagonalization","quotation marks, no-bijection premise, Nat and A orientation preserved; formal diagonal proofs do not rely on adding a comparability axiom; human review none; foundations review pending","2026-08-14","Codex","حفظت العربية علامات التنصيص حول أكثر ولم تحول الاختصار الحدسي إلى نتيجة صورية أو تضف افتراض اختيار"
"unbound s_k recurs in reduction-alt characteristic-string definition","حفظ s_k غير المرتبط في تعريف f(N) البديل","recurring_source_undefined_identifier_preserved","استبدال s_k صامتًا بـs_N؛ تعريف f(N)(n) من تلقاء الترجمة؛ اختراع k تابع لـN؛ حذف الصيغة","يقول المصدر إن f(N) هي السلسلة s_k ثم يستعمل s_k(n)، من غير أن يقدم k أو يربطه بـN؛ والإصلاح المنبعي المتين المرشح هو تعريف f(N)(n) مباشرة بدلالة عضوية n في N","characteristic map from Pow(Nat) to Bin omega in reduction-alt.tex","exact f type, s_k occurrences, iff membership condition, otherwise-zero condition, examples, and inverse set replay passed; human review none; upstream correction pending","2026-08-14","Codex","هذا تكرار مستقل للعيب المسجل في نسخة PosInt؛ لم تنقل العربية إصلاحًا من النسخة الأخرى ولم تغير أي معرف"
"enumeration N_1 N_2 N_3 under the zero-based Nat convention","حفظ بدء التعداد من N_1 مع بقاء الحامل Nat","source_zero_index_reindexing_residue_preserved","تغيير البداية صامتًا إلى N_0؛ تبديل Nat بـPosInt؛ إضافة N_0 إلى القائمة؛ إعادة فهرسة قائمة الصور وحدها","يعرف القسم البديل التعداد اللانهائي بتقابل مع Nat، ويستعمل الوحدات السابقة الفهرسة من الصفر، لكن هذا البرهان يكتب N_1 ثم N_2 ثم N_3 ويكررها في قائمة f(N_i)؛ يمكن إعادة الفهرسة لكن المصدر لا يصرح بذلك","enumeration and image list in the reduction proof","exact N_1/N_2/N_3 and f(N_1)/f(N_2)/f(N_3) sequences preserved; human review none; upstream clarification pending","2026-08-14","Codex","لم توحد العربية نقطة البداية ولم تغير مجال أي دالة أو تعريف التعداد المحال إليه"
"surjective image called an enumeration under a bijective-enumeration definition","حفظ الانتقال من شمول f إلى القول إن قائمة الصور تعدد Bin omega","source_enumeration_proof_scope_gap_preserved","ادعاء أن كل قائمة شاملة تقابلية؛ إضافة حذف التكرارات صامتًا؛ إثبات حقن f من تلقاء الترجمة؛ تغيير surjection إلى bijection","بحسب التعريف البديل يكون التعداد تقابلًا مع Nat أو مقطع ابتدائي، بينما لا يضمن تركيب تعداد A مع دالة شاملة A إلى B إلا قائمة شاملة قد تتكرر قيمها؛ والدالة المميزة المعروضة تقابلية في الواقع بعد إصلاح s_k، لكن المصدر لا يثبت حقنها ويستدل بالشمول وحده","generic reduction exposition, injection problem, and main Pow(Nat)-to-Bin-omega proof","exact A-to-B surjection direction, B-to-A injection direction, coverage reasoning, list and contrapositive conclusion preserved; human review none; expert review pending","2026-08-14","Codex","لم تقو العربية الفرض ولم تستبدل لفظ التعداد بقائمة شاملة؛ بقيت فجوة نطاق البرهان ظاهرة في السجل"
"contains a 1s","تحتوي فيها السلسلة على 1","source_grammar_defect_transparently_normalized","محاكاة أداة المفرد مع علامة الجمع في العربية؛ تغيير شرط العضوية؛ حذف قيمة 1؛ تحويل الموضع إلى 0","يجمع المصدر بين a المفردة و1s المجموعة في وصف مواضع الواحدات؛ المقصود الواضح هو المواضع التي تحتوي فيها السلسلة على القيمة 1","surjectivity inverse construction","reader-facing grammar normalized; exact s, N, membership set-builder and digit polarity preserved; human review none; upstream correction pending","2026-08-14","Codex","عولج الخلل النحوي وحده في النثر العربي، ولم يغير ذلك أي سطح رياضي أو اتجاه الدالة"
"every n either is an element of N or is not","كل n إما عنصر من N وإما ليس منه","implicit_classical_membership_dichotomy_preserved","إضافة بديهية الاختيار؛ ادعاء قابلية تقرير عضوية كل مجموعة بنيويا؛ حذف شق النفي؛ تغيير المجال","يعرف المصدر الدالة المميزة إلى المجموعة الثنائية بالتفريع على عضوية n في مجموعة جزئية اعتباطية N؛ هذا استعمال صريح لقانون الوسط الممتنع في الإطار الكلاسيكي ولا يثبت قابلية حساب العضوية","characteristic-string totality","exact N subset Nat scope, arbitrary-n scope, element token and both alternatives preserved; human review none; foundations review pending","2026-08-14","Codex","لم تضف العربية تعليقا تأسيسيا إلى متن القارئ ولم تحول الادعاء إلى خوارزمية قرار"
"two disabled English comment blocks and their inactive defects","حفظ كتلة explain وكتلة prob المعطلتين نصيا وبنيويا من غير تفعيل أو ترجمة","inactive_source_witness_preserved_exact","فك علامة التعليق؛ ترجمة النثر الإنجليزي المعطل؛ إصلاح Y أو s(1) أو سلسلة الأصفار؛ حذف الكتلتين؛ عد محتواهما قارئا نشطا","تحتوي كتلة explain المعطلة على Y غير معرف، وتسمى s(1) أول عنصر مع فهرسة Nat من الصفر، وتسند سلسلة منتهية من n أصفار إلى Bin omega؛ أما كتلة prob المعطلة فتبقى خارج المنتج القارئ","comment lines 88-104 and 123-128 of reduction-alt.tex","all 26 source comment lines exact; comment SHA-256 878634E8BCCFB7323BCD9320A9292D91EA02A8F1E39D68B9F98499023F4537CA; full 170 versus active 135 command oracle passed; human review none","2026-08-14","Codex","حُفظت التعليقات الإنجليزية بوصفها شاهدا منبعيا غير نشط، ولم تنسب عيوبها إلى النص العربي القارئ"
"label sfr:siz:red:prob:nat-nat inside red-alt file id","حفظ ملصق red داخل الوحدة ذات معرف red-alt","source_routing_alias_preserved","تغيير الملصق صامتًا إلى red-alt؛ تغيير olfileid؛ حذف الملصق؛ مزج مرجعي النسختين","يحمل الملف المعرف sfr/siz/red-alt، لكن المسألة الموسومة تستعمل sfr:siz:red:prob:nat-nat؛ قد يكون ذلك اسما مشتركا مقصودا بين نسختين بديلتين أو أثر توجيه، ولا تملك الترجمة سلطة إعادة تسميته","routing identity of the first active post-proof problem","exact label, file-id components, five references, header comments and optional ar locale marker preserved; human review none; upstream routing review pending","2026-08-14","Codex","أضيف [ar] فقط إلى معرف الملف بحسب عقد اللغة، وبقي الملصق نفسه من غير إعادة توجيه"
"Arithmetization (construction of number systems)","البناء الحسابي للنظم العددية","chosen_contextual_headword","الحوسبة؛ الترميز الحسابي بوصفه الرأس هنا","التأسيس الحسابي: بديل موجز؛ يخصص العنوان الحالي بالسياق الذي يبني Int ثم Rat ثم Real من Nat، ولا يسوي هذا الاستعمال بترميز الصياغة بأعداد غودل","number-system construction in naive set theory","source-bound semantic review passed; independent review pending; chapter build deferred to OLP-0048","2026-08-14","Codex","يحفظ العنوان وظيفة الفصل كما تصرح الافتتاحية، مع بقاء معرف arith وكل الواردات السبعة وترتيبها بلا تغيير"
"integer construction as Nat squared modulo Intequiv","بناء الأعداد الصحيحة فئات تكافؤ للأزواج المرتبة من الأعداد الطبيعية","chosen_construction_language","تسمية الزوج نفسه عددًا صحيحًا؛ إسقاط علاقة التكافؤ؛ مساواة n بالزوج المرتب بدل فئته","التمثيل الصحيح هو فئة equivrep(n,0,Intequiv)، لا الممثل المفرد؛ وتحفظ عمليتا الجمع والضرب وعلاقة الترتيب كما يعرفها المصدر","quotient construction and natural-to-integer embedding","source formula and direction replay passed; independent review pending; build deferred to OLP-0048","2026-08-14","Codex","حُفظت Nat^2 وIntequiv ومعادلة a+d=c+b وفئة القسمة وتعريفات العمليات الثلاث وشروط تضمين Nat في Int من غير تغيير أي سطح رياضي"
"using ab stand for (missing to)","أستعمل ab للدلالة على a times b","source_grammar_defect_transparently_normalized","محاكاة حذف حرف جر بإفساد النحو العربي؛ تغيير معنى الضرب؛ حذف التنبيه الاصطلاحي","يفتقد المصدر كلمة to في العبارة using ab stand for؛ المقصود النحوي الصريح هو using ab to stand for، ولا يمس هذا الخلل أي صيغة","parenthetical notation note after integer operations","reader-facing grammar normalized; exact ab and a times b math surfaces and purpose preserved; human review none; upstream correction pending","2026-08-14","Codex","لم تُحاك فجوة حرف الجر على نحو مصطنع في العربية، وسُجل التطبيع هنا؛ بقيت جميع صيغ العمليات والترتيب كما في المصدر"
"two source TeX diaeresis commands in naive","موضعا كلمة الساذج في النثر العربي","localized_source_language_typography","إبقاء naive باللاتينية أو زرع أمري تشكيل TeX بلا وظيفة في النص العربي؛ عد حذف أمري التشكيل حذفًا لصيغة رياضية","أمرا تشكيل الحرف في المصدر وسيلتان لتهجئة naive الإنجليزية ولا يحملان بنية TeX صورية؛ سبق تثبيت الرأس نظرية المجموعات الساذجة في سجل العربية","integer-construction exposition","184 target commands versus 186 source commands explained solely by the two localized diaeresis commands; all remaining full command sequence exact; human review none","2026-08-14","Codex","حُذف أمرا تشكيل الكلمة المصدرية فقط عند تعريب الموضعين؛ وتطابقت بقية الأوامر والبيئات والتعليقات والرموز والمراجع تسلسليًا"
"rational construction as integer pairs modulo Ratequiv","بناء الأعداد النسبية فئات تكافؤ لأزواج الأعداد الصحيحة ذات المقام غير الصفري","chosen_construction_language","اعتبار الزوج المرتب نفسه عددًا نسبيًا؛ السماح بمقام صفري؛ إسقاط Ratequiv؛ تسمية كل كسر ممثلًا قانونيًا وحيدًا","يحفظ البناء المجال Int times (Int setminus zero_Int)، والضرب التبادلي a times d equals b times c، وفئة القسمة، والعمليات، وتضمين Int بواسطة المقام 1_Int","quotient construction and integer-to-rational embedding","source domain, formula, operation and embedding replay passed; independent review pending; build deferred to OLP-0048","2026-08-14","Codex","لم تُستبدل أي فئة بممثلها ولم يُضف اختزال الكسور إلى أدنى صورة؛ وبقيت جميع الأسطح الرياضية ومعرف Ratequiv كما في المصدر"
"r minus s in order-explanation prose after correct s minus r condition","حفظ القول إن r ناقص s يمكن كتابته بكسر ذي بسط غير سالب بعد تقرير أن s ناقص r غير سالب","source_sign_reversal_in_prose_preserved","التصحيح الصامت إلى s ناقص r في الجملة الثانية؛ قلب صيغة العرض الصحيحة؛ تبديل r وs في تعريف الترتيب؛ حذف أحد القولين","يناقض النثر نفسه: يقرر أولًا الشرط الصحيح s-r غير سالب ثم يعيد شرحه خطأً بواسطة r-s؛ أما سطر align فيستعمل c/d minus a/b، أي s-r، على الوجه المتسق","order on the constructed rationals","exact r less-or-equal s, s-r, erroneous r-s, i/j witness and correct displayed difference all preserved; human review none; upstream correction pending","2026-08-14","Codex","نُقل انعكاس الإشارة إلى العربية عمدًا ولم تُعدّل الصيغة لتتبعه؛ أصغر فرق منبعي مرشح هو استبدال r-s الثانية بـs-r"
"two source TeX diaeresis commands in naive in rationals.tex","موضعا كلمة الساذج في عرض بناء الأعداد النسبية","localized_source_language_typography","إبقاء naive باللاتينية أو زرع أمري تشكيل TeX بلا وظيفة في النص العربي؛ المساس بأي أمر بنيوي آخر","أمرا تشكيل الحرف في المصدر خاصان بتهجئة naive الإنجليزية، ولا يحملان صيغة أو معرفًا أو مرجعًا؛ ترجمت الصفة إلى الساذج وفق الرأس العربي المثبت","opening rational-construction exposition","136 target commands versus 138 source commands explained solely by the two localized diaeresis commands; all remaining full command sequence exact; human review none","2026-08-14","Codex","حُذف أمرا التشكيل المصدرية وحدهما عند تعريب الموضعين؛ وتطابقت بقية الأوامر والبيئات والرموز والمراجع تسلسليًا"
"ordered field; Completeness Property; least upper bound","حقل مرتب؛ خاصية الاكتمال؛ أصغر حد علوي","chosen_distinctions","حقل منظوم بوصفه الرأس الوحيد؛ خاصية التمام بلا تمييز سياقي؛ أكبر حد سفلي بدل أصغر حد علوي","التمام: مرشح إقليمي؛ supremum أو الحد الأعلى: مرادفان تقنيان محتملان، لكن النثر الحالي يشرح الخاصية صراحة بواسطة أصغر حد علوي","real-number construction and order completeness","source definition, quantifier scope and rational counterexample replay passed; independent review pending; build deferred to OLP-0048","2026-08-14","Codex","حُفظ شرط عدم الخلو ووجود حد علوي ثم وجود أصغر حد علوي، ولم تُحوّل الخاصية إلى مجرد انغلاق جبري أو إلى اكتمال متري"
"malformed element plural token followed by a literal less-than sign","حفظ !!{element}s< ثم إسناد الأصغرية إلى عناصر المجموعة","source_reader_token_defect_preserved","حذف علامة أقل من الزائدة صامتًا؛ إدخال حد أيمن للعلامة؛ تغيير مفتاح element؛ نقل العلامة إلى الصيغة اللاحقة","تظهر العلامة الحرفية أقل من مباشرة بعد مفتاح الجمع، قبل العبارة التي تقول إن العناصر كلها أصغر من 3؛ ليس لها معامل أيسر أو أيمن رياضيان في المصدر","rational upper-bound example in reals.tex","exact malformed token and adjacent literal sign preserved; subsequent bound 3 and least-upper-bound reasoning unchanged; human review none; upstream correction pending","2026-08-14","Codex","ظل العيب ظاهرًا في النص العربي وسُجل كي لا يفسر على أنه اختيار طباعي RTL؛ أصغر فرق منبعي مرشح هو حذف العلامة الحرفية الزائدة"
"sqrt(2) irrationality proof implicit denominator and descent conditions","حفظ البرهان الهندسي والصوري مع فروضه الضمنية كما في المصدر","source_proof_gaps_preserved","إضافة n لا يساوي صفرًا أو p وq موجبان إلى متن المبرهنة صامتًا؛ استبدال اختيار الكسر الأدنى بشرط gcd؛ حذف أحد البرهانين؛ إصلاح الحاشية المعطلة","يفترض تمثيل m/n مقامًا غير صفري، ويستعمل البرهان الهندسي p/q مع p<m وq<n من دون التصريح بموجبية q، كما ينتقل من لا يمكن اختزاله أكثر إلى اختير أصغر ما يمكن؛ هذه شروط أو صياغات تحتاج توضيحًا منبعيًا لا ترميمًا ترجميًا","Tennenbaum descent and parity proofs of root-two irrationality","exact equations, inequalities, Nat memberships, geometric TikZ, parity chain, citation and inactive comments preserved; human review none; expert review pending","2026-08-14","Codex","لم تضف العربية فرضًا أو خطوة غائبة ولم تعكس الرسم في سياق RTL؛ بقيت كتلة التعليقات المعطلة إنجليزية مطابقة بوصفها شاهدًا منبعيًا غير نشط"
"one source TeX diaeresis command in naive in arithmetization.tex","كلمة الساذجة في افتتاحية فصل بناء النظم العددية","localized_source_language_typography","إبقاء naive باللاتينية أو زرع أمر تشكيل TeX بلا وظيفة في النص العربي؛ المساس بالواردات أو معرف الفصل","أمر تشكيل الحرف في المصدر خاص بتهجئة naive الإنجليزية، ولا يحمل صيغة أو معرفًا أو مرجعًا؛ ترجمت العبارة إلى نظرية المجموعات الساذجة وفق الرأس العربي المثبت","arithmetization chapter editorial","14 target commands versus 15 source commands explained solely by the localized diaeresis command; all remaining full command sequence and seven imports exact; human review none","2026-08-14","Codex","حُذف أمر التشكيل المصدري وحده عند تعريب الكلمة؛ وتطابقت بقية الأوامر والبيئات والواردات والتعليقات تسلسليًا"
"Dedekind cut; proper initial segment; no greatest element","قطع ديديكند؛ مقطع ابتدائي حقيقي؛ لا عنصر أعظم له","chosen_distinctions","شق ديديكند؛ فجوة؛ قطعة بوصفها الرأس الوحيد","القطوع: جمع قطع؛ «مقطع ابتدائي» محفوظ للجزء السفلي المغلق نحو الأسفل، و«حقيقي» هنا ترجمة proper بمعنى ليس المجموعة كلها، لا بمعنى real","Dedekind construction of the real numbers","source definition and all three clauses replayed; independent review pending; build deferred to OLP-0048","2026-08-14","Codex","يفصل الاختيار بين اسم الكيان «قطع» وبين جنس التعريف «مقطع ابتدائي»، ويحفظ عدم الخلو والاحتواء الحقيقي وغياب العنصر الأعظم"
"Since S has an upper bound, at least one cut is in S","حفظ إسناد وجود عنصر من S إلى كون S ذات حد علوي","source_premise_misattribution_preserved","التصحيح الصامت إلى بما أن S غير خالية؛ حذف فرض الحد العلوي؛ إضافة استدلال جديد","وجود قطع في S يتبع من فرض عدم خلو S، لا من كونها ذات حد علوي؛ ومع أن الفرض الصحيح حاضر في صدر البرهان، تنسب الجملة النتيجة إلى الفرض الخطأ","non-emptiness step in the union proof of realcompleteness","exact S, upper-bound phrase, at-least-one scope, cut membership and ensuing nonempty-union claim preserved; human review none; upstream correction pending","2026-08-14","Codex","لم تبدل العربية السبب المعلن؛ أصغر فرق منبعي مرشح هو استبدال عبارة has an upper bound الأولى بعبارة is non-empty"
"some rational is absent from every cut in S, with the upper-bound cut suppressed","حفظ الانتقال المباشر من وجود حد علوي إلى وجود p نسبي غائب عن كل قطع في S","source_intermediate_witness_suppressed_preserved","اختراع اسم للقطع الحدّي أو إدراج برهان العضوية الناقصة صامتًا؛ حذف النتيجة؛ تغيير p إلى عدد حقيقي","يلزم بين الخطوتين اختيار قطع علوي beta ثم اختيار p من Rat لا ينتمي إلى beta؛ ومن احتواء كل alpha في beta يتبع غياب p عن الجميع، لكن المصدر يحذف هذا الشاهد الوسيط","proper-subset step for lambda equals union S","exact upper-bound premise, p in Rat, universal absence, p notin lambda and proper-subset conclusion preserved; human review none; expert review pending","2026-08-14","Codex","أبقت العربية الاختصار البرهاني كما هو ولم تضف متغيرًا أو كمًا إلى متن القارئ"
"beta in mathbb R amid the chapter-wide Real macro convention","حفظ $\\beta \\in \\mathbb{R}$ في برهان القطوع","source_macro_notation_drift_preserved","التبديل الصامت إلى Real؛ تغيير مجال beta؛ حذف شرط كون beta قطعًا","تستعمل الوحدة Real لتعريف مجموعة القطوع وفي كل المواضع المجاورة، ثم تنتقل مرة واحدة إلى mathbb R؛ قد يتساويان طباعيًا لكنهما ليسا معرفًا منبعيًا واحدًا","candidate upper bound in the realcompleteness proof","exact mathbb command and R argument preserved; beta upper-bound quantification and subset reasoning unchanged; human review none; upstream normalization pending","2026-08-14","Codex","لم توحد العربية الماكرو؛ أصغر فرق منبعي مرشح هو mathbb{R} إلى Real بعد تأكيد قصد المؤلف"
"0 superscript mathbb R in the nonnegative-cut multiplication display","حفظ $0^\\mathbb{R}$ في تعريف ضرب القطوع غير السالبة","source_zero_notation_anomaly_preserved","التصحيح الصامت إلى 0 subscript Real؛ حذف اتحاد الصفر؛ تفسير التعبير على أنه أس","يسبق الموضع تضمين النسبيات بالترميز p_Real وتستعمل الحالات اللاحقة 0_Real؛ لذلك يبدو 0^mathbb R أثرًا طباعيًا مرشحًا، لكن الترجمة لا تملك إصلاحه","multiplication of nonnegative Dedekind cuts","exact superscript, mathbb R, union, set-builder and sign hypotheses preserved; human review none; upstream correction pending","2026-08-14","Codex","لم تُبدل العربية الأس بسفلي ولم تمس سطح الصيغة؛ أصغر فرق منبعي مرشح هو 0^mathbb{R} إلى 0_Real"
"zero-multiplication cases remain inside an inactive trailing comment","حفظ تعريف ضرب الصفر مع القطوع داخل تعليق معطل","source_operation_definition_incomplete_preserved","تفعيل العبارة صامتًا؛ إضافة حالات الصفر إلى cases؛ حذف التعليق؛ افتراض أن الحالات السالبة تغطي الصفر","يعرض المصدر حالة الضرب غير السالب بصيغة مشروطة ثم يعرّف ثلاث حالات سالبة صارمة، بينما تبقى حالتا الضرب في صفر في تعليق آخر السطر ولا تدخلان النص الفعال","Dedekind-cut multiplication case split","inactive English comment exact; all three active negative cases and their strict sign conditions exact; human review none; upstream completion pending","2026-08-14","Codex","بقي التعليق الإنجليزي شاهدًا منبعيًا غير نشط، ولم تدّع العربية أن تعريف الضرب المعروض كلي على جميع القطوع"
"subtraction and division definitions are inactive commented displays","حفظ تعريفي الطرح والقسمة المعطلين داخل بيئة align","inactive_source_operations_preserved","تفعيل التعريفين؛ ترجمة سطحيهما بوصفهما متنًا قارئًا؛ حذفهما؛ الاستناد إليهما بوصفهما معرفين هنا","تحيل الوحدة التالية إلى alpha minus beta وalpha divided by beta، لكن صيغتيهما الوحيدتين في هذه الوحدة معلقتان؛ كما تبقى حالة قسمة قطع الصفر خارج المتن","commented operation layer in cuts.tex","all four inactive formula lines exact and remain inactive; active addition, multiplication and negation sequences preserved; human review none; source-definition review pending","2026-08-14","Codex","لم تنقل العربية الصيغتين إلى الطبقة الفعالة؛ سيسجل استدعاؤهما اللاحق عيب اعتماد منبعيًا مستقلًا"
"complete ordered field; construction; embedding; metaphysical identity","حقل مرتب كامل؛ بناء؛ تضمين؛ هوية ميتافيزيقية","chosen_conceptual_distinctions","تسوية البناء بالهوية؛ ترجمة embedding إلى تمثيل فحسب؛ إسقاط قيد ordered؛ استعمال اكتمال بمعنى الإتمام الإجرائي","تميّز الوحدة بين إمكان بناء نموذج مجموعاتي للأعداد، وإمكان تضمين نظرياتها في نظرية المجموعات، والادعاء الأقوى بأن تلك المجموعات هي الأعداد ميتافيزيقيًا","philosophical status of arithmetization","all contrast markers, emphases on constructed/forget/invoke/are/treat/embed and the complete-ordered-field claim preserved; independent philosophical review pending","2026-08-14","Codex","اختيرت ألفاظ عربية مستقلة للمستويات الأربعة كيلا تحول الترجمة نقد بيناسراف البنيوي إلى اعتراض تقني على صحة البناء"
"construction of the reals via a Cauchy sequence","بناء الأعداد الحقيقية بواسطة متتالية كوشي","source_singular_form_preserved","تغيير المفرد صامتًا إلى متتاليات كوشي؛ إضافة فئات التكافؤ قبل إحالة الملحق؛ حذف المقارنة بالتمثيلات العشرية","يستعمل المصدر Cauchy sequence بالمفرد في هذا الموضع مع أن البناء اللاحق يستعمل متتاليات وفئات تكافؤ؛ الترجمة تحفظ الصياغة التاريخية كما وردت ولا تستبق الملحق","comparison with familiar decimal expansions","exact singular semantic scope and cauchy cross-reference preserved; human review none","2026-08-14","Codex","لا تسوي العربية بين التمثيل العشري والمتتالية المفردة ولا تدعي أنهما الشيء نفسه؛ تبقي العبارة مقارنة عامة"
"no natural number is an integer, yet Nat is a subset of Rat","لا يكون أي عدد طبيعي عددًا صحيحًا، مع حفظ الادعاء السابق أن Nat محتواة في Rat","philosophical_identity_tension_preserved","إصلاح الأبنية لتجعل الاحتواء حرفيًا؛ تأويل subset على أنه تضمين صامتًا؛ حذف إحدى العبارتين؛ مساواة 0 بفئة الصفر","تقصد الوحدة إبراز أن الهويات المجموعاتية المختارة تجعل 0 مختلفًا عن فئة الصفر وتجعل الاحتواء الحرفي السابق باطلًا، مع أن البنى العددية تقبل تضمينات معيارية","Benacerraf-style structural objection in reflections.tex","exact 0 inequality, equivalence representative, universal no-natural-is-integer claim, Nat subset Rat formula and trivially-false conclusion preserved; human review none; philosophical review pending","2026-08-14","Codex","لم تخفف العربية التناقض إلى اختلاف ترميزي ولم تصلحه بتضمين ضمني؛ بقي الفرق بين الهوية والتماثل البنيوي محور الحجة"
"inert braces around lovely","حفظ القوسين غير الآمرين حول «الجميلة»","source_typographic_residue_preserved","تحويلهما إلى emph؛ حذف الكلمة؛ تفسيرهما تجميعًا رياضيًا؛ إدخال أمر تنسيق جديد","الأقواس في المصدر لا تتبع أمر TeX ولا تغير الناتج عادة؛ لكنها جزء من الشاهد المصدري ولا تستدعي تخمين تنسيق مفقود","opening assessment of pure mathematics","literal brace pair retained around localized adjective; command and environment sequence otherwise unchanged apart from localized diaeresis; human review none","2026-08-14","Codex","ترجمت الكلمة وحدها وبقيت البنية الخاملة كما وردت، من غير ادعاء أنها توكيد مقصود"
"one source TeX diaeresis command in naive in reflections.tex","كلمة الساذجة في الخلاصة الفلسفية","localized_source_language_typography","إبقاء naive باللاتينية؛ زرع أمر تشكيل لاتيني في كلمة عربية؛ حذف وصف نظرية المجموعات؛ المساس بالمراجع أو صيغ الأعداد","الأمر المصدرى جزء من تهجئة naively الإنجليزية ولا يحمل بنية منطقية أو رياضية؛ الرأس العربي المثبت هو نظرية مجموعات ساذجة","set-theoretic embedding conclusion","38 target commands versus 39 source commands explained solely by the localized diaeresis command; all 19 comment payloads, remaining commands, four math segments, references and citation exact; human review none","2026-08-14","Codex","حُذف أمر التشكيل اللاتيني فقط عند التعريب، ولم يتغير أي معرف أو مرجع أو صيغة"
"commutative ring; ordered ring; ordered field","حلقة تبديلية؛ حلقة مرتبة؛ حقل مرتب","chosen_algebraic_headwords","حلقة تبادلية بوصفها الرأس الوحيد؛ حلقة منظومة؛ حقل منظوم؛ خلط التبديلية بالتجميعية","تشيع التبادلية مرادفًا، لكن التبديلية تميّز commutativity هنا عن associativity المترجمة بالتجميعية؛ وتحفظ مرتبة اتساقها مع الحقل المرتب المثبت سابقًا","algebraic structures in checking-details.tex","eight ring formulas, two order formulas and multiplicative-inverse formula replayed exactly; independent algebra terminology review pending","2026-08-14","Codex","اختيرت رؤوس موحدة مع إبقاء أسماء الخواص منفصلة: التجميعية والتبديلية والعنصر المحايد والمعكوس الجمعي والتوزيعية والمعكوس الضربي"
"connectedness is sometimes called trichotomy, illustrated with non-strict alternatives","حفظ تسمية الاتصال بالتثليث وعرض a less-or-equal b أو a=b أو a greater-or-equal b","source_order_terminology_imprecision_preserved","استبدال الصيغة صامتًا بثلاثية صارمة؛ حذف حالة المساواة؛ ادعاء تنافي البدائل؛ تغيير connectedness إلى completeness","التثليث المعتاد يصاغ ببدائل صارمة متنافية a<b أو a=b أو a>b، أما البدائل غير الصارمة المعروضة فتتداخل عند المساواة؛ وهي مع ذلك صحيحة في ترتيب كلي ولا يفسد ذلك التمرين التالي","footnote defining total order","exact reflexive/transitive/antisymmetric/connected list, trichotomy term, variables, connectives and non-strict inequalities preserved; human review none; upstream clarification pending","2026-08-14","Codex","لم تعد العربية صياغة المثال ولا قوة علاقاته؛ اكتفت بترجمة المصطلحات وسجلت عدم الدقة"
"inactive distributivity expansion duplicates b_1 b_2","حفظ سطر التوسيع المعطل الذي يكرر b_1b_2 في المركبة الأولى","inactive_source_algebra_defect_preserved","تفعيل السطر؛ حذف الحد المكرر؛ استبداله بالترتيب الصحيح؛ إسقاط التعليق كاملًا","السطر المعلق بين التوسيع الصحيح وإعادة التجميع يضيف b_1b_2 مرتين؛ لا يدخل البرهان الفعال، لكنه شاهد منبعي محتمل على محاولة تحرير متروكة","comment line inside the integer distributivity proof","inactive formula, whitespace, commands and duplicate term exact; active distributivity chain remains exact and valid; human review none","2026-08-14","Codex","بقي السطر إنجليزي السياق ومعطلًا ولم يعامل كخطوة في البرهان العربي"
"it remains to run through the (tedious) of checking","يبقى أن نمضي في العمل الشاق المتمثل في التحقق","source_grammar_defect_transparently_normalized","محاكاة الاسم المفقود بإفساد النحو العربي؛ حذف فعل التحقق؛ اختراع نتيجة رياضية؛ تغيير الإحالة السابقة","يفتقد المصدر اسمًا بعد the (tedious)، والقراءة النحوية الواضحة هي process أو task of checking؛ لا يمس التطبيع أي فرض أو صيغة أو مرجع","transition to checking that Real is an ordered field","reader-facing grammar normalized; Real, complete ordered field, Completeness Property and realcompleteness reference unchanged; human review none; upstream copyedit pending","2026-08-14","Codex","أضيف اسم عام في العربية لاستقامة الجملة فقط، ولم تضف الترجمة خطوة برهان أو دعوى إتمام"
"later exercise invokes subtraction and division whose cut definitions are inactive in cuts.tex","حفظ طلب التحقق من أن alpha minus beta وalpha divided by beta قطوع","source_inactive_dependency_invoked_preserved","حذف الطرح والقسمة من المطلوب؛ تفعيل تعريفيهما السابقين صامتًا؛ اختراع تعريفين جديدين؛ ادعاء اكتمال طبقة العمليات","تعريفا الطرح والقسمة الوحيدان في وحدة القطوع السابقة معلقان، ومع ذلك يستدعيهما هذا الملحق كعمليتين معرفتين؛ كما يستثني النص قطع الصفر من القسمة من غير تعريف فعال للقسمة","real-operation checking paragraph","exact subtraction/multiplication/division surfaces, zero-cut exception and leave-to-reader disposition preserved; human review none; source dependency repair pending","2026-08-14","Codex","لم تستكمل العربية التعاريف الناقصة ولم تقل إن تمرينًا غير محدد صار محددًا؛ ربط السجل بين الموضعين"
"no-maximum argument for the square-root cut treats only positive p","حفظ الاقتصار على p نسبي موجب عند إثبات غياب العنصر الأعظم","source_case_coverage_gap_preserved","إضافة حالة p أصغر من أو يساوي صفرًا صامتًا؛ توسيع فرض الصيغة؛ حذف عبارة يكفي؛ تعديل تعريف القطع","لكي يثبت عدم وجود عنصر أعظم للمجموعة كلها، يلزم أيضًا تناول عناصرها غير الموجبة، وهو يسير باختيار عنصر أكبر باقٍ دون الجذر؛ لكن المصدر يقول يكفي ثم يبرهن الحالة الموجبة وحدها","final proof that the square-root lower set is a cut","exact positivity premise, q formula, p<q derivation and q-squared<2 derivation preserved; human review none; expert review pending","2026-08-14","Codex","لم تضف العربية حالة غائبة إلى البرهان؛ أبقت دعوى الكفاية ونطاق p كما وردا وسجلت فجوة التغطية"
"Cauchy sequence; tends to zero; limit; rational approximation","متتالية كوشي؛ يؤول إلى الصفر؛ نهاية؛ تقريب نسبي","chosen_analysis_headwords","متتابعة بوصفها الرأس الوحيد؛ يتقارب إلى صفر من غير تمييز بين المتتالية وقيمها؛ حد بوصفه الرأس الوحيد للنهاية؛ تقدير بدل تقريب","المتتابعة مرادف إقليمي موثق، لكن متتالية تتسق مع استعمالات الفصل ومع عبارة حدود المتتالية؛ وتفصل نهاية عن حد الترتيب وعن الحد العلوي","Cauchy construction of the real numbers","epsilon quantifiers, Nat-to-Rat types, eventual-index scopes, absolute differences and tends-to-zero definition replayed exactly; independent analysis terminology review pending","2026-08-14","Codex","بقيت الصيغ والمعرفات لاتينية كما هي، واستعملت العربية رؤوسًا دلالية لا تغير الفرق بين كون الدالة كوشية وكون فرق دالتين آيلًا إلى الصفر"
"can be equally be encoded","يمكن ترميزها على نحو مكافئ","source_duplicate_word_transparently_normalized","محاكاة be المكررة بفعلين عربيين؛ حذف دعوى تكافؤ الترميز؛ تغيير المتتالية النسبية إلى عشرية؛ إضافة تقابل صوري غير موجود","يكرر المصدر be في الجملة التي تنقل معلومات التمثيل العشري إلى متتالية نسبية؛ المقصود النحوي واضح ولا يتضمن برهانًا جديدًا","second basic insight in cauchy.tex","reader-facing duplicate normalized; perhaps-infinite scope, decimal information, rational-sequence carrier and equal-encoding claim preserved; human review none; upstream copyedit pending","2026-08-14","Codex","لم تُضعف العربية equally ولم تحوله إلى مساواة بين كائنين؛ صححت التكرار النحوي وحده"
"identify real numbers with equivalence relations","مطابقة الأعداد الحقيقية مع علاقات التكافؤ","source_relation_class_confusion_preserved","التصحيح الصامت إلى فئات التكافؤ في الجملة المعيبة؛ تغيير التعريف اللاحق إلى علاقات؛ حذف المطابقة؛ مساواة المتتالية الخام بعدد حقيقي","الكيانات التي تمثل الأعداد في البناء هي فئات التكافؤ تحت Realequiv، كما تصرح الجملة اللاحقة، لا علاقة التكافؤ نفسها؛ يستعمل المصدر relations حيث يلزم classes","transition from Cauchy sequences to the quotient construction","erroneous relation wording and subsequent correct equivalence-classes definition both preserved; Realequiv formula and domain exact; human review none; upstream correction pending","2026-08-14","Codex","نقلت العربية الالتباس عمدًا ولم تصلحه في الموضع الأول، ثم ترجمت التعريف الصحيح اللاحق كما هو حتى يبقى التعارض قابلًا للتدقيق"
"Finally, we define we a notion of order","وأخيرًا، نعرّف مفهومًا للترتيب","source_duplicate_word_transparently_normalized","محاكاة we الثانية بضمير زائد؛ حذف تعريف الترتيب؛ تغيير فئة الممثل؛ إصلاح رمز الصفر ضمن التطبيع النحوي","تكرر we بعد define في افتتاح الفقرة؛ المقصود النحوي الصريح هو define a notion، ولا يبرر ذلك أي تعديل في التعريف الرياضي التالي","order definition on Cauchy equivalence classes","reader-facing duplicate normalized; positivity biconditional, eventual strict positivity and order-by-difference formulas exact; human review none; upstream copyedit pending","2026-08-14","Codex","فصل السجل التطبيع النحوي عن عيب 0_Rat المستقل الذي بقي في الصيغة"
"equivalence class positivity compared with 0_Rat","حفظ الشرط $\equivrep{f}{}\neq 0_\Rat$ في تعريف الإيجابية","source_number_system_macro_mismatch_preserved","التبديل الصامت إلى 0_Real؛ تغيير فئة f إلى عدد نسبي؛ حذف شرط عدم الصفر؛ تفسير Rat على أنه اسم للفئة","المعرّف هو فئة تكافؤ تمثل عددًا حقيقيًا، وقد عرّف الموضع السابق q_Real للفئات الثابتة؛ لذلك يبدو 0_Rat بدل 0_Real انزلاقًا في النظام العددي","positivity of a Cauchy equivalence class","exact equivalence representative, inequality, Rat subscript, existential eventual-positivity clause and subsequent order definition preserved; human review none; upstream correction pending","2026-08-14","Codex","لم توحد العربية الرمز مع 0_Real المستعمل لاحقًا؛ أصغر فرق منبعي مرشح هو Rat إلى Real بعد تحقق المؤلف"
"Cauchy sequences constitute an ordered field and sets of Cauchy sequences have least upper bounds","متتاليات كوشي تكوّن حقلًا مرتبًا، ومجموعاتها ذات الحد العلوي لها أصغر حد علوي","source_raw_sequence_vs_quotient_class_slippage_preserved","استبدال كل sequence صامتًا بفئة تكافؤ؛ حذف Realequiv؛ ادعاء أن العمليات حسنة التعريف على الدوال الخام؛ تغيير المبرهنتين فقط من دون البرهان","العمليات والترتيب معرفان على equivrep classes، لا على المتتاليات الخام؛ وقد تعطي متتاليات مختلفة العدد نفسه، ولذلك ينبغي أن تنسب بنية الحقل والاكتمال إلى خارج القسمة أو الأعداد الحقيقية المبنية","two theorem statements and exercises after quotient construction","raw-sequence wording in theorem/problem/completeness theorem and class notation throughout proof all preserved; human review none; expert review pending","2026-08-14","Codex","لم تُزل العربية التناوب بين المتتالية وفئتها ولم تدّع حسن تعريف غير مثبت؛ أبقت الأسطح الرسمية للممثل كما في المصدر"
"completeness proof silently chooses rational bounds and alternates sequences with classes","حفظ اختيار p وq نسبيين والتناوب بين r أو h كمتتالية وبين فئتيهما","source_proof_assumptions_and_type_slippage_preserved","إضافة خاصية أرخميدس أو كثافة النسبيات صامتًا؛ تغيير p وq إلى حقيقيين؛ إعادة كتابة S كمجموعة فئات؛ حذف خطوات الحصر؛ إكمال البرهان من خارج المصدر","ينتقل البرهان من حد علوي اعتباطي إلى حد علوي ثابت p_Real ومن r إلى q_Real<r من غير إثبات وجود حدود نسبية، ثم يكتب r وh أحيانًا كأنهما فئات وأحيانًا متتاليات؛ تبرر خواص أرخميدسية وكثافة مناسبة الاختيارات بعد تأسيسها","least-upper-bound proof sketch for the Cauchy construction","p/q rational types, inclusive interval, recursive bisection, f/g classes, monotonicity claims and contradiction chain exact; human review none; expert analysis review pending","2026-08-14","Codex","لم تضف العربية لمّات غائبة أو تصلح الأنواع صامتًا؛ ووصفت النص كما يسمي نفسه مخطط برهان"
"g will hone on in it from below","تقترب g منه من أسفل","source_idiom_word_order_defect_transparently_normalized","محاكاة hone on in بتركيب عربي فاسد؛ حذف اتجاه الاقتراب؛ قلب f وg؛ تغيير تعريف التنصيف","يعكس المصدر ترتيب كلمتي on وin في العبارة الاصطلاحية hone in on؛ المقصود واضح من السطر السابق ومن كون f حدًا علويًا متناقصًا وg حدًا سفليًا متزايدًا","bisection setup in the completeness proof","reader-facing idiom normalized; f-from-above and g-from-below directions, types and initial values exact; human review none; upstream copyedit pending","2026-08-14","Codex","لم تغير العربية أدوار الدالتين أو الحالات العودية، بل أصلحت ترتيب العبارة وحده"
"source TeX diaeresis in naive and acute accent in Mery in cauchy.tex","صفة ساذج؛ الاسم ميري","localized_source_language_typography_and_name","إبقاء naive وMery باللاتينية في المتن العربي؛ زرع أمري تشكيل لاتينيين في كلمتين عربيتين؛ حذف التحفظ أو اسم المؤلف؛ تغيير بيانات الاستشهاد","الأمر الأول جزء من تهجئة naive الإنجليزية، والثاني جزء من كتابة Mery اللاتينية؛ اختيرت ميري نقلًا عربيًا موجزًا للاسم، وتبقى هوية المصدر التاريخية وبيانات الاستشهادين المجاورين محفوظة","historical opening and first quotient-motivation paragraph","276 target commands versus 278 source commands explained solely by localized diaeresis and acute accent; all remaining commands, 32 environment boundaries, labels, refs, citations, token and inactive comments exact; independent Arabic review correction applied; human review none","2026-08-14","Codex","أزال المرور المستقل بقايا الاسم اللاتيني من النثر القارئ؛ لم يتغير أي مفتاح استشهاد أو تاريخ أو ادعاء رياضي"
"active logical and piecewise text carriers in cuts.tex","أو؛ إذا وفقط إذا؛ إذا كان؛ و","localized_reader_facing_math_text","إبقاء or/iff/if/and الإنجليزية داخل text في النسخة العربية؛ تغيير الروابط الصورية land أو lif؛ ترجمة التعليقات المعطلة؛ المساس بالشروط أو الحالات","نصوص text جزء ظاهر وقابل للاستخراج من معادلات القارئ وليست معرفات أو شيفرة؛ تعريبها يزيل ارتدادًا إنجليزيًا من غير تغيير أي عامل أو متغير أو حد","active set-builder, order definition and multiplication cases in OLP-0045","all TeX commands, formal tokens, operands, inequalities and case order unchanged; normalized-math replay passed; inactive English comments remain exact; independent Arabic replay requested","2026-08-14","Codex","صحح مرور المراجعة المستقلة هذا العيب قبل التجميد، مع إبقاء mathbb R و0 superscript mathbb R وسائر الشذوذات المنبعـية كما هي"
"active disjunction text carrier in checking-details.tex","أو","localized_reader_facing_math_text","إبقاء or الإنجليزية داخل تعريف مجموعة الجذر؛ تغيير lor أو شرط p؛ ترجمة أي تعليق معطل","الوصلة داخل text ظاهرة في الصيغة وتصف اتحاد الشرطين p<0 وp squared<2؛ تعريبها لا يغير بنية المجموعة ولا قطبية المتباينتين","square-root lower-set formula in OLP-0047","text command retained; p domain, both conditions and all subsequent proof formulas exact; normalized-math replay passed; human review none","2026-08-14","Codex","لم تُستبدل الوصلة بعامل صوري جديد ولم يُمس تعريف القطع؛ أزيلت الكلمة الإنجليزية القارئة وحدها"
"active parity, equivalence and recursive-case text carriers in cauchy.tex","إذا كان؛ فرديًا؛ زوجيًا؛ إذا وفقط إذا كانت الدالة تؤول إلى الصفر؛ فيما عدا ذلك","localized_reader_facing_math_text","إبقاء if/is odd/is even/iff/tends to/otherwise الإنجليزية؛ تغيير قيم الحالات أو شروطها؛ ترجمة معرفات الدوال؛ المساس بالتعليقات المعطلة","هذه العبارات كلها متن ظاهر داخل text وتحدد فروع دالة التناوب وعلاقة Realequiv وحالتي التنصيف؛ تعريبها مطلوب لإغلاق الارتداد الإنجليزي في القارئ العربي","active displays and cases in OLP-0048","all TeX commands, f/g/Realequiv identifiers, values, quantifiers, inequalities, case ordering and inactive comments exact; normalized-math replay passed; human review none","2026-08-14","Codex","لم تُترجم otherwise ترجمة تؤثر في الفرع الافتراضي ولم تُغير جهة أي مقارنة؛ بقيت الصيغة قابلة للمقارنة المنبعـية بعد حجب محتوى text فقط"
"active iff/or math-text carriers in OLP-0042 through OLP-0044","إذا وفقط إذا؛ أو","post_review_localized_reader_facing_math_text","إبقاء iff وor الإنجليزية في القارئ العربي؛ تغيير علاقات التكافؤ أو شروط الترتيب أو تعريف مجموعة الجذر؛ ترجمة التعليقات المعطلة","كانت هذه البقايا في وحدات عربية مقبولة سابقًا لكنها تمنع شرط انعدام الارتداد الإنجليزي في إغلاق فصل البناء الحسابي؛ أذن مدير التكامل بإصلاحها بعد مرور مستقل","integer/rational equivalence and order displays; real square-root lower set","three iff carriers in integers, three in rationals and one or carrier in reals localized; every command, identifier, operand, relation, math segment and inactive comment preserved; normalized-math replay passed; human review none","2026-08-14","Codex","تصحيح لغوي بعد المراجعة لا يغير المصدر الصوري ولا قرارات العيوب المسجلة في الوحدات الثلاث"
"كان governing the invariant Arabic element token","فئة التكافؤ التي $f$ فيها !!a{element}","target_grammar_correction_preserving_token","فئة التكافؤ التي يكون f فيها عنصر بصيغة الرفع؛ تغيير سطح !!a{element}؛ حذف f؛ إدخال ترجمة يدوية تلغي نظام المصطلحات","يوسع سطح !!a{element} في العربية إلى اسم لا يستقيم خبرًا منصوبًا بعد كان في الصياغة السابقة؛ حذف كان يجعل البنية الاسمية سليمة من غير المساس بالمتغير أو بالسطح المصطلحي","equivalence-class representative sentence in OLP-0048","exact !!a{element} token, f, equivalence-class scope and surrounding quotient meaning preserved; independent Arabic review correction applied; human review none","2026-08-14","Codex","لم يغير التصحيح وظيفة f بوصفه ممثلًا ولا استبدل رأس المصطلح يدويًا، بل أصلح العامل النحوي المحيط به"
"Infinite Sets; Open Set Theory; Tim Button","المجموعات اللانهائية؛ نظرية المجموعات المفتوحة؛ تيم باتن","chosen_chapter_and_provenance_names","المجموعات غير المتناهية بوصفها الرأس الوحيد؛ ترجمة open إلى حر؛ حذف اسم المؤلف أو مصدر الفصل","غير المتناهية مرادف عربي صحيح، لكن اللانهائية تتسق مع المصطلح المثبت للفصل السابق؛ ويحفظ اسم الكتاب العربي قرار Open Set Theory السابق","chapter driver and editorial attribution in OLP-0049","chapter identifiers, five-import order, author attribution and title emphasis exact; independent review pending; build deferred until OLP-0053 and OLP-0054 complete the chapter dependency closure","2026-08-14","Codex","لا يدعي التعريب ملكية جديدة للمادة ولا يغير مسار أي وارد؛ المصدر المثبت وحده هو سلطة الترتيب"
"Hilbert's Hotel; Dedekind infinite; proper subset","فندق هيلبرت؛ لانهائية بحسب ديديكند؛ مجموعة جزئية حقيقية","chosen_infinity_headwords","فندق هيلبر؛ لانهائية ديديكندية بوصفها الرأس الوحيد؛ مجموعة جزئية صحيحة؛ تسوية اللانهاية العادية بلانهاية ديديكند","تسمية بحسب ديديكند تجعل القيد الفني ظاهرًا ولا تدعي التكافؤ مع اللانهاية العادية من دون مبدأ الاختيار؛ و«حقيقية» هي الرأس المثبت لـproper subset","definition and motivation in OLP-0050","finite/infinite contrast, proper-subset direction, both injection tokens, domain/codomain, omitted-range point and letter o replayed exactly; independent review pending","2026-08-14","Codex","حُفظ الحرف اللاتيني o بوصفه عنصرًا مميزًا ولم يستبدل بالرقم 0"
"must be characterize an infinite set","يجب أن تكون الخطوة الأولى وصف مجموعة لانهائية","source_grammar_defect_transparently_normalized","محاكاة اجتماع must be مع الفعل المجرد بإفساد العربية؛ حذف وجوب الخطوة؛ تغيير المجموعة إلى الأعداد الطبيعية؛ إضافة تعريف صوري مبكر","يجمع المصدر be وcharacterize في تركيب غير نحوي؛ أصغر إصلاح إنجليزي هو must characterize، ولا يمس التطبيع الحجة أو تعريف ديديكند اللاحق","opening motivation in hilberts-hotel.tex","reader-facing grammar normalized; no mathematical token, quantifier, citation or diagram changed; human review none; upstream copyedit pending","2026-08-14","Codex","أصلحت العربية العيب النحوي وحده وسجلته بدل محاكاته أو إخفائه"
"our translation after the Hilbert quotation","«ترجمتنا» تعني ترجمة محرري النص الإنجليزي","source_deictic_attribution_preserved_and_disambiguated","نسب العبارة إلى المترجم العربي أو إلى فلوريس؛ حذفها؛ ادعاء أن الاقتباس العربي هو النص الذي نشره Ewald وSieg؛ تغيير الصفحة أو المصدر","ضمير our في المصدر الإنجليزي يعود إلى محرري ذلك المصدر لا إلى هذه الطبقة العربية؛ صرحت العربية بالمرجع حتى لا تنشأ نسبة كاذبة","quotation attribution in OLP-0050","quote brackets, ellipses, textparagraph marker, EwaldSieg2013 key and localized page 730 locator preserved; human review none","2026-08-14","Codex","تعريب المحدد إلى ص~730 قرار قارئ محلي، أما هوية المرجع والقول بأن الترجمة للمنبع الإنجليزي فلم يتغيرا"
"Hilbert room-shift diagram","مخطط نقل نزلاء فندق هيلبرت","source_tikz_geometry_preserved","عكس الأسهم بسبب RTL؛ إعادة ترقيم الغرف؛ ترجمة أسماء العقد؛ تغيير المقياس أو الدائرة؛ تحويل الرسم إلى أصل خارجي","المخطط جزء صوري بصري: صف الغرف وأسماء العقد والحلقة والأسهم من 1b إلى 2a حتى 9b إلى dotsa يجب أن تبقى LTR هندسيًا داخل القارئ RTL","inline TikZ in OLP-0050","tikzpicture block byte-for-byte identical to pinned source after newline normalization; 9 foreach values, 4 node commands and 10 draw commands exact; visual build deferred with chapter closure","2026-08-14","Codex","لم تُعكس هندسة الرسم ولم تغير أي إحداثية أو معرف عقدة"
"successor function; f-closed; closure under f; Dedekind algebra","دالة اللاحق؛ منغلقة تحت f؛ الإغلاق تحت f؛ جبر ديديكند","chosen_algebraic_and_closure_headwords","دالة الخلف بوصفها الرأس الوحيد؛ مغلقة على f؛ غلاف f؛ جبر ديدكيند بتهجئة متذبذبة","اللاحق متسق مع رأسي successor/predecessor المثبتين؛ و«منغلقة تحت» تميز closure الإجرائي عن خاصية الاكتمال وعن الإغلاق الطوبولوجي بحسب السياق","Dedekind algebra construction in OLP-0051","all successor conditions, f-closure formula, closure operator, triple A/f/o and three defining clauses replayed exactly; independent review pending","2026-08-14","Codex","بقي o حرفًا لاتينيًا مميزًا لا الرقم 0، بينما حافظت فقرة الدافع على الصفر الرقمي في شروط الأعداد الطبيعية"
"free A and missing self-map typing in the general closure lemma","حفظ A الحرة وغياب التصريح بأن f دالة ذاتية على مجال محيط","source_ambient_domain_gap_preserved","إضافة f:A→A وo∈A وX⊆A صامتًا إلى التعريف أو اللمة؛ حذف A؛ افتراض أن كل دالة كلية على الكون؛ إصلاح البرهان من داخل الترجمة","يعرّف المصدر الإغلاق لكل دالة f ثم تستعمل اللمة o∈A من غير ربط A، كما يدعي أن ran(f)∪{o} منغلقة تحت f؛ يحتاج ذلك إلى مجال محيط مصرح به وإلى دالة ذاتية، مع تقييد مجموعات X بذلك المجال","Closure definition, closureproperties lemma and its proof","exact free A, unrestricted any-function wording, candidate X family, ran(f) union {o} witness and all three conclusions preserved; human review none; upstream typing repair pending","2026-08-14","Codex","أصغر إصلاح منبعي متماسك مرشح هو التصريح f:A→A وo∈A وتقييد X إلى أجزاء A وتكرار النوع في اللمة؛ لم تضف العربية أيًا من ذلك إلى المتن"
"first-order limitation on repeated successor application","تعذر معالجة شرط التطبيق المتكرر باستعمال منطق الرتبة الأولى وحده","source_claim_scope_preserved","تعميم العبارة إلى استحالة تعريف أي تكرار في منطق الرتبة الأولى؛ ادعاء عدم قابلية الأعداد الطبيعية للوصف؛ حذف الإحالة؛ استبدال الشرط بمخطط استقراء","السياق يقارن الشروط المحلية الأولى بصياغة أن كل عدد ينشأ بتطبيقات متكررة، ثم يعيد صياغتها بأصغر مجموعة منغلقة؛ لا يبرر توسيع الدعوى إلى عدم قابلية تعريف عامة","motivation for Dedekind closure","exact repeatedapplication label and two references, three numbered successor conditions and set-theoretic reformulation preserved; human review none","2026-08-14","Codex","ترجمت just using first-order logic إلى باستعمال منطق الرتبة الأولى وحده، محتفظة بقيد السياق"
"candidate reverse-implication defect in ordered-ring axiom","رفض دعوى أن lif ثنائي الاتجاه في صيغة الحلقة المرتبة","rejected_reviewer_evidence_not_source_defect","تسجيل مثال c=0 بوصفه نقضًا للمصدر؛ استبدال lif؛ تغيير شرط c؛ الادعاء بأن الصيغة تكافؤ","يصرح open-logic-config.sty في السطور 94--98 بأن lif هو الشرط ويعرفه سهمًا أحادي الاتجاه، بينما liff في السطور 100--103 هو التكافؤ؛ لذلك لا يقرر المصدر الاتجاه العكسي الذي ينقضه c=0","independent replay candidate concerning checking-details.tex line 116","candidate independently rechecked against exact pinned macro authority and retracted; Arabic formula remains exact; not an adverse source finding","2026-08-14","Codex","حُفظ هذا بوصفه دليلًا مرفوضًا كي لا يعود بعد فقد السياق، لا بوصفه عيبًا في المصدر أو الترجمة"
"arithmetical induction; induction schema; parameter; recursive definition","الاستقراء الحسابي؛ مخطط الاستقراء؛ معلمة؛ تعريف عودي","chosen_logic_and_arithmetic_headwords","الاستقراء الرياضي بوصفه الرأس الوحيد؛ بارامتر؛ تعريف تكراري يوحي بالتكرار وحده؛ خلط المعلمة بالمتغير الحر","الحسابي يتبع عنوان المصدر Arithmetical هنا، مع بقاء الرياضي مرادفًا شائعًا؛ والمعلمة اسم لكائن ثابت أثناء تطبيق الصيغة لا متغيرًا حرًا إضافيًا غير معروض","Dedekind induction and recursion in OLP-0052","set and formula induction forms, parameter quantifiers and six recursive arithmetic equations replayed exactly; independent review pending","2026-08-14","Codex","حُفظت جميع المتغيرات الحرة المعروضة ومجالات التكميم واتجاهات lif؛ وبقي o عنصر جبر ديديكند لا الرقم 0"
"induction proof omits the restriction Y=N intersect X","حفظ الانتقال المباشر من شرط الإغلاق على N تقاطع X إلى N محتواة في X","source_restriction_step_omitted_preserved","إدخال Y=N∩X صامتًا في البرهان؛ تقوية الفرض إلى إغلاق X عالميًا؛ حذف البرهان؛ تغيير نص المبرهنة ليلائم التعريف السابق","يفرض نص المبرهنة أن s(n) ينتمي إلى X عندما n ينتمي إلى N∩X، لا أن X كلها منغلقة تحت s وفق تعريف الإغلاق السابق؛ الإصلاح الأصغر هو وضع Y=N∩X ثم إثبات أن o∈Y وأن Y منغلقة تحت s، فينتج N=closure_s(o)⊆Y⊆X","proof of thm:dedinfiniteinduction","exact theorem hypothesis, N-intersect-X scope, proof reformulation over n in N, closure equation and subset conclusion preserved; human review none; upstream proof completion pending","2026-08-14","Codex","لم تضف العربية المجموعة Y أو لمّة مفقودة؛ أبقت البرهان كما ورد وسجلت خطوة التقييد اللازمة"
"Potter citation pages 95--8","صص.~95--8","localized_citation_locator","إبقاء pp. الإنجليزية؛ تغيير مدى الصفحات؛ ترجمة مفتاح Potter2004؛ حذف البديل المرجعي","المحدد جزء قارئ لا معرف؛ صص. هو اختصار الصفحات الجمعي العربي، مع حفظ الأرقام والشرطة ومفتاح الاستشهاد","alternative treatment of recursive definition","citation command and Potter2004 key exact; optional locator localized only; cross-reference option vectors exact; human review none","2026-08-14","Codex","لا توحي الترجمة بأن المرجع عربي أو أن الصفحات تغيرت، بل تعرب وسم المحدد فقط"
"no more than one person in each Hilbert-hotel room","لا يبقى في كل غرفة أكثر من شخص واحد","target_grammar_and_scope_correction","لا تبقى مع شخص المذكر؛ الجمع بين إلا واحد وعلى الأكثر؛ إسقاط قيد كل غرفة؛ تحويل النفي إلى عدم وجود أي شخص","المصدر يضع حدًا أعلى مقداره شخص واحد لكل غرفة؛ الصياغة المصححة تطابق ذلك مباشرة وتصحح مطابقة الفعل المذكر من غير تقوية القيد إلى الامتلاء","Hilbert quotation in OLP-0050","independent Arabic replay correction; finite-room premise, per-room scope, person bound and ensuing no-free-room conclusion preserved; no TeX or formal token changed; human review none","2026-08-14","Codex","صحح المرور المستقل النحو والنطاق التعبيري فقط، وبقيت أقواس الاقتباس ونسبته كما هما"
"Dedekind's proof; realm of thoughts; totality versus set","«برهان» ديديكند؛ عالم الأفكار؛ الكلية في مقابل المجموعة","chosen_philosophical_and_set_theoretic_headwords","إسقاط علامتي التنصيص عن البرهان؛ ترجمة realm إلى مملكة حرفية؛ تسوية الكلية بالمجموعة؛ تحويل نقد التعدد إلى إنكار وجود أفكار كثيرة","علامتا التنصيص والمسافة بين الكلية والمجموعة مركزيتان في الحجة: النقد الأول يتعلق بموضوعات نفسية ممكنة، والثاني بالانتقال من أشياء كثيرة إلى مجموعة واحدة","title, logicist proposal and two criticisms in OLP-0053","conditionality on a Dedekind-infinite set, surrogate-not-identity claim, discovery/stipulation contrast, any-algebra isomorphism and both criticisms preserved; human review none","2026-08-14","Codex","اختيرت الكلية لمقابلة totality كي لا تندمج بالمجموعة قبل موضع الاعتراض، وحُفظت كلمة برهان بين علامتي تنصيص في العنوان والمتن"
"all Dedekind algebras are isomorphic; structuralists","جميع جبرات ديديكند متشاكلة؛ البنيويون","chosen_structuralist_vocabulary","متساوية حرفيًا؛ متماثلة بلا قيد بنيوي؛ حذف أي؛ نزع التنصيص المقصود عن البنيويين؛ تحويل الاستشهاد بديديكند إلى تبنٍّ من المؤلف","التشاكل هو العلاقة البنيوية المقصودة لا هوية الحوامل؛ وتنصيص structuralists في المصدر يخلق مسافة تحريرية ينبغي إبقاؤها","philosophical reflection in OLP-0053","exact any/algebra scope and Dedekind1888 theorem locator retained with Arabic reader-facing label; mathematical claim not strengthened; human review none","2026-08-14","Codex","أبقت العربية «أي» في الجملة السابقة و«جميع» في دعوى التشاكل، وحفظت علامات التنصيص حول البنيويين"
"arithmetic (algebra, analysis) turn out to be merely a part of logic","لعل «الحساب (الجبر، التحليل)» يتبين أنه «ليس سوى جزء من المنطق»","source_subject_verb_grammar_defect_normalized","محاكاة عدم التطابق بين الفاعل المفرد turn out؛ حذف لعل؛ تقرير المنطقانية حقيقةً منجزة؛ تغيير العبارة المنقولة عن ديديكند","الفاعل الإنجليزي المفرد arithmetic لا يطابق turn out؛ أصغر إصلاح منبعي turns out. تعالج العربية المطابقة تلقائيًا وتحفظ perhaps بلعل، فلا تحول المسار الاستدلالي التجريبي إلى تقرير","tentative logicist inference in OLP-0053 lines 62--64","reader-facing grammar normalized; both quotations and extended-sense qualification preserved; no citation, reference or mathematical token changed; upstream copyedit pending; human review none","2026-08-14","Codex","سُجل العيب بدل محاكاته، وبقيت النتيجة احتمالية ومشروطة لا خلاصة مثبتة"
"Dedekind1888 attributed English quotations","اقتباسان منسوبان إلى ديديكند مترجمان عن النص الإنجليزي المثبت في OLP","source_bound_quote_translation_caveat","الادعاء بالمقابلة مع الألمانية الأصلية؛ حذف الأقواس التحريرية حول [بحسب ديديكند]؛ جعل s' خلفًا عدديًا؛ نسبة الصياغة العربية إلى طبعة ألمانية غير مفحوصة","سلطة هذه الوحدة هي نص Open Logic المثبت؛ لم تُجر مقابلة مستقلة مع الألمانية. وفي الاقتباس الثاني ترمز s' إلى الفكرة القائلة إن s يمكن أن يكون موضوعًا للفكر، وتسمي phi(s) صورتها","two quote environments in OLP-0053","quote boundaries, citation keys, section/preface locators, S/s/s-prime/phi(s), ellipsis and editorial square brackets preserved; human review none","2026-08-14","Codex","تفصل الملاحظة أمانة الترجمة للمنبع الإنجليزي عن دعوى تحقيق تاريخي لم تقع، وتحمي الدلالة النفسية للرموز من قراءة حسابية"
"pinned dedekinds-proof.tex CRLF blob without terminal newline","حفظ سلطة البايتات وتطبيع هدف العربية إلى LF مع سطر نهائي","source_mechanical_eol_defect_recorded","تغيير نص المصدر؛ عد اختلاف EOL اختلافًا دلاليًا؛ إسقاط تجزئة المصدر؛ نسخ CRLF الشاذ إلى هدف العربية؛ ادعاء أن الشذوذ عيب رياضي","كتلة Git المثبتة نفسها CRLF وعددها 5886 بايت و114 CRLF ولا تنتهي بسطر جديد؛ SHA-256 A7C41CEBB6B7B0E2BED0D187777BE4BA69FECDB17BAA070975A0CA5C5C55B8BF، وإسقاطها LF من دون سطر أخير F444FF689FCD5C1C2AC028D80D73EDE889D9283D02007343E2811672E049F","byte authority for OLP-0053","source commit 9620cc73/tree f67757bb and blob 2cc299f78f590207e6b2159aff55eff642e7a817 bound; target EOL normalization is mechanical only; upstream hygiene fix pending; human review none","2026-08-14","Codex","لم تمس العربية محتوى المصدر بسبب شذوذ النهايات؛ سجلته منفصلًا عن سلامة الترجمة والمضمون"
"closure of B under f; f-closed set","إغلاق B تحت f؛ مجموعة منغلقة تحت f","chosen_set_closure_headwords","غلاف B بوصفه رأسًا وحيدًا؛ مغلقة على f؛ الخلط بالإغلاق الطوبولوجي أو الإغلاق العابر للعلاقات؛ تغيير تقاطع العائلة","يمد هذا الموضع قرار الإغلاق المثبت في جبرات ديديكند من عنصر o إلى مجموعة B كاملة؛ ويظل التعريف تقاطع جميع المجموعات الفوقية لـB المنغلقة تحت f","closure construction and three-clause lemma in OLP-0054","Closureofunder macro, big intersection, B-subset-X condition, localized active text with exact nested X/f math, all three labels and subset directions preserved; human review none","2026-08-14","Codex","عُرّبت and وis f-closed داخل text مع إبقاء X وf والشرطين؛ لم تُضف العربية نوعًا محيطيًا أو فرض دالة ذاتية غير مصرح به"
"nested cardeq expression cardeq(cardeq(A,B),C)","حفظ السلسلة الصورية المتداخلة التي تعرض A≈B≈C","structurally_nontransparent_formula_preserved_not_error","تسطيح الماكرو صامتًا؛ حذف cardeq الداخلية؛ تفسير A≈B بوصفه وسيطًا كارديناليًا جديدًا؛ وسم الصيغة خطأ مؤكدًا","يتوسع cardeq ذو الوسيطين إلى علاقة التساوي العددي، ولذلك ينتج التعشيش عرض السلسلة A≈B≈C؛ البنية المصدرية غير شفافة آليًا لكنها ليست صيغة معلومة الخطأ","sbhelper proposition in OLP-0054","exact nested macro arguments, surrounding A-subset-B-subset-C and A-approx-C hypotheses preserved; human review none","2026-08-14","Codex","أبقت العربية الصيغة بايتيًا من حيث الماكرو والوسائط وسجلتها حتى لا تعيد أداة لاحقة كتابتها على أنها نداء غير صالح"
"ran(g)=B claimed after proving only B subseteq ran(g)","حفظ دعوى ran(g)=B مع تسجيل غياب برهان ran(g)⊆B","source_reverse_range_inclusion_omitted_preserved","إدخال الاحتواء العكسي صامتًا في متن الترجمة؛ تخفيض الدعوى إلى B⊆ran(g)؛ إعلان g شاملة بلا تنبيه؛ تغيير فرعي تعريف g أو المجموعة F","يعالج النص كل x∈B ويجد سابقًا له، فيثبت B⊆ran(g) فقط. لإثبات العكس: إذا x∈F فـg(x)=f(x)∈A⊆B؛ وإذا x∉F فبما أن C\B⊆F يلزم x∉C\B، ومع x∈C نحصل على x∈B وg(x)=x","surjectivity paragraph of sbhelper proof in OLP-0054","claim, fixed x in B-subset-C, both source cases, F-minus-{x} minimality argument and final preimage equation preserved exactly; upstream proof insertion pending; human review none","2026-08-14","Codex","لم تضف العربية الاحتواء الناقص؛ أصغر إصلاح منبعي هو إدراج الحجة ذات الفرعين قبل So fix، ثم إبقاء الحجة الحالية للاحتواء المقابل"
"Using similar notation as; a bijection from C to B written from C→B","باستخدام ترميز شبيه بما في؛ الدالة التقابلية C→B","source_wording_defects_transparently_normalized","محاكاة similar notation as تركيبًا عربيًا معيبًا؛ الجمع بين من وسهم الاتجاه؛ حذف مرجع Closure؛ تغيير مجال g أو مجاله المقابل","الأصغر في الإنجليزية Using notation similar to that in، وفي الموضع الثاني a bijection C→B أو from C to B. اختارت العربية تركيبين نحويين مع إبقاء المرجع وصيغة C→B نفسها","closure introduction and g typing in OLP-0054","reader-facing wording normalized; exact Closure ref, g, bijection surface and C-to-B math segment preserved; no mathematical assertion strengthened; upstream copyedit pending; human review none","2026-08-14","Codex","فصل السجل إصلاح العبارة عن فجوة الشمول اللاحقة؛ لم توحِ الصياغة السليمة بأن برهان ran(g)=B صار كاملًا"
"piecewise g and composition macro order in Schröder-Bernstein proof","فرعا g بالترتيب: f(x) على F ثم x فيما عداه؛ comp{u}{v}=v∘u","formal_branch_and_composition_order_guard","عكس الفرعين بسبب RTL؛ جعل الهوية على F؛ قلب وسيطي comp؛ قراءة comp{f}{g} على أنه f∘g؛ تغيير مجال أي تركيب","يعتمد برهان التباين على فصل الحالة المختلطة ثم الحالتين المتطابقتين؛ وفي البرهان الأخير يرسل comp{f}{g} من A إلى g[f[A]]، ثم يرسل comp{h}{g^{-1}} من A إلى B","piecewise construction, injection proof and final theorem proof in OLP-0054","case order, nested x-in-F math, mixed/same branch reasoning, all comp argument vectors, domains/codomains and inverse-image restriction preserved; human review none","2026-08-14","Codex","لم تُعكس الأسهم أو وسائط الماكرو في السطح RTL؛ عُرّبت if وotherwise فقط وبقيت الرموز والحدود داخل text ثابتة"
"pinned card-sb.tex CRLF blob without terminal newline","حفظ سلطة البايتات وتطبيع هدف العربية إلى LF مع سطر نهائي","source_mechanical_eol_defect_recorded_olp0054","تغيير نص المصدر؛ إسقاط تجزئة المصدر؛ نسخ CRLF الشاذ إلى الهدف؛ عد غياب السطر الأخير عيبًا برهانيًا","كتلة المصدر المثبتة 4143 بايت و102 CRLF ولا تنتهي بسطر جديد؛ SHA-256 88534A3F2BE736A704AB31343E45933EDB9712FA5B4411EB102C0F4A12D656E9، وإسقاط LF من دون سطر أخير D1B9A660B6B67872444BCB2C3BD4CAF78C3E693D4A95C1E1E62114B5392C7B0D","byte authority for OLP-0054","source commit 9620cc73/tree f67757bb and blob 9a650d880075a16e4c558e2552b1d1397cfefc19 bound; target EOL normalization mechanical only; upstream hygiene fix pending; human review none","2026-08-14","Codex","فُصل شذوذ النهايات عن فجوة البرهان وعن سلامة الترجمة، وبقي المصدر المثبت قابلًا لإعادة التحقق بايتيًا"
"propositional variable","متغير قضوي؛ متغيرات قضوية","arabic_token_mapping_added_zero_fallback_olp0057","متغير عباري بوصفه الرأس الوحيد؛ حرف قضية؛ إبقاء propositional variable الإنجليزية عند توسيع الحامل؛ تغيير p أو علامات !!","القضوي يميز المتغير الذي ينوب عن قضية تامة من المتغير الفردي في منطق الرتبة الأولى؛ ويمكن إبقاء متغير عباري اسمًا مستعارًا إقليميًا للبحث","syntax and semantics introduction in OLP-0057","singular/plural and empty Arabic a/A article prefixes added to locale config; all five source carriers preserved in exact order; static fallback check passed; independent/native/human review none","2026-08-14","Codex","أضيف أصغر فرق إعداد مستعمل فعليًا، ولم تترجم العربية اسم الحامل أو المتغير الصوري p"
"valuation; satisfaction; tautology; entailment; satisfiability","تقييم؛ إرضاء؛ تحصيل حاصل؛ استلزام؛ قابلية الإرضاء","chosen_distinct_semantic_headwords_olp0057","تسوية التقييم بالإرضاء؛ ترجمة satisfaction إلى صدق؛ جعل التحصيل الحاصل مرادفًا لكل صيغة قابلة للإرضاء؛ عكس جهة الاستلزام؛ استعمال الإشباع بوصفه رأسًا موازيًا داخل المتن","التقييم يسند قيم الصدق، والإرضاء علاقة بينه وبين الصيغة، والتحصيل الحاصل ترضيه جميع التقييمات، والاستلزام يحفظ الصدق من مجموعة مقدمات، وقابلية الإرضاء تتطلب تقييمًا واحدًا شاهدًا","fourth paragraph and preceding valuation paragraph of OLP-0057","pAssign/pValue/pSat/Entails surfaces and quantifier forces retained; distinctions passed internal semantic replay; independent/native/human review none","2026-08-14","Codex","استعمل المتن رأسًا عربيًا واحدًا لكل مفهوم ولم يحوّل علاقة الإرضاء إلى مساواة قيمة الصدق إلا حيث يفعل المصدر ذلك صراحة"
"truth-functional; truth function; material conditional","دالّ صدقيًا؛ دالة صدق؛ الشرط المادي","chosen_truth_functional_headwords_olp0057","دالة حقيقة؛ وظيفي الحقيقة؛ تعميم دالية الصدق على جميع الشرطيات؛ مساواة الشرط المادي بالاستلزام الدلالي؛ تغيير lif","دالية الصدق تعني أن قيمة المركب تتحدد بقيم أجزائه؛ والشرط المادي وحده هو الذي يصرح المصدر بداليته هنا، بينما يترك شرطيات أخرى لأنواع منطق أخرى","first paragraph of OLP-0057","all five connective and both truth-value macro surfaces preserved; material-conditional assertion passed internal semantic replay without strengthening; independent/native/human review none","2026-08-14","Codex","صُرّح بالمحمول المحذوف بعد is في الجملة الإنجليزية بوصفه دالّ صدقيًا، وهو عين المحمول السابق لا إضافة تفسيرية جديدة"
"Whenever the truth value of the propositional variable in a formula is determined ... formulas formed from them","متى تحددت قيم الصدق لكل متغير قضوي وارد في صيغة تحددت قيم الصدق في الصيغ المبنية من تلك المتغيرات","source_number_and_dependence_defect_transparently_normalized_olp0057","محاكاة الانتقال من مفرد propositional variable إلى الضمير الجمع them؛ إبقاء truth value مفردًا مع formulas الجمع؛ حذف اعتماد الصيغ على المتغيرات؛ افتراض متغير وحيد في كل صيغة","ينتقل المصدر من the propositional variable المفرد إلى them ثم من truth value المفرد إلى formulas الجمع؛ أصغر إصلاح منبعي يجعل truth values وpropositional variables جمعًا ويجعل قيم الصيغ المركبة تابعة لها، بينما تحقق العربية القوة الجمعية بكمية كل وتحفظ حامل المصطلح المفرد","first paragraph of OLP-0057 lines 17--20","number/anaphora passed internal semantic replay without changing intended truth-functional dependence; exact glossary-carrier identities/order retained; upstream copyedit pending; independent/native/human review none","2026-08-14","Codex","أبقت العربية حامل المصطلح المفرد كما في المصدر لكنها كممته بكل وأحالت إلى مجموع المتغيرات؛ فلم تضف رابطًا أو قيمة صدق وأصلحت المطابقة والإحالة وحدهما"
"two truth values true (True) and false (False)","قيمتا صدق: الصدق (True) والكذب (False)","source_missing_list_delimiter_transparently_normalized_olp0057","وصل values مباشرة بأول اسمي القائمة؛ إضافة قيمة ثالثة؛ ترجمة True/False داخل الماكرو؛ حذف الاستبعاد اللاحق للقيمة الوسطى","تحتاج العبارة الإنجليزية علامة فصل بعد truth values؛ أضافت العربية نقطتين شارحتين فقط، مع حفظ قيمتي الماكرو وترتيبهما وقوة الاستبعاد","first paragraph of OLP-0057","delimiter passed internal replay; True/False surfaces exact; neither-true-nor-false and half-true exclusions preserved; upstream punctuation fix pending; independent/native/human review none","2026-08-14","Codex","الإصلاح طباعي نحوي لا دلالي، وقد بقي العدد اثنين وبقي ترتيب الصدق ثم الكذب"
"classical propositional logic; proof systems; completeness theorem; truth-functional completeness","منطق القضايا الكلاسيكي؛ أنظمة البرهان؛ مبرهنة الاكتمال؛ اكتمال الدوال الصدقية","chosen_propositional_logic_headwords","منطق العبارات بوصفه الرأس الوحيد؛ نسق الإثبات؛ نظرية التمام بلا تمييز المبرهنة؛ مساواة اكتمال الدوال الصدقية باكتمال البرهان","منطق القضايا تسمية مباشرة تميز القضايا التامة من الحدود المفردة؛ واكتمال الدوال الصدقية موضوع مخطط له يختلف عن مبرهنة الاكتمال المدرجة من منطق الرتبة الأولى","part title and editorial scope in OLP-0055","classical qualifier, proof-system import, completeness theorem and future truth-functional topic kept distinct; human review none","2026-08-14","Codex","لم تحوّل العربية الموضوع المستقبلي إلى تغطية حالية، ولم تدمج نوعي الاكتمال في رأس واحد"
"relatively rudimentary first chapter; proofs left as exercises; planned expansion","فصل أول أولي نسبيًا؛ براهين كثيرة متروكة تمارين؛ توسيع مخطط له","source_coverage_caveats_preserved","ترقية الفصل إلى معالجة شاملة؛ الادعاء بأن البراهين منفذة؛ حذف نسبيًا؛ تقديم اكتمال الدوال الصدقية بوصفه موجودًا؛ تحويل الخطة إلى وعد صيانة","هذه أوصاف صريحة لحدود الجزء الحالي: التعريفات والنتائج مدرجة، لكن براهين كثيرة غائبة، والتفاصيل والموضوعات الإضافية ما زالت خطة","editorial environment in OLP-0055","rudimentary/proof-light/planned/further-topic force preserved without strengthening; no reader claim of present completeness; human review none","2026-08-14","Codex","ترجمت planned إلى من المخطط لا سيضاف حتمًا، وحُفظت التمارين بوصفها موضع البراهين الغائبة"
"lists definitions and results, many proofs are not carried out","يقتصر على سرد التعريفات والنتائج؛ فلا تُستوفى براهين كثيرة","source_comma_splice_transparently_normalized","محاكاة وصل جملتين مستقلتين بفاصلة؛ حذف غياب البراهين؛ تحويل الفاصلة إلى عطف يغير علاقة التفسير؛ إضافة براهين","يفصل المصدر جملتين مستقلتين بفاصلة بعد results؛ أصغر إصلاح منبعي فاصلة منقوطة أو and. استعملت العربية فاصلة منقوطة وفاءً بالعلاقة التفسيرية","first editorial paragraph of OLP-0055","reader-facing punctuation normalized; definitions/results scope, many-proof quantifier and exercise disposition unchanged; upstream copyedit pending; human review none","2026-08-14","Codex","هذا عيب ترقيم قابل للفعل لا عيب رياضي؛ سُجل بدل إفساد العربية أو إخفاء قيد البراهين"
"FOL false reuse state and separately gated proof-system imports","تعطيل وسم FOL قبل الواردات المشتركة ثم إعادته قبل خطاف ختام الجزء","formal_part_driver_state_machine","نقل tagfalse بعد proof-systems؛ حذف tagtrue؛ دمج بوابات prfSC وprfND وprfTab وprfAX؛ تغيير ترتيب الواردات؛ حذف علامات % الكابحة للفراغ","يعطل FOL مواد المحمولات والحدود والمكممات عند إعادة استعمال فصول منطق الرتبة الأولى، وتتحكم كل بوابة مستقلة في نظام برهان مختلف؛ يجب إعادة الحالة قبل OLEndPartHook","part driver in OLP-0055","seven imports and order, exact four gate names/branches, tagfalse/tagtrue positions, four whitespace-suppression percent markers and end hook preserved; build deferred for unresolved part closure; human review none","2026-08-14","Codex","لم تُسلسل العربية البوابات في شرط واحد ولم تسمح بتسرب حالة FOL إلى الأجزاء اللاحقة؛ بقيت البنية التنفيذية بايتيًا من حيث الرموز"
"structure; valuation glossary tokens","بنية/بنى؛ تقييم/تقييمات","arabic_token_mapping_added_zero_fallback","إبقاء structure وvaluation الإنجليزية عند التوسيع؛ تسوية البنية بالتقييم؛ إضافة أداة تنكير إنجليزية؛ حذف سطحي !! أو تغيير الرمزين Struct M وpAssign v","البنية تفسر لغة الرتبة الأولى، أما التقييم فيسند قيم الصدق لقضايا اللغة؛ ويستبدل الجزء الثاني بالأول عندما يكون وسم FOL معطلًا","editorial glossary surfaces and locale/ar/open-logic-config.sty in OLP-0055","exact `!!{structure}s` and `!!{valuation}s` marker sequence and math pairs preserved; singular/plural forms plus empty Arabic a/A article prefixes defined; static expansion audit gives بنى and تقييمات with no English fallback; human review none","2026-08-14","Codex","أضيف أصغر فرق إعداد مصرح به: settexttoken للرأسين وأربعة definetoken لأداتي a/A الفارغتين وفق نمط العربية القائم"
"Syntax and Semantics","التركيب والدلالة","chosen_logic_chapter_title","النحو والدلالة بوصفه الرأس الوحيد؛ الصياغة والمعنى؛ حصر التركيب في الإعراب اللغوي؛ ترجمة معرفي pl وsyn","التركيب هنا بنية الصيغ وقواعد تكوينها، والدلالة تفسيرها بواسطة التقييمات ومفاهيم الصدق؛ والنحو مرادف إقليمي أو لساني يحتاج ملف alias مستقلًا","chapter title in OLP-0056","reader title localized; exact pl/syn identifiers, chapter command and dependency paths preserved; human review none","2026-08-14","Codex","اختير التركيب لاتساقه مع متواليات التكوين المقبلة، من غير تغيير أي معرف أو اسم ملف لاتيني"
"very quick summary of definitions only; should be expanded","ملخص سريع جدًا للتعريفات وحدها؛ ينبغي توسيعه","source_incompleteness_and_future_work_preserved","حذف جدًا أو وحدها؛ الادعاء بوجود براهين وأمثلة وافرة الآن؛ تحويل should إلى وصف لا نقص فيه؛ تسمية الفصل مكتملًا","يصرح المحرر بأن المحتوى الحالي تعريفي وموجز جدًا، وأن مدخل البراهين بالاستقراء على الصيغ والأمثلة الكثيرة ما زال مطلوبًا","editorial environment in OLP-0056","definitions-only scope, very-quick degree, gentle-introduction intent, induction-on-formulas method and missing-example expansion all preserved; human review none","2026-08-14","Codex","لم تقدم العربية العمل المستقبلي بوصفه حاضرًا ولم توسع نطاق الفصل من داخل الترجمة؛ مدخل ميسر ينقل gentle intro من غير لهجة عامية"
"six-unit syntax-and-semantics import order","المقدمة؛ الصيغ؛ التمهيدات؛ متواليات التكوين؛ التقييمات والإرضاء؛ المفاهيم الدلالية","formal_chapter_dependency_order_guard","ترجمة أسماء ملفات الواردات؛ تقديم الدلالة على الصيغ؛ دمج valuations-sat وsemantic-notions؛ حذف التمهيدات؛ نقل خطاف الختام","الترتيب تربوي واعتمادي: introduction ثم formulas ثم preliminaries ثم formation-sequences ثم valuations-sat ثم semantic-notions، وبعدها فقط OLEndChapterHook","chapter driver in OLP-0056","all six olimport commands and arguments byte-exact/in order; comments, pl/syn IDs, document/chapter environment and end hook preserved; build deferred for six unresolved Arabic imports; human review none","2026-08-14","Codex","تظل الأسماء الإنجليزية معرفات مسار لا متنًا قارئًا؛ لم تُنشأ أهداف ناقصة أو واردات بديلة لإجبار بناء غير مغلق"
"denumerable; falsity; truth; conditional; biconditional","لا نهائية قابلة للتعداد؛ الكذب؛ الصدق؛ شرط؛ شرط ثنائي","arabic_token_mappings_added_zero_fallback_olp0058","قابلة للتعداد من دون قيد اللانهاية؛ تسوية الكذب بالمحال؛ استعمال الاستلزام للرابط وللعلاقة الدلالية معًا؛ استعمال التكافؤ بوصفه الرأس الوحيد للشرط الثنائي","يفصل القيد الأول denumerable عن enumerable التي قد تشمل المنتهي، ويفصل شرط وشرط ثنائي الرابطين التركيبيين عن الاستلزام الدلالي وعن اسم التكافؤ المادي البديل؛ الأسماء المستعارة للبحث: معدودة لا نهائية، الشرطية، التكافؤ الشرطي","formula vocabulary and connective lists in OLP-0058","five local token mappings plus empty Arabic a/A only for the actually used denumerable article carrier; 38 linewise and 39 multiline-aware carriers passed zero-fallback static replay; independent/native/human review none","2026-08-14","Codex","أضيفت أقل رقعة إعداد تمنع رجوع الحوامل النشطة إلى الإنجليزية، مع إبقاء أسماء الماكرو والرموز الصورية كما هي"
"alternate symbols for negation, conjunction, conditional, biconditional, falsity and truth","النفي: sim/neg/!؛ العطف: wedge/cdot/&؛ الشرط أو الاستلزام: الأسهم الثلاثة؛ الشرط الثنائي أو الاستلزام المتبادل أو التكافؤ المادي: الرموز الثلاثة؛ أسماء الكذب والصدق البديلة","chosen_complete_alternate_notation_map_olp0058","حذف رمز بديل؛ عكس السهم بسبب RTL؛ دمج النفي بالعطف؛ ترجمة أسماء الماكرو؛ جعل القاع والقمة قيمتين ثالثة ورابعة؛ إخفاء الأسماء الاصطلاحية البديلة","العطف رأس منضبط يتجنب التباس الاقتران الإقليمي باسم الدالة، مع حفظ الاقتران والوصل اسمين مستعارين للبحث؛ والفصل رأس disjunction، بينما تظل جميع الرموز داخل مقاطعها الصورية LTR","alternate-symbol intro in OLP-0058","every alternate symbol span and order passed internal formal/semantic replay; raw reader labels localized; independent/native/human review none","2026-08-14","Codex","لم تُعكس الأسهم أو الأقواس ولم تُحذف الفروق بين falsity/falsum/absurdity/bottom وبين truth/verum/top"
"primitive symbol; defined symbol; informal abbreviation; atomic formula; inductive definition; stage","رمز أولي؛ رمز معرّف؛ اختصار غير رسمي؛ صيغة ذرية؛ تعريف استقرائي؛ مرحلة","chosen_syntax_construction_headwords_olp0058","تسمية الرمز المعرّف أوليًا؛ إدخال الاختصار في اللغة رسميًا؛ تسوية الذري بالبسيط في كل سياق؛ تحويل المراحل إلى برهان استقراء؛ الادعاء بأن قائمة التكوين تولد أشياء أخرى","يفصل النص سلطة اللغة الرسمية عن اقتصاد الاختصار، ثم يعرّف Frm[L0] بوصفها أصغر مجموعة مغلقة تحت بنود التكوين ويشرح بناءها المرحلي مع بند لا شيء آخر","definition and two explain environments in OLP-0058","primitive/defined status, proof-length motivation, least inductive force, initial/later stages and limit clause passed internal semantic replay; independent/native/human review none","2026-08-14","Codex","عُرّبت كل إحالة نثرية خام إلى formula ولم تُضف حالة تكوين أو تُحذف؛ بقيت المعادلات الشرطية وحدها تحدد الاختصارات"
"syntactic identity; concatenation; substring","الهوية التركيبية؛ وصل السلاسل؛ سلسلة جزئية","chosen_metasyntactic_string_headwords_olp0058","المساواة الدلالية؛ التكافؤ؛ جمع عددي؛ احتواء مجموعة؛ عكس ترتيب الوصل في السطح RTL","ident يقارن طول سلسلتين والرمز في كل موضع، ولا يقرر تساوي قيمة أو تكافؤًا منطقيًا؛ والوصل يحفظ ترتيب القوس الفاتح ثم B ثم lor ثم C ثم القوس الغالق","final definition and concatenation paragraph of OLP-0058","all ten final math spans, opening/closing-parenthesis order, second-symbol offset and following-lor claim passed internal semantic replay; independent/native/human review none","2026-08-14","Codex","أبقت العربية ident والرموز معرفات صورية ولم تعكس ترتيب السلسلة بسبب اتجاه الفقرة"
"$\lnot !A \lor !B)$","$(\lnot !A \lor !B)$","source_unmatched_closing_parenthesis_corrected_olp0058","حذف القوس الغالق؛ إضافة قوس إلى الفرع البديل؛ تغيير lor أو lif؛ إبقاء الصيغة غير المتوازنة؛ إصلاح أي معادلة أخرى","في فرع prvOr من تعريف defIf بالسطر 159 تحتوي الكتلة المثبتة قوسًا غالقًا بلا فاتح؛ أصغر فرق هو إدراج ( مباشرة بعد علامة الدولار، فتطابق الصيغة تعريف الشرط المادي بالنفي والفصل","formulas.tex line 159; defIf/prvOr branch","high confidence; canonical source-oracle exception independently replayed against pinned LF blob and again by Arabic writer; exactly math span 77 differs and only by inserted opening parenthesis; upstream one-character fix pending; native/human review none","2026-08-14","Codex","الأصل الحرفي هو $\lnot !A \lor !B)$؛ لم تغير العربية أي رمز أو ترتيب سوى الإضافة الوحيدة المعلنة ("
"prvTrue-only opening renders variables the propositional constant true","إضافة و في الفرع الخالي من iftag الداخلي مع حفظ البنية","source_missing_gated_and_transparently_normalized_olp0058","محاكاة الجملة الإنجليزية الناقصة؛ حذف الثابت الصادق؛ تغيير المحددات؛ تبسيط iftag بطريقة تغير طوبولوجيا الضبط؛ إضافة الواو خارج البوابة فتظهر عند غياب الثابت","عند تفعيل prvTrue وتعطيل prvFalse يختار iftag الداخلي في السطرين 16--17 الفرع الخالي، فيلتصق variables مباشرة بـthe propositional constant؛ أصغر إصلاح منبعي يضيف and إلى ذلك الفرع","opening gated primitive inventory in OLP-0058 lines 15--17","high confidence; all four prvFalse/prvTrue combinations internally replayed; target changes only the active Arabic text body to و and preserves all selector arguments and nesting; upstream copyedit pending; independent/native/human review none","2026-08-14","Codex","جعلت العربية فرعي iftag الداخلي الثاني و، بحيث تصح حالات لا ثابت وثابت الكذب وحده وثابت الصدق وحده والثابتين من غير تغيير أي بوابة"
"defEx/defAll occur in block selectors without displayed entries; defined-operator equations require a compatible primitive basis","حفظ طوبولوجيا المحددات والمعادلات مع تسجيل خطر تركيبة الإعداد","source_configuration_topology_risk_preserved_olp0058","حذف defEx وdefAll صامتًا؛ اختراع بندي كم وجودي وكلي في منطق القضايا؛ إضافة حراس دورية غير منبعية؛ ادعاء صلاحية كل تركيبة إعداد؛ إخفاء كتلة خالية محتملة","تحتوي قائمتي tagblock وقائمة tagenumerate على defEx/defAll ولا توجد لهما tagitem في هذه الوحدة، فيمكن أن تنتج تركيبة محصورة فيهما مقدمة أو كتلة تعريف مضللة خالية؛ كما تفترض اختصارات defNot--defIff أساسًا أوليًا متوافقًا وقد تصبح دورية في تركيبات غير مدققة","outer defined-symbol list and second definition block in OLP-0058","selector vectors, 27 iftag calls, 17 tagitems and every conditional equation preserved exactly except declared parenthesis correction; risk replay pending against admitted configuration matrix; no silent source repair; independent/native/human review none","2026-08-14","Codex","الإصلاح المنبعي الأصغر يحتاج قرارًا بعد تدقيق مصفوفة الإعداد: إما نزع defEx/defAll من المحددات القضوية أو إضافة البنود المقصودة، مع رفض التركيبات الدورية صراحة"
"pinned OLP-0059 source authority","تجميد وحدة التمهيدات على منبع Open Logic المثبت","source_authority_bound_olp0059","الاعتماد على HEAD متحرك؛ نسخ هدف لغة أخرى؛ إسقاط تجزئة النهايات؛ عد CRLF فرقًا دلاليًا؛ تغيير الصيغ قبل الترجمة","commit 9620cc73f9c8e0ad003c514a5d3748f29611c4c0; tree f67757bb9305b173634082ab4cefd5601a707a34; blob 6fcfac52c0e65d1c14ddfe10b6e0f0e5459f7830; path content/propositional-logic/syntax-and-semantics/preliminaries.tex; cache CRLF SHA-256 78673F8419AA1F936F1ECC5629C0FA92C74FD4EE3102BADF5F389E3D775F48D6; LF SHA-256 32B55F3FDC69170D1C4856C5ABD86E8845D1D4993B8E649A0501475AD0C5A9DC","OLP-0059 exact source contract","143 alphabetic control sequences, 15 environment instances, 77 math spans, 20 multiline-aware active carriers, 3 labels, 3 references, 12 tagitems and 3 comments independently counted before translation; no sibling-language target consulted; human review none","2026-08-14","Codex","هدف العربية LF مع سطر نهائي؛ اختلاف النهايات ميكانيكي فقط، وكل سطح صوري يقارن بالكتلة المثبتة بعد تطبيع CRLF إلى LF"
"operator; property; principle of induction; parsing; uniform substitution","مؤثر منطقي؛ خاصية؛ مبدأ الاستقراء؛ تحليل؛ الإحلال المنتظم","chosen_preliminary_syntax_headwords_olp0059","عملية بوصفها الرأس الوحيد للمؤثر؛ عامل منطقي؛ صفة؛ مبدأ الحث؛ قراءة حرفية بلا بيان تركيبي؛ التعويض بوصفه رأسًا موازيًا في المتن","يحافظ مؤثر منطقي على الرأس العام المثبت الذي يشمل الروابط والمكممات، وتدل الخاصية على المحمول P، والتحليل على البنية الوحيدة للصيغة، والإحلال على استبدال كل ظهور محدد على نحو موحد","theorem, unique-readability proposition and substitution definition in OLP-0059","one operator token mapping added with no article fallback because no article carrier occurs; established Arabic logical-operator headword replayed; all active carriers retained; internal terminology replay passed; independent/native/human review none","2026-08-14","Codex","أضيف أقل فرق إعداد لمنع رجوع حامل operator الجمعي إلى الإنجليزية؛ وبقيت formula وpropositional variable على الخرائط المقبولة سابقًا"
"induction on formulas and least-class proof","الاستقراء على الصيغ وبرهان أصغر صنف","chosen_structural_induction_formulation_olp0059","الاستقراء العددي؛ قلب احتوائي S وFrm؛ جعل S مساوية Frm قبل تطبيق الأصغرية؛ حذف شرط الانغلاق؛ استبدال الصنف بمجموعة من غير تمييز","تجمع S الصيغ ذات الخاصية P؛ لذلك S محتواة في Frm، ثم تحقق الذرات والانغلاق يجعل أصغرية Frm تعطي الاحتواء العكسي، فتنتج المساواة والخاصية العامة","thm:induction and its proof in OLP-0059","P, S, Frm[L_0], both subset directions, equality, five connective clauses and reference to defn:formulas retained; internal semantic replay passed; independent/native/human review none","2026-08-14","Codex","لم تحوّل العربية البرهان إلى استقراء على طول الصيغة ولم تستعمل النتيجة قبل إثبات الاحتواءين"
"Unique Readability; proper initial segment; balanced formula","وحدانية القراءة؛ مقطع ابتدائي حقيقي؛ صيغة متوازنة","chosen_metasyntactic_headwords_olp0059","قابلية القراءة اليومية؛ لاحقة أولية؛ قطعة أولية بوصفها الرأس الوحيد؛ متوازنة دلاليًا؛ عكس اليسار واليمين بسبب RTL؛ تسوية التحليل بالتكافؤ","المقصود وحدانية التحليل التركيبي من الرموز لا سهولة قراءة النثر، والمقطع الابتدائي الحقيقي أقصر من السلسلة الأصلية، والتوازن عددي بين الأقواس اليسرى واليمنى؛ ويحافظ مقطع على الرأس المثبت في وحدات الترتيب والقطوع","two propositions, two problems and unique-readability proposition in OLP-0059","all eight parsing alternatives, connective tags, variables, parenthesis surfaces and two local references retained in source order; established Arabic initial-segment headword replayed; internal semantic replay passed; independent/native/human review none","2026-08-14","Codex","لا يعكس اتجاه الفقرة RTL ترتيب السلاسل أو الأقواس؛ ويظل اليسار واليمين وصفين منبعيين صريحين"
"By induction on $!A$. For instance, suppose that $!A$ has two distinct readings as $(!B \lif !C)$ and $(!B' \lif !C')$.","حفظ البرهان الموجز الذي يعرض مثال الشرط ذي الرابط نفسه وحده","source_proof_sketch_incompleteness_preserved_olp0059","استكمال حالات الذرات والروابط صامتًا؛ إضافة برهان تنافي الصور؛ حذف لفظ فمثلًا؛ تقديم المبرهنة على أنها بلا برهان؛ تغيير lif إلى رابط آخر","بعد عبارة بالاستقراء على A ينتقل المصدر إلى for instance ويعالج فقط قراءتين كلتاهما من صورة B lif C؛ ولا يبين صراحة تنافي الصور الثماني ولا حالات الروابط الأخرى، وإن كان يمكن استكمالها بالطريقة المقصودة","pinned preliminaries.tex lines 81--88; OLP-0059","high confidence; exact for-instance force, two lif readings, proper-initial-segment appeal and inductive-hypothesis contradiction independently replayed; smallest upstream diff is to add the omitted base, cross-form and remaining connective cases or label the paragraph a proof sketch; native/human review none","2026-08-14","Codex","لم توسع العربية البرهان من عندها؛ استعملت فمثلًا لتحفظ أن الفقرة حالة نموذجية لا استيفاءً ظاهرًا لكل البدائل"
"% Chapter: propositional-logic","حفظ ترويسة الفصل propositional-logic حرفيًا بوصفها تعليقًا منبعيًا","source_metadata_path_mismatch_preserved_olp0059","تغيير التعليق صامتًا إلى syntax-and-semantics؛ ترجمة معرفي المسار؛ حذف الترويسة؛ اعتبار التعليق سلطة أعلى من المسار والاستيراد","يقع الملف في content/propositional-logic/syntax-and-semantics/preliminaries.tex، وتستعمل الملفات المجاورة ترويسة Chapter: syntax-and-semantics؛ لذلك يبدو أن قيمة التعليق منسوخة من مستوى الجزء","pinned preliminaries.tex line 2 at commit 9620cc73; OLP-0059","high confidence; exact comment, path, pl/syn/pre ID and chapter import context independently replayed; smallest upstream diff is one comment-line replacement to % Chapter: syntax-and-semantics; target comment remains byte-identical after LF normalization; native/human review none","2026-08-14","Codex","بقي العيب خارج سطح القارئ ولم تغيّر العربية أي معرف رسمي؛ سُجل كي لا تصححه أداة تنظيف آلي بلا أثر"
"$\Subst{!A}{!B}{p}$","حفظ الوسيط الخام p في مسألة التعريف الاستقرائي الأخيرة","source_formal_surface_inconsistency_preserved_olp0059","استبداله صامتًا بـObj p_i؛ تغيير تعريف Subst؛ حذف المسألة؛ الادعاء بأن p متغير ميتا أو موضوعي من دون سند","يستعمل التعريف السابق Obj p_i في نوع المتغير وفي جميع نداءات Subst، ثم تستعمل المسألة الأخيرة p الخام؛ قد يكون ذلك اختصارًا مقصودًا، لكنه غير مصرح به ويخالف السطح المحلي","pinned preliminaries.tex lines 114--117; OLP-0059","medium confidence; exact raw p argument independently replayed and preserved, distinguished from all Obj p_i occurrences; smallest upstream clarification is either $\Obj p_i$ or one sentence typing p; native/human review none","2026-08-14","Codex","لم توحّد العربية الترميز لمجرد اتساق شكلي، وبقي موضع الاختلاف قابلًا للمقارنة الآلية"
"For each of the five !!{formula}s below determine whether the !!{formula} can be expressed as a substitution \( \Subst{!A}{!B}{\Obj p_i} \) where \( !A \) is (i) \( \Obj p_0 \); (ii) \( ( \lnot \Obj p_0 \land \Obj p_1) \); and (iii) \( ( ( \lnot \Obj p_0 \lif \Obj p_1 ) \land \Obj p_2 ) \). In each case specify the relevant substitution.","خمس صيغ هدف وثلاث صور مسماة لـA مع عبارة في كل حالة","source_exercise_quantifier_grid_ambiguity_preserved_olp0059","اختزال المطلوب إلى خمس إجابات؛ اختيار صورة واحدة لـA؛ التصريح من غير سند بأن المطلوب خمس عشرة إجابة؛ تغيير أي صيغة من القائمتين؛ إضافة قيود على B أو i","يمكن قراءة where A is (i), (ii), and (iii) مع In each case على أنه اختبار كل صيغة هدف تحت كل واحدة من صور A الثلاث، لكن المصدر لا يقول صراحة for each of the three choices؛ لذا حفظت العربية تعداد الصور وعبارة كل حالة من غير إدخال عدد إجابات","pinned preliminaries.tex lines 100--110; OLP-0059","medium confidence; line-joined exact source instruction plus five enumerated formulas, three A surfaces, Subst argument vector and relevance clause independently replayed and retained; smallest upstream clarification is to say for each of the three choices of A if the 5-by-3 grid is intended; native/human review none","2026-08-14","Codex","لم تحل العربية التردد التربوي داخل نص المسألة ولم تجعل and اقترانًا لقيم ثلاث متزامنة لـA"
"same length and which contain the same symbol in each place","لهما الطول نفسه وتحتويان الرمز نفسه في كل موضع","source_grammar_copyedit_normalized_olp0058","حفظ and which بعد same length حرفيًا؛ تحويل الهوية التركيبية إلى تكافؤ دلالي؛ حذف شرط الطول أو شرط الموضع؛ تغيير ترتيب الوصل أو معنى substring","الجملة الإنجليزية تصل are of the same length بعبارة which contain على نحو غير سليم نحويًا، بينما الشرطان المقصودان واضحان ومستقلان: تساوي الطول وتساوي الرمز في كل موضع. العربية صاغتهما بعطف سليم من غير تغيير iff أو ident أو أي سطح صوري.","pinned content/propositional-logic/syntax-and-semantics/formulas.tex lines 167--170; OLP-0058","high confidence; independently replayed against exact pinned source and frozen Arabic target; smallest upstream diff is deletion of the single word which; target wording already correct; no human/native review","2026-08-14","Codex independent paired QA","تسجل هذه الإضافة المنبع الأصلي والفرق الأصغر صراحةً استجابةً للتدقيق المستقل؛ لا تغيير في ملف الهدف"
"pinned OLP-0060 source authority","تجميد وحدة متتاليات التكوين على منبع Open Logic المثبت","source_authority_bound_olp0060","الاعتماد على HEAD متحرك؛ نسخ هدف لغة أخرى؛ إسقاط تجزئة النهايات؛ عد CRLF فرقًا دلاليًا؛ إصلاح الرموز قبل الترجمة","commit 9620cc73f9c8e0ad003c514a5d3748f29611c4c0; tree f67757bb9305b173634082ab4cefd5601a707a34; blob 764226b401e2b6afb84a3dea68f7f76301e93337; path content/propositional-logic/syntax-and-semantics/formation-sequences.tex; cache CRLF SHA-256 4057BF6B85C70AD9EE56DC5365B21A1DAA0A99550079BDAFB1AB16F36B943356; LF SHA-256 FFF70555C1EF515D9092E72C91496AA898F74E4DD41E4CADC82F49A30C5850F5","OLP-0060 exact source contract","163 alphabetic control sequences, 12 environment instances, 75 math spans, 7 multiline-aware active carriers, 4 labels, 2 references, 15 tagitems and 6 comment lines independently counted before translation; no sibling-language target consulted; human review none","2026-08-14","Codex","هدف العربية LF مع سطر نهائي؛ اختلاف النهايات ميكانيكي فقط، وكل سطح صوري يقارن بالكتلة المثبتة بعد تطبيع CRLF إلى LF"
"formation sequence; bottom-up construction; strong induction; proper initial subsequence","متتالية تكوين؛ بناء من الأسفل إلى الأعلى؛ استقراء قوي؛ متتالية جزئية ابتدائية حقيقية","chosen_formation_sequence_headwords_olp0060","سلسلة تكوين بوصفها الرأس الوحيد؛ تسلسل اشتقاق؛ بناء تصاعدي يوهم بالترتيب العددي؛ حث تام؛ مقطع نصي بدل متتالية جزئية؛ عكس ترتيب العناصر بسبب RTL","المتتالية هنا قائمة منتهية مرتبة من سلاسل رموز، وكل حد ذري أو مبني من حدود سابقة؛ ويصف البناء من الأسفل إلى الأعلى اتجاه الإنشاء، بينما يحكم الاستقراء القوي على مؤشر الحد الأخير وتحفظ المتتالية الجزئية الابتدائية ترتيب البداية","section, definition, converse paragraph, lemma and final theorem proof in OLP-0060","all tuple orders, indices, construction clauses, induction bounds and initial-prefix surfaces retained; terminology internally replayed against established Arabic segment and sequence usage; independent/native/human review none","2026-08-14","Codex","لم تجعل العربية متتالية التكوين اشتقاقًا دلاليًا أو برهانًا، ولم تعكس المتتاليات المعروضة بصريًا داخل الرياضيات"
"% Part: first-order-logic","حفظ ترويسة الجزء first-order-logic حرفيًا بوصفها تعليقًا منبعيًا","source_metadata_part_mismatch_preserved_olp0060","تغيير التعليق صامتًا إلى propositional-logic؛ ترجمة معرف المسار؛ حذف الترويسة؛ اعتبار التعليق سلطة أعلى من المسار ومعرّف الملف","يقع الملف في content/propositional-logic/syntax-and-semantics/formation-sequences.tex ويحمل المعرف pl/syn/fseq، ولذلك تخالف ترويسة الجزء مساره ووحدته المنطقية","pinned formation-sequences.tex line 1 at commit 9620cc73; OLP-0060","high confidence; exact comment, pinned path, parent import and pl/syn/fseq ID independently replayed; smallest upstream diff is replacement with % Part: propositional-logic; target comment remains byte-identical after LF normalization; native/human review none","2026-08-14","Codex","بقي العيب خارج سطح القارئ، ولم تغيّر العربية أي معرف رسمي أو تسند الملف إلى جزء آخر"
"$!A \equiv (!A_j \land !A_k)$","$!A \equiv (!A_j \land !A_k)$","source_equiv_vs_ident_defect_preserved_olp0060","الإصلاح الصامت إلى ident؛ تفسير equiv بوصفه تكافؤًا دلاليًا مطلوبًا؛ تغيير land أو المؤشرات؛ تعميم التغيير على المواضع الستة عشر الصحيحة من ident","يعرّف النص متتالية التكوين ويقارن السلاسل بالهوية التركيبية ident في جميع الفروع، ثم يستعمل equiv مرة وحيدة في حالة العطف داخل برهان العكس؛ والسياق يحتاج أن تكون A السلسلة نفسها المبنية في الحد الأخير لا مجرد مكافئ منطقي لها","pinned formation-sequences.tex lines 140--142; thm:fseq-frm-equiv proof; OLP-0060","high confidence; exact source has 16 ident commands and one equiv command, independently replayed with neighboring definition and case list; smallest upstream diff is replacing this sole \equiv with \ident; target preserves \equiv pending upstream authority; native/human review none","2026-08-14","Codex","حفظت العربية الرمز المعيب حرفيًا ولم تخف أثره بلفظ يصرح بالهوية التركيبية"
"strong induction on n; formation-sequence length m < n; both have length less than n","الاستقراء القوي على n؛ طول متتالية التكوين m < n؛ طول المتتاليتين أقل من n","source_index_length_off_by_one_preserved_olp0060","تبديل n صامتًا إلى n+1؛ حذف شرط الطول؛ تغيير حدود j وk؛ ادعاء أن عدد حدود A_0 إلى A_n هو n؛ تقوية فرض الاستقراء من دون تسجيل","للمتتالية المفهرسة من A_0 إلى A_n عدد حدود يساوي n+1، لكن البرهان يستقرئ على n ثم يصوغ فرضه وطولي البادئتين بلغة الطول الأقل من n؛ وقد يكون للبادئة المنتهية عند n-1 طول n، فلا تقع تحت الفرض كما صيغ","pinned formation-sequences.tex lines 126--149; thm:fseq-frm-equiv proof; OLP-0060","high confidence; indices and actual cardinalities independently replayed for boundary case j=n-1; smallest coherent upstream diff is replacing length language in the induction hypothesis and prefix sentence with last-index language, while retaining induction on n; Arabic preserves the published wording; native/human review none","2026-08-14","Codex","لم تصلح العربية فجوة الواحد بإعادة تفسير كلمة طول؛ بقيت العبارتان صريحتين كي تظل المشكلة قابلة للتدقيق"
"If A_n is atomic then A_n is in Frm[L_0]","إذا كان A_n ذريًا فإن A_n ينتمي إلى Frm[L_0]","source_atomic_case_goal_bridge_omission_preserved_olp0060","إضافة استنتاج غير منبعي داخل الهدف؛ حذف الحالة الذرية؛ تبديل A_n بـA صامتًا؛ الادعاء بأن الهوية الدلالية تكفي","هدف البرهان المعلن هو A في Frm، وتعريف متتالية التكوين يعطي A ident A_n، لكن الفرع الذري يثبت فقط A_n في Frm ولا يصرح بالانتقال إلى A باستعمال الهوية التركيبية؛ الانتقال فوري لكنه محذوف من النص","pinned formation-sequences.tex lines 126, 130 and 140--142; thm:fseq-frm-equiv proof; OLP-0060","medium-high confidence; goal, defining identity and atomic conclusion independently replayed in one proof scope; smallest upstream diff is appending and since A ident A_n, A is in Frm to the atomic case; Arabic leaves the bridge implicit; native/human review none","2026-08-14","Codex","حفظت العربية النتيجة الخاصة بـA_n ولم تكتب من عندها النتيجة المطلوبة لـA"
"there exist j,k < i; negation branch uses only j","يوجد j,k < i؛ وفرع النفي يستعمل j وحده","source_unused_k_harmless_preserved_olp0060","حذف k صامتًا من الكمية المشتركة؛ اشتراط j وk متميزين؛ استعمال k مصطنعًا في النفي؛ اعتبار التكرار مانعًا لتكوين النفي","يشارك فرع النفي الفروع الثنائية كمية وجودية على j وk مع أن صيغته أحادية؛ وهذا لا يغير الامتداد لأن k يجوز أن يساوي j، ولأن الحد غير الذري اللاحق له مؤشر موجب فيوجد مؤشر سابق صالح","pinned formation-sequences.tex lines 22--32; defn:fseq-frm; OLP-0060","high confidence on redundancy and harmlessness under the stated non-distinct indices; independently replayed at the minimal unary case i=1 with j=k=0; smallest optional upstream clarity diff is to quantify j in the unary clause and j,k separately in binary clauses; no repair required; native/human review none","2026-08-14","Codex","أبقت العربية الكمية المشتركة كما هي ولم تضف شرط تمايز لا وجود له في المنبع"
"lemma lem:fseq-init proof: Exercise.","برهان اللمة lem:fseq-init: تمرين.","source_explicit_exercise_lemma_preserved_olp0060","اختراع برهان؛ حذف بيئة proof؛ تحويل اللمة إلى مسألة؛ الإيحاء بأن البرهان مفقود عرضًا؛ استعمال اللمة قبل تسجيل تفويض برهانها للقارئ","ينص المنبع صراحة على Exercise داخل بيئة البرهان ثم يستعمل اللمة في المبرهنة التالية؛ لذلك فهذا تفويض تربوي ظاهر لا موضع يجوز للمترجم ملؤه من عنده، مع بقاء الاعتماد البرهاني قابلًا للمراجعة","pinned formation-sequences.tex lines 103--112 and reference at line 142; OLP-0060","high confidence; lemma statement, literal proof body and downstream reference independently replayed; no upstream diff proposed unless the edition intends proof completeness, in which case add a proof or relabel as a problem; Arabic exactly renders Exercise as تمرين; native/human review none","2026-08-14","Codex","لم تدخل الترجمة حلًا جديدًا في متن مجمد ولم تسقط اعتماد البرهان اللاحق على اللمة"
"pinned OLP-0061 source authority","تجميد وحدة التقييمات والإرضاء على منبع Open Logic المثبت","source_authority_bound_olp0061","الاعتماد على HEAD متحرك؛ الرجوع إلى هدف فارسي أو هدف لغة شقيقة؛ إسقاط تجزئة النهايات؛ عد CRLF فرقًا دلاليًا؛ إصلاح الرموز أو البراهين قبل الترجمة","commit 9620cc73f9c8e0ad003c514a5d3748f29611c4c0; tree f67757bb9305b173634082ab4cefd5601a707a34; blob 103c383d0832e1b6758ae2e8d37900936dda0277; path content/propositional-logic/syntax-and-semantics/valuations-sat.tex; cache CRLF 6190 B SHA-256 d1454e8c2366f3a204a371523f41feacbdc72402f7a3a7ae6635b60b17c90481; canonical LF/git blob 5992 B/198 LF/terminal LF/199 manifest logical-line positions SHA-256 9f0b5ecd5a8462ab5d970546602a1a0b0e46e5908c6a0f46369f93543583f882","OLP-0061 exact source contract","332 ordered alphabetic control-sequence occurrences/38 unique, command digest 2b4e0e39e437ce70651b017480e966dc61ef45ff9e30e72c03b18609fd1bab7a; 26 environment instances/event digest 6270c005b86d0fdb49c4ac751a3c57047381d30673e09a042b4c6f86bd339a00; 137 generic math segments; 10 multiline-aware active carriers/digest b1dea4a3c3bb9ce45ad6f804736e72422e56a8d20a4f7b1b6ce73b1783d4b06f; 3 labels, 1 reference, 13 iftags, 7 tagitems, 3 full-line comments/11 comment markers, 0 imports; all counted before editing; no Persian or sibling-language target consulted; human/native review pending","2026-08-14","Codex","Environment multiset align*:1|cases:6|center:1|defn:3|document:1|enumerate:1|explain:1|gather*:1|prob:2|proof:2|prop:1|tabular:5|thm:1؛ 135 dollar spans replay exactly with digest 448b4a00753c2c07e22c055e54b9bf6342656dc9d21c11fd30969853855e5a1b، وخمسة tabular blocks replay exactly with digest 279aabc558d36e55a8daa0cb1b780e0a5f60ce19eed511730efeb5330fdb7fad؛ هدف العربية LF مع سطر نهائي"
"valuation; evaluation function; satisfaction; Local Determination; truth table","تقييم؛ دالة القيمة؛ إرضاء؛ التحديد المحلي؛ جدول الصدق","chosen_semantic_headwords_olp0061","تسوية دالة القيمة بالتقييم الذري؛ استعمال الإشباع بوصفه رأسًا موازيًا للإرضاء؛ ترجمة Local إلى جزئي بما يوهم جزءًا من الصيغة؛ جدول الحقيقة بوصفه الرأس الوحيد","يسند التقييم القيم إلى المتغيرات القضوية، وتمتد دالة القيمة استقرائيًا إلى جميع الصيغ، والإرضاء هو العلاقة التي تتحقق بالضبط عند القيمة True؛ ويقرر التحديد المحلي أن قيمة الصيغة لا تعتمد إلا على قيم متغيراتها الواردة فيها","section title, two definitions, truth-table explanation and thm:LocalDetermination in OLP-0061","terminology replayed against OLP-0057 and the Arabic valuation token; semantic self-audit passed; independent target-language review pending; human/native review pending","2026-08-14","Codex","حُفظت الفروق بين pAssign وpValue وpSat ولم تُحوّل دالة القيمة إلى تقييم ثان، كما بقي ترتيب قيم الصدق وصفوف الجداول حرفيًا"
"whenever p_n occurs in some formula A","كلما ورد p_n في الصيغة A المثبتة في فرض المبرهنة","source_fixed_formula_scope_defect_transparently_normalized_olp0061","محاكاة some بصيغة وجودية؛ إدخال صيغة أخرى؛ حذف شرط الورود؛ توسيع الاتفاق إلى جميع المتغيرات القضوية؛ تغيير أي رمز أو مساواة","تقول الجملة السابقة إن التقييمين يتفقان على المتغيرات الواردة في A المثبتة، لكن عبارة i.e. اللاحقة تدخل some formula A إدخالًا نكرًا فلا تعيد الشرط نفسه على وجه دقيق؛ العربية تحفظ A نفسها وتحذف التنكير المعيب وحده","pinned valuations-sat.tex lines 134--139; thm:LocalDetermination; OLP-0061","disposition: upstream semantic/editorial clarification; confidence high 0.97; independent AI source audit agreed; independent human/native review pending","2026-08-14","Codex","Original exact surface: whenever $\Obj p_n$ occurs in some !!{formula}~$!A$؛ smallest upstream fix: replace only some with the؛ لم يتغير في العربية pAssign أو pValue أو أي مجال تكميم أو مساواة"
"truth-table and satisfaction-clause gate matrix","حفظ بوابات الروابط وهندسة الجداول والحالات وترتيب البنود من دون عكس RTL","formal_gate_and_geometry_preserved_olp0061","عكس عمودي A وB؛ تبديل صفوف True وFalse؛ تسوية lif بـliff؛ حذف notprv gate؛ تفعيل بند معطل؛ تغيير indcase أو علامة نفي pSat/؛ ترجمة معرفات prv","تفصل البوابات الروابط الاختيارية، وتحدد الجداول دوال الصدق، ثم تعيد بنود الإرضاء الشروط نفسها استقرائيًا؛ لذلك يجب أن تبقى المفاتيح والهندسة والترتيب والأسطح الصورية مستقلة عن اتجاه نثر العربية","align/cases, five truth tables, gather/cases and satisfaction enumerate in OLP-0061","all 332 control-sequence occurrences, 52 environment events, 135 dollar spans, 10 glossary carriers, labels/ref, 13 iftag keys, 7 tagitem keys, comments and all five tabular blocks replay exactly; masked align/gather skeleton digest a1fa03b0d7dd3ec12afe94ec16bb12d1f1a3afef68755c897c9519d54ab0d3b8; human visual review pending; no build by unit instruction","2026-08-14","Codex","iftag order prvFalse|prvTrue|prvNot|prvAnd|prvOr|prvIf|prvIff|prvNot|prvAnd|prvOr|notprvNot,notprvAnd,notprvOr,notprvIf|prvIf|prvIff and tagitem order prvFalse|prvTrue|prvNot|prvAnd|prvOr|prvIf|prvIff are exact; labels thm:LocalDetermination|defn:satisfaction|prop:sat-value؛ sole ref [pl][syn][val]{prop:sat-value}؛ 11-comment-marker digest 3ba988d974d2a04d2c3c48d86b78528530f4c13b8754ad274aab24da716d3e04؛ six cases and all row orders are unchanged"
"$!A \equiv (!A_j \land !A_k)$","$!A \ident (!A_j \land !A_k)$","source_equiv_vs_ident_defect_transparently_corrected_olp0060_paired_qa","الإبقاء على \equiv؛ تغيير A إلى A_n؛ تغيير \land أو المؤشرين؛ توسيع التصحيح إلى أي موضع آخر؛ تصحيح الهدف من غير سجل تدقيقي","تحتاج حالة العطف في برهان العكس إلى الهوية التركيبية كي يلزم من كون A_j وA_k صيغتين أن تكون A نفسها الصيغة المركبة؛ لا يكفي التكافؤ الدلالي. استُبدل الأمر الوحيد \equiv بالأمر \ident، وبقيت A وA_j وA_k و\land والأقواس والترتيب والنطاق الرياضي من دون تغيير.","Arabic target formation-sequences.tex lines 136--137; pinned source lines 141--142; thm:fseq-frm-equiv proof; OLP-0060","high confidence; exact one-command source correction authorized in paired QA; 163 commands and 75 math spans retained with sole command delta equiv to ident; no build; native/human review none","2026-08-14","Codex independent paired QA","يحل هذا السجل محل قرار الحفظ في source_equiv_vs_ident_defect_preserved_olp0060: صُحح الهدف العربي بشفافية إلى الهوية التركيبية بعد إعادة مستقلة للبرهان؛ وهو يطابق التصحيح الفارسي الموثق، ولا يمتد هذا الإذن إلى عيوب المنبع الأخرى المسجلة."
"pinned OLP-0062 source authority","تجميد وحدة المفاهيم الدلالية على منبع Open Logic المثبت","source_authority_bound_olp0062","الاعتماد على HEAD متحرك؛ الرجوع إلى هدف فارسي أو هدف لغة شقيقة؛ إسقاط تجزئة النهايات؛ عد CRLF فرقًا دلاليًا؛ تغيير الصيغ أو المعرّفات أو البراهين قبل الترجمة","commit 9620cc73f9c8e0ad003c514a5d3748f29611c4c0; tree f67757bb9305b173634082ab4cefd5601a707a34; blob 04dd30d029d631fcbac2892a624dcf8667869174; path content/propositional-logic/syntax-and-semantics/semantic-notions.tex; canonical LF 2962 B SHA-256 992456E01AA355799EABEA11DC7D2A49A5F1A0F0EBEEF05D36F86603C0F06D39; cache CRLF 3058 B SHA-256 0167B2BAB0DC2A75D011556643190A246D29831244A60BDE5515B1B2F431406A","OLP-0062 exact source contract","177 broad control-sequence occurrences/27 unique; 15 environment instances in exact order; 42 math segments consisting of 38 dollar spans and 4 parenthesized spans; 9 glossary carriers; 5 labels; 3 references; 3 metadata comments; all counted before translation; no Persian or sibling-language target consulted; human/native review pending","2026-08-14","Codex","حُفظت الصيغ والمعرّفات والترتيب حرفيًا؛ بقي الوسمان def:monotonicity وdef:Cut على غرابتهما؛ وبقيت بيئات البراهين الثلاث وترجمت أجسامها الصريحة Exercise. إلى تمرين.؛ لم يكشف التدقيق عيبًا رياضيًا أو دلاليًا قابلًا للإجراء، ولذلك لم يُنشأ سجل عيب مصطنع"
"semantic notions; satisfiable; unsatisfiable; tautology; contingent; entailment; monotonicity; transitivity; Semantic Deduction Theorem","المفاهيم الدلالية؛ قابل للإرضاء؛ غير قابل للإرضاء؛ تحصيل حاصل؛ عارض؛ استلزام؛ رتابة؛ تعدٍّ؛ مبرهنة الاستنتاج الدلالي","chosen_semantic_notions_headwords_olp0062","الإشباع بوصفه رأسًا موازيًا للإرضاء؛ تسوية قابلية الإرضاء بالصدق في كل تقييم؛ صادقة دائمًا بوصفها بديلًا اصطلاحيًا وحيدًا لتحصيل الحاصل؛ ممكنة من غير تقييد بنفي التحصيل الحاصل؛ عكس جهة الاستلزام؛ التزايد؛ ترجمة Transitivity إلى القطع اعتمادًا على اسم الوسم؛ مبرهنة الحسم","قابلية الإرضاء تحتاج تقييمًا شاهدًا والتحصيل الحاصل ترضيه جميع التقييمات والعارض قابل للإرضاء وليس تحصيل حاصل؛ ويحفظ الاستلزام صدق النتيجة في كل تقييم يرضي المقدمات، وتصف الرتابة توسيع مجموعة المقدمات والتعدي تركيب خطوتي الاستلزام","definition, semantic-facts proposition, unsatisfiability proposition and theorem title in OLP-0062","established Arabic semantic heads replayed against OLP-0057 and OLP-0061; quantifier forces, negations, premise directions and all formal surfaces independently replayed; internal linguistic and semantic review passed; native/human review pending","2026-08-14","Codex","حافظ المتن على التمييز بين التقييم والإرضاء وقابلية الإرضاء، وترجم العنوان الظاهر Transitivity إلى التعدي مع إبقاء معرف def:Cut حرفيًا، واستعمل مبرهنة الاستنتاج الدلالي للمكافأة بين Gamma entails A lif B وGamma union {A} entails B"
"it can be mechanically verified if !!a{formula} is an axiom and whether it follows correctly","يمكن التحقق آليًا مما إذا كانت الصيغة بديهية، ومما إذا كانت ناتجةً على الوجه الصحيح","source_if_whether_coordination_defect_transparently_normalized_olp0064","محاكاة عدم التوازي if/whether في نحو عربي مكسور؛ حذف أحد اختباري القرار؛ توسيع الادعاء إلى صحة الاشتقاق كله؛ تغيير قاعدة استدلال","يعطف المنبع استفهامًا غير مباشر يبدأ بـwhether على آخر يبدأ بـif مع بقاء فعل verified نفسه؛ القراءة المقصودة الواضحة هي اختباران آليان متوازيان، ولا يمس إصلاح التوازي أي شرط صوري","pinned content/first-order-logic/proof-systems/introduction.tex lines 31--33; OLP-0064","confidence high; exact frozen wording and the two coordinated decision predicates internally replayed; smallest upstream fix is replacing if with whether; independent review pending","2026-08-14","Codex","سوّت العربية الرابطين إلى «مما إذا» وحفظت كون الصيغة بديهية وكونها ناتجة من صيغ أخرى بإحدى قواعد الاستدلال"
"unsatisfiablity","عدم قابلية الإرضاء","source_spelling_defect_transparently_normalized_olp0064","نقل التهجئة الإنجليزية المعيبة؛ تغيير المفهوم إلى عدم الاتساق؛ حذف المقابلة بين التركيبي والدلالي","تحذف الكلمة المنبعية حرف i من unsatisfiability، بينما يصرح السياق بأن عدم الاتساق هو المقابل التركيبي لعدم قابلية الإرضاء","pinned content/first-order-logic/proof-systems/introduction.tex lines 85--87; OLP-0064","confidence 1.00; exact token checked against the standard spelling already used elsewhere in the pinned tree; smallest upstream fix is unsatisfiablity to unsatisfiability; independent review pending","2026-08-14","Codex","طبّعت العربية الخطأ الإملائي وحده ولم تسوّ بين consistency وsatisfiability"
"!A_1, \dots, !A_m \Sequent !B_1, \dots, !B_m","!A_1, \dots, !A_m \Sequent !B_1, \dots, !B_m","source_sequent_right_index_defect_preserved_olp0065","التصحيح الصامت لـB_m إلى B_n؛ تغيير A_m؛ فرض تساوي طولي المتتاليتين؛ تعديل العرض اللاحق ليوافق القيد العرضي","يعرّف النص التتابعية زوجًا اعتباطيًا من متتاليتين ويصرح بجواز خلو أي منهما، لكن العرض يستعمل m حدًا أخيرًا للطرفين؛ وتستعمل وحدة القواعد اللاحقة الصيغة العامة A_1 إلى A_m وB_1 إلى B_n","pinned content/first-order-logic/proof-systems/sequent-calculus.tex lines 17--22; OLP-0065","confidence high; display, adjacent definition, empty-side statement, and OLP-0070 general form internally replayed; smallest upstream fix is replacing only the final B_m with B_n; independent review pending","2026-08-14","Codex","حفظت العربية العرض الرياضي حرفيًا وسجلت أن تساوي الطولين ليس قيدًا مقصودًا في تعريف التتابعية"
"\TRule{\False}{!A \land !B}; two occurrences of \TRule{\True}{\lif}[2]","\TRule{\False}{\land}; two occurrences of \TRule{\True}{\land}[2]","source_tableau_rule_labels_transparently_corrected_olp0067_paired_replay","الإبقاء على التسميات المعيبة؛ تغيير أول تسميتي \TRule{\False}{\lif}[1] الصحيحتين؛ تغيير الصيغ الموقعة أو أرقام الأسطر؛ قلب True وFalse","تطبق الجملة الأولى قاعدة كذب العطف، فتأخذ تسمية القاعدة المؤثر \land لا الصيغة كلها. وفي الشجرة ينتج السطران الموقّعان True A وTrue B من تحليل True(A land B)، ولذلك يلزم أن تسمى خطوتاهما True-land لا True-implication؛ أما خطوتا False-implication السابقتان فصحيحتان","pinned content/first-order-logic/proof-systems/tableaux.tex lines 31--39 and 53--58; OLP-0067","confidence high; independent paired source replay verified all three principal formulas and compared the pinned rule definitions; smallest upstream diffs are !A \land !B to \land once and \lif to \land twice; corrected in Arabic target","2026-08-14","Codex paired replay","حُفظت الصيغ والعلامات والرقمان [1] و[2] وبنية الشجرة، واقتصر التصحيح على حجج تسميات القواعد الثلاث"
"for some $!B_i \in \Gamma$","لبعض $!B_i \in \Gamma$","source_tableau_inconsistency_quantifier_defect_preserved_olp0067","تقوية some صامتًا إلى every؛ حذف أحد الفروض B_1 إلى B_n؛ إدخال Gamma_0 غير موجودة في الجملة؛ تغيير تعريف عدم الاتساق","يتطلب تعريف عدم الاتساق جدولًا مغلقًا لفروض B_1 إلى B_n مأخوذة كلها من Gamma، لكن العبارة الختامية لا تقيد إلا B_i واحدًا بكم وجودي مفرد؛ فلا تضمن عضوية بقية الفروض","pinned content/first-order-logic/proof-systems/tableaux.tex lines 65--70; OLP-0067","confidence high; displayed assumption set and following singular quantifier internally replayed; smallest upstream fix is where $!B_i \in \Gamma$ for every $1 \le i \le n$; independent review pending","2026-08-14","Codex","حفظت العربية قوة «لبعض» حرفيًا ولم تضف تكميمًا كليًا غير موجود في المنبع"
"four \RightR{\Exchange} labels on antecedent exchanges","\LeftR{\Exchange} at all four corresponding inference steps","source_antecedent_exchange_labels_transparently_corrected_olp0075","الإبقاء على RightR؛ تغيير صيغ التتابعيات؛ تغيير تبادلَي التالي الصحيحين في الفرع الأيسر؛ توسيع التصحيح إلى أي Exchange آخر","تبدّل الاستدلالات الأربعة ترتيب صيغتين في الجانب الأيسر من التتابعية، من B,A إلى A,B أو من disjunction,A إلى A,disjunction؛ ولذلك فهي أمثلة لقاعدة التبادل اليسرى لا اليمنى. أما التبادلان اللذان يعيدان ترتيب التالي في السطرين 136 و291 فموسومان RightR على الوجه الصحيح","pinned content/first-order-logic/sequent-calculus/proving-things.tex lines 86, 104, 125, and 147; OLP-0075","confidence high; source-only oracle and independent paired replay identified the same four principal-side mismatches; smallest upstream diff is RightR to LeftR at exactly these four labels; corrected in Arabic target","2026-08-14","Codex paired replay","حُفظت جميع التتابعيات وقواعد weakening/contraction/not/or/if وأشجار البرهان، واقتصر الفرق على جهة Exchange في المواضع الأربعة"
"This section collects the definitions of the provability relation and consistency for natural deduction.","يجمع هذا القسم تعريفي علاقة قابلية الإثبات والاتساق في حساب التتابعيات.","source_editorial_wrong_calculus_transparently_corrected_olp0077","الإبقاء على الاستنتاج الطبيعي؛ تغيير معرفات القسم؛ حذف البيئة التحريرية؛ تعميم التصحيح على فصول أخرى","يقع القسم داخل فصل حساب التتابعيات، ويعرّف المبرهنة وقابلية الاشتقاق والاتساق صراحة بواسطة LK والتتابعيات؛ ولا يستعمل نظام الاستنتاج الطبيعي في أي تعريف من تعريفاته","pinned content/first-order-logic/sequent-calculus/proof-theoretic-notions.tex lines 9--12 and definitions at lines 30--76; OLP-0077","confidence 1.00; source-only oracle and section-local LK definitions independently replayed; smallest upstream fix is replacing natural deduction with the sequent calculus; corrected in Arabic target","2026-08-14","Codex paired replay","لم تغيّر العربية مضمون أي تعريف أو رمز Proves، وصححت اسم النسق في الملاحظة التحريرية وحده"
"satisfaction of !!{sentence}s in !!{structure}s","إرضاء ال!!{sentence}s في \iftag{FOL}{ال!!{structure}s}{ال!!{valuation}s}","source_fol_pl_semantic_carrier_cross_tag_transparently_corrected_olp0077","الإبقاء على structures في النسخة القضوية؛ حذف حامل المصطلح؛ قلب فرعي الوسم؛ تغيير تعريفات قابلية الاشتقاق","فرع FOL يقوّم الصدق في البنى، أما فرع PL فيقوّمه في التقييمات؛ واستعمال structures بلا بوابة يجعل الملاحظة الدلالية خاطئة تحت وسم PL","commit 9620cc73f9c8e0ad003c514a5d3748f29611c4c0; tree f67757bb9305b173634082ab4cefd5601a707a34; pinned content/first-order-logic/sequent-calculus/proof-theoretic-notions.tex lines 20--27; OLP-0077","confidence high 0.99; source tag branches and the chapter's FOL/PL definitions independently replayed; smallest upstream fix is wrapping the carrier as \iftag{FOL}{!!{structure}s}{!!{valuation}s}; corrected in Arabic target","2026-08-14","Codex paired replay","أضيفت بوابة واحدة في النثر وحده، وبقيت الجمل وقابلية الاشتقاق وعدمها ومبرهنتا السلامة والاكتمال بلا تغيير"
"arbitrary, $\Gamma \Sequent \Delta$ is valid","اعتباطية، تكون $!A \land !B, \Gamma \Sequent \Delta$ صالحة","source_principal_conjunction_dropped_transparently_corrected_olp0081","الإبقاء على تتابعية المقدمة؛ تغيير قاعدة Left-land؛ حذف Gamma أو Delta؛ إدخال صيغة أخرى","النتيجة الجاري إثبات صلاحيتها هي نتيجة استدلال Left-land وتحتوي الصيغة الرئيسة !A land !B في المقدَّم؛ أما Gamma Sequent Delta فليست النتيجة وقد لا تكون صالحة","commit 9620cc73f9c8e0ad003c514a5d3748f29611c4c0; pinned content/first-order-logic/sequent-calculus/soundness.tex lines 132--159, especially line 157; OLP-0081","confidence 1.00; displayed inference and the assigned Theta independently replayed; smallest upstream fix is replacing only $\Gamma \Sequent \Delta$ with $!A \land !B, \Gamma \Sequent \Delta$; corrected in Arabic target","2026-08-14","Codex source replay","أعيدت الصيغة الرئيسة في الحكم الختامي وحده، ولم يتغير أي فرع دلالي أو شجرة برهان"
"if suffices to show that","يكفي أن نبين أن","source_if_it_typo_transparently_corrected_olp0081","محاكاة if على أنه شرط؛ حذف دعوى الكفاية؛ تغيير الإحالة إلى قضية إرضاء المكممات","السياق لا يفتح جملة شرطية بل يقرر ما يكفي لإثبات إرضاء الكلي؛ والكلمة المقصودة بوضوح هي it لا if","commit 9620cc73f9c8e0ad003c514a5d3748f29611c4c0; pinned content/first-order-logic/sequent-calculus/soundness.tex lines 244--264, especially line 249; OLP-0081","confidence 1.00; syntax and cited quantifier-satisfaction proposition independently replayed; smallest upstream fix is if to it; transparently normalized in Arabic","2026-08-14","Codex source replay","لم تغيّر العربية بنية البرهان أو كمية إسنادات المتغيرات، وطبّعت الكلمة المعيبة وحدها"
"it must satisfy $\Pi \setminus \Lambda$","يلزم أن ترضي $\Pi \Sequent \Lambda$","source_setminus_for_sequent_transparently_corrected_olp0081","الإبقاء على فرق المجموعتين؛ تغيير Pi أو Lambda؛ تعديل مقدمة القطع أو نتيجته؛ تحويل الحكم إلى احتواء","الموضع يصف المقدمة اليمنى لاستدلال القطع المعروضة صراحة على أنها Pi Sequent Lambda؛ والفرق التجميعي Pi setminus Lambda ليس تتابعية ولا شيئًا يمكن أن ترضيه بنية أو تقييم بهذا التعريف","commit 9620cc73f9c8e0ad003c514a5d3748f29611c4c0; pinned content/first-order-logic/sequent-calculus/soundness.tex lines 270--289, especially line 288; OLP-0081","confidence 1.00; displayed cut premise and satisfaction cases independently replayed; smallest upstream fix is replacing \setminus with \Sequent; corrected in Arabic target","2026-08-14","Codex source replay","اقتصر الفرق الصوري على الأمر setminus إلى Sequent، وبقي Pi وLambda والنطاق الرياضي كما هما"
"since $\Sat{M}{\eq[t_1][t_2]}$","وبما أن~$\Sat{M}{\eq[t_1][t_2]}$","source_sentence_initial_case_transparently_corrected_olp0083","بدء جملة إنجليزية بحرف صغير؛ وصلها بالجملة السابقة بما يغيّر بنيتها؛ حذف فرض الهوية","تبدأ الكلمة جملة جديدة بعد نقطة، ولذلك يلزم Since بحرف كبير؛ ولا يمس التصحيح الفرض الدلالي أو الاستنتاج التالي","commit 9620cc73f9c8e0ad003c514a5d3748f29611c4c0; pinned content/first-order-logic/sequent-calculus/soundness-identity.tex lines 30--41, especially line 36; OLP-0083","confidence 1.00; punctuation boundary independently replayed; smallest upstream fix is since to Since; Arabic sentence begins normally","2026-08-14","Codex source replay","حُفظت صيغة الإرضاء والهوية وقيمة الحدين حرفيًا، وصُحح استهلال الجملة وحده"
"below one, two, or three other sequents","تحت جملة أو جملتين أو ثلاث جمل أخرى","source_sentence_sequent_category_transparently_corrected_olp0085","ترجمة sequents إلى تتابعيات داخل شجرة الاستنتاج الطبيعي؛ تغيير عدد المقدمات؛ حذف شرط التطبيق الصحيح","يعرّف النص اشتقاقات الاستنتاج الطبيعي بأنها أشجار جمل، وتعرض القواعد مقدمات ونتائج هي جمل مفردة لا تتابعيات؛ لذا فـsequents زلة فئوية والمقصود sentences","commit 9620cc73f9c8e0ad003c514a5d3748f29611c4c0; pinned content/first-order-logic/natural-deduction/rules-and-proofs.tex lines 31--39, especially line 33; OLP-0085","confidence high 0.99; adjacent tree definition and all displayed rule shapes independently replayed; smallest upstream fix is sequents to sentences; corrected in Arabic target","2026-08-14","Codex source replay","أبقت العربية الأعداد 1 و2 و3 وعلاقة الوقوع أسفل المقدمات، وصححت اسم الفئة وحده"
"an eigenvariable neither occur in the premises","ألا يرد المتغير المميَّز في النتائج","source_eigenvariable_conclusions_transparently_corrected_olp0087","الإبقاء على premises؛ توسيع الحظر إلى كل مقدمة صورية؛ حذف قيد الافتراضات غير المسقطة؛ تغيير القاعدتين","شرط المتغير المميَّز في forall-I وexists-E يمنع الرمز من الظهور في نتيجة الاستدلال والافتراضات غير المسقطة؛ أما منعه من المقدمات فيناقض الصيغ المعروضة نفسها التي تحتوي A(a)","commit 9620cc73f9c8e0ad003c514a5d3748f29611c4c0; pinned content/first-order-logic/natural-deduction/quantifier-rules.tex lines 27--61, especially line 58; OLP-0087","confidence 1.00; both displayed rules and their preceding side conditions independently replayed; smallest upstream fix is the first premises to conclusions; corrected in Arabic target","2026-08-14","Codex source replay","حُفظ الورود الثاني لكلمة premises الذي يصف الاشتقاقات المؤدية إلى المقدمات، وصُحح الورود الأول فقط"
"the !!{main operator} of the !!{sentence} in the end-sequent","ال!!{main operator} لل!!{sentence} الواقعة في أسفل الاشتقاق","source_natural_deduction_location_transparently_corrected_olp0089","الإبقاء على end-sequent؛ إدخال تتابعية في شجرة الاستنتاج الطبيعي؛ تغيير المؤثر الرئيس أو الصيغة؛ إضافة حامل مصطلحي جديد","المثال اشتقاق استنتاج طبيعي لا يحتوي تتابعية نهائية، والصيغة المقصودة معروضة بوصفها العقدة السفلى في شجرة الاشتقاق؛ لذا فالموضع الصحيح هو bottom of the derivation","commit 9620cc73f9c8e0ad003c514a5d3748f29611c4c0; pinned content/first-order-logic/natural-deduction/proving-things.tex lines 57--70, especially lines 66--68; OLP-0089","confidence 1.00; displayed tree and chapter proof formalism independently replayed; smallest upstream fix is in the end-sequent to at the bottom of the derivation; corrected in Arabic target","2026-08-14","Codex source replay","استعملت العربية كلمة الاشتقاق العادية كي لا تضيف حامل !! جديدًا، وحفظت main operator وsentence والروابط الثلاثة"
"\RightLabel{\Intro{\lfalse}} above $\lfalse$ from $\lnot !A$ and $!A$","\RightLabel{\Elim{\lnot}} above $\lfalse$ from $\lnot !A$ and $!A$","source_negation_rule_label_transparently_corrected_olp0089","الإبقاء على Intro-false؛ تغيير المقدمتين أو النتيجة؛ تصحيح الأشجار المكررة الأخرى؛ استبدال FalseInt التالية","المقدمتان نفي وصيغته، والنتيجة falsum؛ وهذا هو تطبيق Elim-not كما يصرح النص قبل الشجرة وكما يظهر في النسختين السابقة واللاحقة من الفرع نفسه، ولا توجد قاعدة Intro-false معرفة في الفصل","commit 9620cc73f9c8e0ad003c514a5d3748f29611c4c0; pinned content/first-order-logic/natural-deduction/proving-things.tex lines 116--147, especially line 133; OLP-0089","confidence 1.00; rule definitions and all three repeated tree states independently replayed; smallest upstream fix is \Intro{\lfalse} to \Elim{\lnot}; corrected in Arabic target","2026-08-14","Codex source replay","حُفظت الشجرة المكررة حرفيًا عدا حجتي تسمية القاعدة المحددة، وبقي FalseInt اللاحق بلا تغيير"
"choose a constant that does not appear in $\lexists[x][!A(x)]$","اختر رمزًا ثابتًا لا يرد في $\lexists[x][\lnot !A(x)]$","source_existential_major_premise_negation_transparently_corrected_olp0090","الإبقاء على المقدمة غير المنفية؛ تغيير الشجرة؛ حذف شرط المتغير المميَّز؛ تصحيح Elim-exists التاريخية","المقدمة الكبرى المعروضة قبل هذا الشرح وفي الشجرة التالية هي exists x not-A(x)، وشرط المتغير المميَّز يخص تلك الصيغة نفسها؛ حذف النفي في الإشارة النثرية يبدل الصيغة المشار إليها","commit 9620cc73f9c8e0ad003c514a5d3748f29611c4c0; pinned content/first-order-logic/natural-deduction/proving-things-quant.tex lines 20--49, especially line 39; OLP-0090","confidence 1.00; goal, discharged major premise and following displayed tree independently replayed; smallest upstream fix is inserting \lnot before !A(x); corrected in Arabic target","2026-08-14","Codex source replay","أضيف أمر lnot واحد داخل الإشارة الرياضية وحدها، وبقيت صيغة الشجرة ووسوم القواعد وElim-exists التاريخية كما في المنبع"
"collects the definitions the provability relation","يجمع تعريفي علاقة قابلية الإثبات والاتساق","source_missing_of_transparently_corrected_olp0091","محاكاة definitions the في تركيب عربي مكسور؛ حذف أحد التعريفين؛ تغيير اسم علاقة قابلية الإثبات","ينقص العبارة الإنجليزية حرف الجر of بعد definitions، والمقصود الواضح تعريف علاقة قابلية الإثبات وتعريف الاتساق","commit 9620cc73f9c8e0ad003c514a5d3748f29611c4c0; pinned content/first-order-logic/natural-deduction/proof-theoretic-notions.tex lines 15--18; OLP-0091","confidence 1.00; grammatical parse and the two following definitions independently replayed; smallest upstream fix is inserting of after definitions; normalized in Arabic","2026-08-14","Codex source replay","لم يتغير اسم القسم أو النسق أو أي تعريف صوري؛ أصلحت العربية حرف الجر المحذوف ضمن تركيبها الطبيعي"
"satisfaction of !!{sentence}s in !!{structure}s","إرضاء ال!!{sentence}s في \iftag{FOL}{ال!!{structure}s}{ال!!{valuation}s}","source_fol_pl_semantic_carrier_cross_tag_transparently_corrected_olp0091","الإبقاء على structures تحت وسم PL؛ قلب فرعي الوسم؛ تغيير علاقة الاشتقاق؛ حذف حامل المصطلح","يستعمل فرع FOL البنى ويستعمل فرع PL التقييمات في تعريف الصدق؛ والتعبير غير المشروط بالبنى يجعل الشرح خاطئًا في النسخة القضوية","commit 9620cc73f9c8e0ad003c514a5d3748f29611c4c0; pinned content/first-order-logic/natural-deduction/proof-theoretic-notions.tex lines 20--28, especially line 24; OLP-0091","confidence high 0.99; FOL/PL semantic definitions and sibling chapter branch independently replayed; smallest upstream fix is \iftag{FOL}{!!{structure}s}{!!{valuation}s}; corrected in Arabic","2026-08-14","Codex source replay","أضيفت بوابة مصطلحية واحدة في النثر، وبقيت الجمل وقابلية الاشتقاق وعدمها كما هي"
"\RightLabel{\FalseCl} immediately before \DischargeRule{\FalseCl}{1}","حذف \RightLabel{\FalseCl} الزائد والإبقاء على \DischargeRule{\FalseCl}{1}","source_duplicate_falsecl_label_transparently_corrected_olp0092","الإبقاء على الوسمين المتتاليين؛ حذف DischargeRule التي تحمل رقم الإسقاط؛ تغيير قاعدة البرهان؛ تعديل الافتراض","تضيف RightLabel تسمية مستقلة ثم تضيف DischargeRule التسمية نفسها مع رقم الافتراض المسقط، فتتكرر تسمية قاعدة واحدة على خط الاستدلال نفسه؛ والصيغة القياسية في بقية الفصل تستعمل DischargeRule وحدها","commit 9620cc73f9c8e0ad003c514a5d3748f29611c4c0; pinned content/first-order-logic/natural-deduction/provability-consistency.tex lines 63--74, especially lines 71--72; OLP-0092","confidence 1.00; proof-tree macro sequence and FalseCl rule definition independently replayed; smallest upstream fix is deleting the standalone \RightLabel{\FalseCl}; corrected in Arabic target","2026-08-14","Codex source replay","حُذف حدثا RightLabel وFalseCl الزائدان فقط، وبقيت DischargeRule ورقم 1 والمقدمة والنتيجة حرفيًا"
"all !!{undischarged} assumptions are in $\Gamma$, this shows","كل الافتراضات ال!!{undischarged} في $\Gamma$، ومن ثم يبين هذا","source_comma_splice_so_transparently_corrected_olp0092","محاكاة وصل الجملتين بفاصلة؛ حذف الاستنتاج؛ تغيير شرط عضوية الافتراضات؛ إضافة علاقة سببية أقوى","تحتاج الجملة الثانية رابطًا استنتاجيًا لأن عضوية جميع الافتراضات غير المسقطة في Gamma هي ما يبرر أن الاشتقاق يثبت Gamma Proves falsum؛ والكلمة المقصودة هي so","commit 9620cc73f9c8e0ad003c514a5d3748f29611c4c0; pinned content/first-order-logic/natural-deduction/provability-consistency.tex lines 87--101, especially line 100; OLP-0092","confidence high 0.99; local proof condition and conclusion independently replayed; smallest upstream fix is comma this shows to comma so this shows; normalized in Arabic","2026-08-14","Codex source replay","أبقت العربية الافتراضات وGamma ونتيجة falsum كما هي، وأضافت رابط النتيجة فقط"
"Both ... $!A \land !B \Proves !B$","كل من ... و$!A \land !B \Proves !B$.","source_missing_terminal_period_transparently_corrected_olp0093","ترك بند التعداد بلا علامة ختام؛ تغيير الصيغتين؛ إضافة فاصلة داخل الرياضيات","ينتهي بند القضية قبل بدء بند تال مباشرة ولا يحمل نقطة، في حين تنتهي البنود النظيرة بنقاط؛ النقص تحريري محض","commit 9620cc73f9c8e0ad003c514a5d3748f29611c4c0; pinned content/first-order-logic/natural-deduction/provability-propositional.tex lines 26--31, especially line 29; OLP-0093","confidence 1.00; enumerate boundaries independently replayed; smallest upstream fix is adding a period after the closing math delimiter; normalized in Arabic","2026-08-14","Codex source replay","أضيفت نقطة نثرية بعد الصيغة الثانية من غير تغيير أي رمز أو وسم"
"Consider !!a{structure}~\iftag{FOL}{$\Struct{M}$}{$\pAssign{v}$}","اعتبر \iftag{FOL}{!!a{structure}~$\Struct{M}$}{!!a{valuation}~$\pAssign{v}$}","source_fol_pl_structure_valuation_cross_tag_transparently_corrected_olp0095","الإبقاء على structure في فرع PL؛ حذف pAssign؛ قلب الفرعين؛ تغيير فرض الإرضاء","يضع المنبع اسم structure خارج بوابة FOL/PL مع أنه يختار داخلها بنية M لـFOL وتقييمًا v لـPL؛ فيلزم أن يتفرع اسم الكائن مع رمزه","commit 9620cc73f9c8e0ad003c514a5d3748f29611c4c0; pinned content/first-order-logic/natural-deduction/soundness.tex lines 86--107, especially line 98; OLP-0095","confidence 1.00; adjacent cases already use the correct full branch and semantic notation independently replayed; smallest upstream fix is moving iftag before the carrier and adding valuation in the PL branch; corrected in Arabic","2026-08-14","Codex source replay","أضيف حامل valuation واحد ونُقلت بوابة iftag إلى النطاق الصحيح؛ بقي M وv وجميع صيغ Sat كما هي"
"material relevant to natural deduction as a proof system","المادة المتعلقة بالجداول الدلالية بوصفها نسقًا برهانيًا","source_editorial_wrong_proof_system_transparently_corrected_olp0098","الإبقاء على natural deduction؛ تغيير وسم prfTab؛ تغيير عنوان الفصل؛ حذف الملاحظة التحريرية","الفصل يعرض الجداول الدلالية الموقعة ويستورد وحداتها، والوسم المذكور نفسه prfTab؛ ولذلك فـnatural deduction نسخ تحريري خاطئ والمقصود tableaux","commit 9620cc73f9c8e0ad003c514a5d3748f29611c4c0; pinned content/first-order-logic/tableaux/tableaux.tex lines 8--17; OLP-0098","confidence 1.00; chapter title, imports and tag independently replayed; smallest upstream fix is replacing natural deduction with tableaux; corrected in Arabic","2026-08-14","Codex source replay","حُفظ وسم prfTab وكل الاستيرادات، وصُحح اسم النسق في الجملة التحريرية وحده"
"true or false in !!a{structure}; in some !!{structure}; true in every !!{structure}","\iftag{FOL}{في !!a{structure}}{لدى !!a{valuation}}؛ \iftag{FOL}{في بعض !!{structure}}{لدى بعض !!{valuation}}؛ \iftag{FOL}{في كل !!{structure}}{لدى كل !!{valuation}}","source_three_fol_pl_semantic_carriers_cross_tag_transparently_corrected_olp0099","الإبقاء على structure في النسخة القضوية؛ تصحيح موضع واحد فقط؛ قلب فروع الوسم؛ تغيير قيمتي True وFalse","تُقوّم صيغ FOL في البنى وصيغ PL بالتقييمات؛ وتكرر النص غير المشروط بالبنى في التعريف الحدسي والتفسير ونتيجة الإغلاق، فيلزم تفرع المواضع الثلاثة معًا","commit 9620cc73f9c8e0ad003c514a5d3748f29611c4c0; pinned content/first-order-logic/tableaux/rules-and-proofs.tex lines 15--19, 29--31, and 54--57; OLP-0099","confidence 1.00; all three semantic claims and the FOL/PL chapter gate independently replayed; smallest upstream fix is three \iftag{FOL}{structure}{valuation} wrappers preserving articles and number; corrected in Arabic","2026-08-14","Codex source replay","أضيفت ثلاث بوابات وحوامل valuation المقابلة، وبقيت signed formulas والإشارتان True/False وشروط الإغلاق بلا تغيير"
"branch above \TRule{\False}{\lforall} rule","الفرع فوق قاعدة~\TRule{\False}{\lforall}","source_missing_the_before_rule_label_transparently_corrected_olp0101","محاكاة غياب أداة التعريف؛ حذف اسم القاعدة؛ تغيير شرط المتغير المميَّز؛ تصحيح وسم forall الخام","ينقص التعبير الإنجليزي أداة the قبل تسمية القاعدة المحددة، مع أن المقصود قاعدة F-forall المعروضة بعينها؛ والتصحيح نحوي لا صوري","commit 9620cc73f9c8e0ad003c514a5d3748f29611c4c0; pinned content/first-order-logic/tableaux/quantifier-rules.tex lines 27--33, especially line 29; OLP-0101","confidence 1.00; definite rule reference and displayed rule independently replayed; smallest upstream fix is inserting the before \TRule; Arabic definite construction is explicit","2026-08-14","Codex source replay","لم يتغير أمر TRule أو شرط عدم الورود أو المصطلح eigenvariable؛ عولج التعريف النحوي فقط"
"apply a rule to !!a{signed formula}~$!A$ ... occurrence of~$!A$","تطبيق قاعدة على !!a{signed formula}~$\sFmla{S}{!A}$ ... ورود~$\sFmla{S}{!A}$","source_bare_formula_missing_sign_transparently_corrected_olp0102","الإبقاء على A العارية؛ اختيار True أو False دون مسوغ؛ تغيير قاعدة الاستدلال؛ حذف الإشارة العامة S","الموضوع لبنة موقعة في جدول، وورود A العاري لا يحدد الإشارة مع أن القاعدة تطبق على الصيغة الموقعة نفسها؛ والإشارة العامة S تحفظ الحالتين ولا تقوي النص","commit 9620cc73f9c8e0ad003c514a5d3748f29611c4c0; pinned content/first-order-logic/tableaux/derivations.tex lines 42--52, especially lines 49--51; OLP-0102","confidence 1.00; definition of signed formula and rule-application prose independently replayed; smallest upstream fix is replacing both bare $!A$ occurrences with $\sFmla{S}{!A}$; corrected in Arabic target","2026-08-14","Codex source replay","أضيف حدثا sFmla فقط داخل المقطعين الرياضيين، وبقيت S وA ونطاقا الرياضيات وترتيب الفرع كما هي"
"this means, we must apply $\TRule{\False}{\lif}$","يعني ذلك أنه يجب تطبيق $\TRule{\False}{\lif}$","source_spurious_comma_transparently_corrected_olp0103","محاكاة الوقفة الخاطئة بعد means؛ حذف فعل الوجوب؛ تغيير اسم القاعدة","تفصل الفاصلة في المنبع الفعل means عن جملته المفعولية بلا مسوغ، والعبارة القياسية this means we must apply واضحة","commit 9620cc73f9c8e0ad003c514a5d3748f29611c4c0; pinned content/first-order-logic/tableaux/proving-things.tex lines 25--30, especially line 29; OLP-0103","confidence 1.00; local syntax and named rule independently replayed; smallest upstream fix is deleting the comma after means; normalized in Arabic","2026-08-14","Codex source replay","حُذفت الوقفة النثرية وحدها، وبقي أمر TRule وإشارتاه كما في المنبع"
"$\sFmla{\True}{!A \lor !B, \lnot !B}, \sFmla{\False}{!A}$","$\sFmla{\True}{!A \lor !B}, \sFmla{\True}{\lnot !B}, \sFmla{\False}{!A}$","source_two_formulas_conflated_in_one_signed_formula_transparently_corrected_olp0103","الإبقاء على الفاصلة داخل حجة صيغة واحدة؛ حذف نفي B؛ تغيير إشارة إحدى الصيغ؛ دمج A مع النفي","الفاصلة تفصل افتراضين مستقلين لا صيغة مركبة، وسياق المسألة يطلب ثلاث صيغ موقعة: T(A or B) وT(not B) وF(A)","commit 9620cc73f9c8e0ad003c514a5d3748f29611c4c0; pinned content/first-order-logic/tableaux/proving-things.tex lines 428--443, especially line 439; OLP-0103","confidence 1.00; signed-formula grammar and intended closed tableau exercise independently replayed; smallest upstream fix is closing the first sFmla before the comma and wrapping not-B in a second True sFmla; corrected in Arabic target","2026-08-14","Codex source replay","أضيف حامل sFmla واحد بإشارة True، ولم تتغير A أو B أو الروابط أو ترتيب الافتراضات"
"use the !!{signed formula}s on lines $1$ and~$3$","استخدم ال!!{signed formula}s في السطرين $1$ و~$4$","source_wrong_line_reference_transparently_corrected_olp0104","الإبقاء على السطر 3؛ تغيير القاعدة أو الشجرة؛ إعادة ترقيم السطور؛ حذف الإشارة إلى الافتراضين","الصيغة T-forall المراد استعمالها تقع في السطر 1 والصيغة F-exists تقع في السطر 4؛ أما السطر 3 فهو T-not-exists وقد فُككت بالفعل","commit 9620cc73f9c8e0ad003c514a5d3748f29611c4c0; pinned content/first-order-logic/tableaux/proving-things-quant.tex lines 228--284, especially lines 243--245 and 280--284; OLP-0104","confidence 1.00; displayed tableau line numbering and the two cited quantifier rules independently replayed; smallest upstream fix is changing 3 to 4; corrected in Arabic","2026-08-14","Codex source replay","تغير رقم الإحالة الأخير وحده، وبقيت القاعدتان والحدان b وc كما هي"
"satisfaction of !!{sentence}s in !!{structure}s","إرضاء ال!!{sentence}s في \iftag{FOL}{ال!!{structure}s}{ال!!{valuation}s}","source_fol_pl_semantic_carrier_cross_tag_transparently_corrected_olp0105","الإبقاء على structures تحت وسم PL؛ حذف حامل المصطلح؛ قلب الفرعين؛ تغيير مفاهيم البرهان","نسخة FOL تقوّم الجمل في البنى ونسخة PL بالتقييمات؛ والوحدة نفسها بوابة مشتركة بين الوسمين","commit 9620cc73f9c8e0ad003c514a5d3748f29611c4c0; pinned content/first-order-logic/tableaux/proof-theoretic-notions.tex lines 20--28, especially line 24; OLP-0105","confidence 1.00; FOL/PL semantics and sibling proof-theoretic units independently replayed; smallest upstream fix is an iftag structure/valuation branch; corrected in Arabic","2026-08-14","Codex source replay","أضيفت بوابة مصطلحية واحدة وحامل valuation واحد، وبقي ترتيب sentence ثم الكائن الدلالي ثم tableau كما هو"
"there are $!D_1$, \dots, $!D_m \subseteq \Gamma$","there are $!D_1$, \dots, $!D_m \in \Gamma$","source_elements_mistyped_as_subsets_transparently_corrected_olp0105","الإبقاء على subseteq؛ تحويل D_i إلى مجموعات؛ تغيير Gamma؛ حذف شرط الانتماء","الرموز D_i جمل مفردة لا مجموعات، ولذلك علاقتها بـGamma هي الانتماء؛ وتستعملها السطور التالية عناصر موقعة منفردة","commit 9620cc73f9c8e0ad003c514a5d3748f29611c4c0; pinned content/first-order-logic/tableaux/proof-theoretic-notions.tex lines 98--109, especially line 105; OLP-0105","confidence 1.00; definition of derivability and following signed assumptions independently replayed; smallest upstream fix is subseteq to in; corrected in Arabic target","2026-08-14","Codex source replay","استبدل رمز العلاقة وحده، وبقيت D_1 حتى D_m وGamma بلا تغيير"
"$\Gamma_1 =\{!C_1, \dots, !C_n\}$ with later $!C_m$","$\Gamma_1 =\{!C_1, \dots, !C_m\}$","source_index_bound_mismatch_transparently_corrected_olp0106","الإبقاء على C_n؛ تغيير C_m اللاحقة؛ مساواة n وm دون تعريف؛ حذف Gamma_1","تعريف Gamma_1 يعد عناصر C حتى m في السطر المعروض اللاحق، بينما Gamma_0 وحدها تعد B حتى n؛ فـC_n نسخ خاطئ","commit 9620cc73f9c8e0ad003c514a5d3748f29611c4c0; pinned content/first-order-logic/tableaux/provability-consistency.tex lines 24--32, especially lines 26 and 31; OLP-0106","confidence 1.00; both finite sets and displayed assumptions independently replayed; smallest upstream fix is C_n to C_m in Gamma_1; corrected in Arabic target","2026-08-14","Codex source replay","تغير حرف الفهرس الأخير في تعريف Gamma_1 وحده"
"such that \\","such that","source_stray_backslash_transparently_corrected_olp0106","الإبقاء على الشرطة المائلة المنفردة؛ تحويلها إلى كسر أو أمر؛ حذف الجملة التالية","الشرطة المائلة المنفردة بعد النثر ليست أمر TeX صالحًا ولا تؤدي وظيفة بنيوية قبل البيئة المعروضة","commit 9620cc73f9c8e0ad003c514a5d3748f29611c4c0; pinned content/first-order-logic/tableaux/provability-consistency.tex lines 84--89, especially line 86; OLP-0106","confidence 1.00; TeX tokenization and adjacent display boundary independently replayed; smallest upstream fix is deleting the lone backslash; corrected in Arabic target","2026-08-14","Codex source replay","حُذف محرف backslash واحد خارج الرياضيات، ولم تتغير البيئة أو الافتراضات"
"conclusion of $\TRule{\True}{\lnot}$ applied to $\sFmla{\False}{!A}$","conclusion of $\TRule{\True}{\lnot}$ applied to $\sFmla{\True}{\lnot !A}$","source_negation_rule_premise_transparently_corrected_olp0106","الإبقاء على F A بوصفها مقدمة T-not؛ تغيير القاعدة إلى F-not؛ حذف الافتراض البديل؛ تغيير النتيجة","قاعدة T-not تُطبّق على T(not A) وتنتج F A، وهو بالضبط الاستبدال الموصوف في الجملة السابقة؛ فلا يمكن أن تكون F A مقدمتها ونتيجتها معًا","commit 9620cc73f9c8e0ad003c514a5d3748f29611c4c0; pinned content/first-order-logic/tableaux/provability-consistency.tex lines 84--97, especially lines 90--93; OLP-0106","confidence 1.00; rule schema and described replacement independently replayed; smallest upstream fix is replacing the cited premise F A with T not-A; corrected in Arabic target","2026-08-14","Codex source replay","تغيرت حجة sFmla المرجعية وحدها، وبقيت قاعدة T-not والنتيجة F A وتسلسل الإنشاء كما هي"
"appeal to line~$n+1$","appeal to line~$n+2$","source_shifted_line_reference_transparently_corrected_olp0106","الإبقاء على n+1؛ إعادة ترتيب الافتراضات؛ حذف السطر المدرج؛ تغيير عدد B_i","بعد استبدال الافتراض الأول تبقى n+1 افتراضات، ثم تُدرج F A بعدها، فتقع في السطر n+2 لا n+1","commit 9620cc73f9c8e0ad003c514a5d3748f29611c4c0; pinned content/first-order-logic/tableaux/provability-consistency.tex lines 84--97, especially lines 90--95; OLP-0106","confidence 1.00; assumption count and inserted-line position independently replayed; smallest upstream fix is n+1 to n+2; corrected in Arabic","2026-08-14","Codex source replay","تغير الثابت العددي في إحالة واحدة فقط"
"On the left left side","On the left side","source_duplicated_word_transparently_corrected_olp0106","الإبقاء على left المكرر؛ تغيير جهة الفرع؛ حذف وصف الموضع","تكررت كلمة left آليًا ولا يضيف التكرار معنى، والسياق يقابل الجانب الأيسر بالجانب الأيمن التالي","commit 9620cc73f9c8e0ad003c514a5d3748f29611c4c0; pinned content/first-order-logic/tableaux/provability-consistency.tex lines 118--128, especially line 122; OLP-0106","confidence 1.00; paired left/right branch construction independently replayed; smallest upstream fix is deleting one left; normalized in Arabic","2026-08-14","Codex source replay","حُذف التكرار النثري وحده ولم تتغير الصيغ أو جهة الفرع"
"we can applying $\TRule{\False}{\lnot}$","we can apply $\TRule{\False}{\lnot}$","source_inflection_typo_transparently_corrected_olp0106","محاكاة can applying؛ حذف الفعل الناقص؛ تغيير قاعدة النفي؛ حذف الإجراء","بعد can يلزم المصدر apply لا applying، وسياق البرهان يطلب إمكان تطبيق القاعدة","commit 9620cc73f9c8e0ad003c514a5d3748f29611c4c0; pinned content/first-order-logic/tableaux/provability-consistency.tex lines 128--142, especially line 138; OLP-0106","confidence 1.00; English auxiliary syntax and rule application independently replayed; smallest upstream fix is applying to apply; normalized in Arabic","2026-08-14","Codex source replay","صحح التصريف النثري فقط، وبقي أمر TRule ومقدمته ونتيجته كما هي"
"eight forms $\sFmla{\True{...}}$ and $\sFmla{\False{...}}$","eight forms $\sFmla{\True}{...}$ and $\sFmla{\False}{...}$","source_malformed_signed_formula_arguments_transparently_corrected_olp0107","الإبقاء على الإشارة بوصفها أمرًا ذا حجة داخل حجة sFmla الأولى؛ حذف الصيغ؛ تغيير الإشارات؛ إعادة بناء الأشجار","يأخذ sFmla حجتين مستقلتين: الإشارة ثم الصيغة؛ وفي ثمانية مواضع ابتلعت حجة الإشارة الصيغة فصار الاستدعاء أحادي الحجة ومختلًا","commit 9620cc73f9c8e0ad003c514a5d3748f29611c4c0; pinned content/first-order-logic/tableaux/provability-propositional.tex lines 35--59 and 100--122, especially lines 43--44, 53--54, 106--107, 116--117; OLP-0107","confidence 1.00; sFmla arity and four paired tableau branches independently replayed; smallest upstream fix is inserting a closing brace after each sign and an opening brace before each formula; all eight corrected in Arabic target","2026-08-14","Codex source replay","أعيد توزيع الأقواس فقط في ثمانية استدعاءات، وبقيت True/False والصيغ وأرقام القواعد وترتيب الأشجار ثابتة"
"$\sFmla{\False}{\formula{A}(t)}, \sFmla{\True}{\lforall[x][!A(x)]}, $","$\sFmla{\False}{\formula{A}(t)}, \sFmla{\True}{\lforall[x][!A(x)]}$","source_trailing_comma_inside_math_transparently_corrected_olp0108","الإبقاء على فاصلة ثالثة بلا عنصر؛ حذف إحدى الصيغتين؛ نقل الفاصلة إلى حجة sFmla","توجد فاصلة بعد آخر عنصر وقبل إغلاق الرياضيات من غير عنصر تال، وهي زائدة في تسمية مجموعة الافتراضين","commit 9620cc73f9c8e0ad003c514a5d3748f29611c4c0; pinned content/first-order-logic/tableaux/provability-quantifiers.tex lines 69--84, especially line 79; OLP-0108","confidence 1.00; two displayed assumptions and following tableau independently replayed; smallest upstream fix is deleting the trailing comma and space inside math; corrected in Arabic target","2026-08-14","Codex source replay","حُذفت فاصلة نثرية واحدة من نهاية المقطع الرياضي ولم تتغير الصيغتان"
"satisfied in a structure; no structure satisfies all its assumptions; no structure can both satisfy and not satisfy","تُرضى في \iftag{FOL}{بنية}{تقييم}؛ فلا \iftag{FOL}{بنية}{تقييم} ترضي جميع افتراضاته؛ ولا يمكن لأي \iftag{FOL}{بنية}{تقييم} أن ترضي ولا ترضي معًا","source_three_fol_pl_literal_semantic_carriers_cross_tag_transparently_corrected_olp0109","الإبقاء على structure في نسخة PL؛ تصحيح موضع واحد فقط؛ تغيير القضايا الدلالية؛ قلب الفرعين","القسم مشترك بين FOL وPL؛ والنسخة الأولى تستعمل البنى والثانية التقييمات، كما تفعل الصيغ ذات iftag في التعريف والبرهان نفسيهما","commit 9620cc73f9c8e0ad003c514a5d3748f29611c4c0; pinned content/first-order-logic/tableaux/soundness.tex lines 32--38 and 63--71, especially lines 36--37 and 70; OLP-0109","confidence 1.00; chapter tags, adjacent semantic definition and three claims independently replayed; smallest upstream fix is three structure/valuation iftag branches; corrected in Arabic","2026-08-14","Codex source replay","أضيفت ثلاث بوابات نصية فقط، وبقيت الصيغ الموقعة وعلاقات Sat وتتابع البرهان بلا تغيير"
"$\sFmla{\True}{\lforall[x][!B(x)]}$ with conclusion $\sFmla{\True}{!A(t)}$","$\sFmla{\True}{\lforall[x][!A(x)]}$ with conclusion $\sFmla{\True}{!A(t)}$","source_tforall_schema_letter_mismatch_transparently_corrected_olp0109","الإبقاء على B في المقدمة؛ تغيير النتيجة إلى B(t) وكل البرهان؛ خلط مخططين مختلفين","تطبيق T-forall يستنسخ الصيغة نفسها؛ والنتيجة وجميع أسطر التبرير التالية تستعمل A، ولذلك B في المقدمة خطأ حرفي","commit 9620cc73f9c8e0ad003c514a5d3748f29611c4c0; pinned content/first-order-logic/tableaux/soundness.tex lines 126--133, especially lines 128--132; OLP-0109","confidence 1.00; quantifier rule schema and subsequent semantic derivation independently replayed; smallest upstream fix is B to A in the signed universal premise; corrected in Arabic target","2026-08-14","Codex source replay","تغير حرف المخطط في المقدمة مرة واحدة فقط، وبقيت True والكم والحد t كما هي"
"four F-forall proof occurrences of $!B(x)$ paired with conclusion $!A(a)$","the same four occurrences with $!A(x)$","source_fforall_schema_letter_mismatch_transparently_corrected_olp0109","الإبقاء على B في المقدمة والدلالة؛ تغيير النتيجة كلها إلى B(a)؛ تصحيح بعض المواضع فقط؛ حذف البرهان","مقدمة F-forall وفرض عدم الإرضاء وصيغة الإسناد يجب أن تستعمل المخطط A نفسه الذي تنتجه القاعدة في A(a)؛ وتكررت زلة B في أربعة مواضع مترابطة","commit 9620cc73f9c8e0ad003c514a5d3748f29611c4c0; pinned content/first-order-logic/tableaux/soundness.tex lines 135--156, especially lines 136, 140, 144--145; OLP-0109","confidence 1.00; F-forall rule schema and full model-variation argument independently replayed; smallest upstream fix is B to A in all four linked occurrences; corrected in Arabic target","2026-08-14","Codex source replay","استبدل حرف المخطط في أربعة مواضع فقط، وبقيت False والكم والبنية المعدلة والثابت a كما هي"
"line~$3$ is ... $\sFmla{\True}{!A(s_2)}$","line~$3$ is ... $\sFmla{\True}{!A(s_1)}$","source_wrong_identity_example_instance_transparently_corrected_olp0110","الإبقاء على A(s2)؛ تغيير السطر 3 في الشجرة؛ تبديل دوري t1 وt2؛ حذف الشرح","السطر 3 المعروض هو T(s1=s1)، وهو حالة A(s1) عندما تكون A(x) هي x=s1؛ أما A(s2) فهي النتيجة في السطر 4","commit 9620cc73f9c8e0ad003c514a5d3748f29611c4c0; pinned content/first-order-logic/tableaux/identity.tex lines 56--71, especially lines 61--71; OLP-0110","confidence 1.00; displayed line numbering and substitution instance independently replayed; smallest upstream fix is s_2 to s_1 in the description of line 3; corrected in Arabic","2026-08-14","Codex source replay","تغير فهرس s في الإشارة النثرية الرياضية وحدها"
"$!A(s_2)$ into $\eq[t_1][t_2]$ (i.e., line~$2$)","$!A(s_2)$ into $\eq[s_1][s_2]$ (i.e., line~$2$)","source_wrong_term_symbols_in_identity_example_transparently_corrected_olp0110","الإبقاء على t1,t2 رغم أن السطر 2 يعرض s1,s2؛ تغيير الشجرة؛ إعادة تسمية جميع الحدود؛ حذف الإحالة","السطر 2 في الشجرة هو T(s1=s2)، وتعريف A(x) بأنه s1=x يجعل A(s2) مساواة s1=s2؛ أما t1,t2 فمتغيرا مخطط القاعدة لا نص السطر","commit 9620cc73f9c8e0ad003c514a5d3748f29611c4c0; pinned content/first-order-logic/tableaux/identity.tex lines 73--90, especially lines 84--90; OLP-0110","confidence 1.00; displayed line 2 and stated A(x) substitution independently replayed; smallest upstream fix is t_1,t_2 to s_1,s_2; corrected in Arabic target","2026-08-14","Codex source replay","تغير اسما الحدين داخل مساواة تفسيرية واحدة، وبقيت الإشارة وباقي المثال كما هي"
"add a signed !!{formula}~$\sFmla{S}{!A(t_2)}$ under $\TRule{\True}{\eq}$","add a signed !!{formula}~$\sFmla{\True}{!A(t_2)}$","source_generic_sign_in_true_identity_rule_transparently_corrected_olp0111","الإبقاء على S العامة؛ تغيير القاعدة إلى صيغة عامة غير معرفة؛ اختيار False؛ حذف النتيجة","قاعدة T-identity المعروضة تضيف T A(t2) من T equality وT A(t1)، وتتابع البرهان يفترض الإرضاء لا عدمه؛ فلا يجوز بقاء الإشارة عامة","commit 9620cc73f9c8e0ad003c514a5d3748f29611c4c0; pinned content/first-order-logic/tableaux/soundness-identity.tex lines 30--42, especially lines 30--33; OLP-0111","confidence 1.00; identity rule schema and satisfaction proof independently replayed; smallest upstream fix is S to True; corrected in Arabic target","2026-08-14","Codex source replay","استبدلت حجة الإشارة وحدها من S إلى True ولم تتغير الصيغة أو الحدود"
"$\Sat{M}{!A(x)}[s]$. since $\Sat{M}{\eq[t_1][t_2]}$","$\Sat{M}{!A(x)}[s]$. Since $\Sat{M}{\eq[t_1][t_2]}$","source_sentence_initial_lowercase_transparently_corrected_olp0111","الإبقاء على since بحرف صغير بعد نقطة؛ دمج الجملتين؛ تغيير علاقة الإرضاء","تبدأ جملة مستقلة بعد نقطة ولذلك يلزم الحرف الكبير، ولا يوجد مسوغ بنيوي للوصل","commit 9620cc73f9c8e0ad003c514a5d3748f29611c4c0; pinned content/first-order-logic/tableaux/soundness-identity.tex lines 33--40, especially line 37; OLP-0111","confidence 1.00; sentence boundary independently replayed; smallest upstream fix is capitalizing Since; normalized in Arabic","2026-08-14","Codex source replay","عولجت حالة الحرف في الترجمة الطبيعية فقط، وبقيت صيغتا Sat كما هما"
"Axiomatic !!{derivation}s are perhaps the simplest !!{derivation} system for logic","Axiomatic !!{derivation} systems are perhaps the simplest !!{derivation} systems for logic","source_category_number_mismatch_transparently_corrected_olp0113","الإبقاء على derivations بوصفها system مفردًا؛ تحويل الحديث إلى اشتقاق واحد؛ حذف المقارنة؛ تغيير نوع النسق","يقارن النص أنساقًا برهانية، لكن الفاعل جمع من الاشتقاقات والخبر نسق مفرد؛ والمقصود من سياق الفصل أن أنساق الاشتقاق البديهي من أبسط أنساق الاشتقاق","commit 9620cc73f9c8e0ad003c514a5d3748f29611c4c0; pinned content/first-order-logic/axiomatic-deduction/rules-and-proofs.tex lines 15--22, especially line 16; OLP-0113","confidence high 0.99; chapter category and following definition independently replayed; smallest upstream fix is Axiomatic derivation systems ... simplest derivation systems; normalized in Arabic","2026-08-14","Codex source replay","صيغت العربية جمع أنساق في الطرفين، وبقي وصف axiomatic ومفهوم derivation ثابتين"
"a step~$A_i$ in !!a{derivation}","a step~$!A_i$ in !!a{derivation}","source_missing_formula_metavariable_marker_transparently_corrected_olp0113","الإبقاء على A_i بلا علامة الصيغة؛ حذف الفهرس؛ تغيير تعريف الخطوة؛ إضافة رياضيات جديدة","تستعمل الوحدة !A_i في تعريف كل صيغة من المتتالية قبل هذا الموضع وبعده؛ وA_i العارية هنا تفقد علامة المتغير الصيغي المعتمدة","commit 9620cc73f9c8e0ad003c514a5d3748f29611c4c0; pinned content/first-order-logic/axiomatic-deduction/rules-and-proofs.tex lines 24--45, especially line 40; OLP-0113","confidence 1.00; adjacent definition and all indexed occurrences independently replayed; smallest upstream fix is inserting ! before A_i; corrected in Arabic target","2026-08-14","Codex source replay","أضيف محرف ! واحد داخل المقطع الرياضي القائم، وبقي الفهرس ونطاق الرياضيات كما هما"
"or which a rule of inference tells us that it is a correct inference step","or which a rule of inference tells us is a correct inference step","source_redundant_complement_clause_words_transparently_corrected_olp0113","الإبقاء على that it؛ حذف الفاعل الموصول؛ تغيير شرط صحة الخطوة؛ فصل الجملة","الفاعل الموصول which هو مفعول tells us وفاعل is، ولذلك تجعل that it التركيب غير نحوي ومكرر المرجع","commit 9620cc73f9c8e0ad003c514a5d3748f29611c4c0; pinned content/first-order-logic/axiomatic-deduction/rules-and-proofs.tex lines 76--81, especially lines 78--80; OLP-0113","confidence high 0.99; grammatical dependency and three-way condition independently replayed; smallest upstream fix is deleting that it; normalized in Arabic","2026-08-14","Codex source replay","حذفت الزيادة النثرية ضمن تركيب عربي طبيعي، وبقيت Gamma والبديهية وقاعدة الاستدلال والشروط الثلاثة"
"The set of $\PAx$ of axioms for the propositional connectives","The set $\PAx$ of axioms for the propositional connectives","source_redundant_of_before_set_name_transparently_corrected_olp0114","الإبقاء على of الأولى؛ حذف PAx؛ تغيير تعريف البديهيات؛ اعتبار PAx عنصرًا لا اسم مجموعة","الرمز PAx اسم المجموعة نفسها، فينبغي أن يأتي بدلًا وصفيًا بعد set لا متممًا لـset of؛ وعبارة of axioms اللاحقة تحدد نوع المجموعة","commit 9620cc73f9c8e0ad003c514a5d3748f29611c4c0; pinned content/first-order-logic/axiomatic-deduction/axioms-rules-propositional.tex lines 13--17, especially line 16; OLP-0114","confidence 1.00; definition heading and subsequent membership forms independently replayed; smallest upstream fix is deleting the first of before PAx; normalized in Arabic","2026-08-14","Codex source replay","صيغت العربية «مجموعة البديهيات PAx» من غير تغيير الرمز أو قائمة المخططات"
"$\ollabel{ax:q2} & !B(t) \lif \lexists[x][!B].$ before continuing prose","$\ollabel{ax:q2} & !B(t) \lif \lexists[x][!B],$","source_display_punctuation_period_to_comma_transparently_corrected_olp0115","الإبقاء على النقطة داخل السطر مع استمرار الجملة بعد البيئة؛ تغيير المخطط؛ حذف عبارة شرط الحد المغلق","السطران المعروضان جزآن من جملة تستمر بعبارة for any closed term، ولذلك يلزم فاصلة بعد المخطط الثاني لا نقطة","commit 9620cc73f9c8e0ad003c514a5d3748f29611c4c0; pinned content/first-order-logic/axiomatic-deduction/axioms-rules-quantifiers.tex lines 13--21, especially lines 18--20; OLP-0115","confidence 1.00; sentence boundary and parallel displayed axioms independently replayed; smallest upstream fix is period to comma; corrected in Arabic target","2026-08-14","Codex source replay","تغيرت علامة الترقيم وحدها بعد المخطط الثاني، وبقي شرط الحد المغلق وترتيب البديهيتين كما هما"
"two bare \item commands directly inside defn","wrap both \item commands in \begin{enumerate}...\end{enumerate}","source_bare_items_missing_enumerate_transparently_corrected_olp0115","الإبقاء على item خارج بيئة قائمة؛ حذف أحد الشرطين؛ تحويل التعريف إلى نثر غير منظم","لا يجوز استعمال item هنا بلا بيئة قائمة، والقاعدتان متوازيتان ومقصودتان بندين مرقمين داخل التعريف","commit 9620cc73f9c8e0ad003c514a5d3748f29611c4c0; pinned content/first-order-logic/axiomatic-deduction/axioms-rules-quantifiers.tex lines 23--30; OLP-0115","confidence 1.00; TeX list structure and paired rule clauses independently replayed; smallest upstream fix is one enumerate wrapper around both items; corrected in Arabic target","2026-08-14","Codex source replay","أضيف حدثا begin/end للبيئة وحدهما، وبقي نص القاعدتين وصيغهما وترتيبهما حرفيًا"
"Our only rule is~MP","The only rule we need here is~MP","source_overbroad_only_rule_claim_transparently_corrected_olp0116","الإبقاء على دعوى أن MP قاعدة النسق الوحيدة؛ حذف MP؛ تغيير استراتيجية البرهان","يعرّف فصل FOL أيضًا قاعدة QR؛ أما المثال القضوي الحالي فلا يحتاج إلا إلى MP، فيجب تقييد دعوى التفرد بالسياق","commit 9620cc73f9c8e0ad003c514a5d3748f29611c4c0; pinned content/first-order-logic/axiomatic-deduction/proving-things.tex lines 16--22, especially line 19; OLP-0116","confidence high 0.99; chapter rule inventory and current derivation independently replayed; smallest upstream fix is adding needed here; normalized in Arabic","2026-08-14","Codex source replay","قيدت العربية التفرد بما نحتاج إليه في المثال، ولم تغيّر قاعدة MP أو الصيغ"
"final problem item $\lnot(!A \lor !B) \lif \lnot !A$ with no terminal punctuation","final problem item $\lnot(!A \lor !B) \lif \lnot !A$.","source_missing_terminal_period_transparently_corrected_olp0116","ترك آخر بند بلا علامة ختام؛ تغيير الصيغة؛ إضافة علامة داخل الرياضيات","ينتهي آخر بند ثم بيئة التعداد والمسألة والوحدة، ويلزم إنهاؤه بنقطة مثل الجملة الكاملة","commit 9620cc73f9c8e0ad003c514a5d3748f29611c4c0; pinned content/first-order-logic/axiomatic-deduction/proving-things.tex lines 121--129, especially line 126; OLP-0116","confidence 1.00; list and document boundaries independently replayed; smallest upstream fix is adding a period after the math delimiter; corrected in Arabic target","2026-08-14","Codex source replay","أضيفت نقطة نثرية واحدة بعد الصيغة الثالثة من غير تغيير بنيتها"
"satisfaction of !!{sentence}s in !!{structure}s in shared FOL/PL prose","satisfaction of !!{sentence}s in \iftag{FOL}{!!{structure}s}{!!{valuation}s}","source_fol_pl_structure_valuation_cross_tag_transparently_corrected_olp0118","الإبقاء على structure في النسخة القضوية؛ حذف carrier الدلالي؛ قلب الفرعين","تستعمل FOL البنى وتستعمل PL التقييمات، والوحدة مشتركة بين الوسمين وتعرّف مفاهيمهما المتوازية","commit 9620cc73f9c8e0ad003c514a5d3748f29611c4c0; pinned content/first-order-logic/axiomatic-deduction/proof-theoretic-notions.tex lines 15--23, especially line 19; OLP-0118","confidence 1.00; chapter gates and semantic definitions independently replayed; smallest upstream fix is a structure/valuation iftag; corrected in Arabic target","2026-08-14","Codex source replay","أضيفت بوابة واحدة وحامل valuation واحد، وبقيت الجمل وعلاقتا القابلية كما هما"
"every $B_i = !A$ is now justified","every $!B_i = !A$ is now justified","source_missing_formula_metavariable_marker_transparently_corrected_olp0118","الإبقاء على B_i بلا علامة الصيغة؛ حذف الفهرس؛ تغيير المتتالية السابقة","تستعمل المتتالية وكل الإشارات السابقة !B_i؛ وإسقاط ! في جملة التبرير يفقد اصطلاح المتغير الصيغي","commit 9620cc73f9c8e0ad003c514a5d3748f29611c4c0; pinned content/first-order-logic/axiomatic-deduction/proof-theoretic-notions.tex lines 70--83, especially line 82; OLP-0118","confidence 1.00; preceding sequence and equality instances independently replayed; smallest upstream fix is inserting ! before B_i; corrected in Arabic target","2026-08-14","Codex source replay","أضيف محرف ! واحد داخل المقطع الرياضي القائم ولم تتغير المساواة أو حجة التعدية"
"previous !!{formula}s by modus ponens in the compactness proof","previous !!{formula}s by a rule of inference","source_overrestricted_inference_rule_transparently_corrected_olp0118","الإبقاء على MP وحدها مع أن اشتقاقات FOL تجيز QR؛ تغيير تعريف التراص؛ حذف شرط الخطوات السابقة","برهان التراص يعتمد فقط على أن كل خطوة تبررها إحدى قواعد النسق؛ وحصرها في MP غير صحيح في فرع FOL الذي يجيز QR","commit 9620cc73f9c8e0ad003c514a5d3748f29611c4c0; pinned content/first-order-logic/axiomatic-deduction/proof-theoretic-notions.tex lines 122--130, especially line 127; OLP-0118","confidence 1.00; FOL rule inventory and finiteness argument independently replayed; smallest upstream fix is modus ponens to a rule of inference; corrected in Arabic","2026-08-14","Codex source replay","عممت العربية اسم القاعدة وحده، وبقي تسلسل البرهان واختيار Gamma_0 كما هما"
"two literal Hyp. labels in the displayed derivation","two \Hyp carriers","source_literal_hyp_labels_replaced_by_notation_carriers_olp0119","الإبقاء على نص Hyp الخام؛ تعريب الاختصار يدويًا في كل طبعة؛ تغيير السطرين أو دورهما","تستعمل الوحدة الشقيقة في الفصل الأمر \Hyp لنفس تبرير الفرض، والحامل هو الشكل القابل للتوطين والمتسق مع بقية الاشتقاقات","commit 9620cc73f9c8e0ad003c514a5d3748f29611c4c0; pinned content/first-order-logic/axiomatic-deduction/deduction-theorem.tex lines 36--42, especially lines 39--40; OLP-0119","confidence high 0.99; sibling derivations and notation macro independently replayed; smallest upstream fix is replacing each Hyp. with \Hyp; corrected in Arabic target","2026-08-14","Codex source replay","استبدل النصان الخامان بحاملين قياسيين من غير تغيير رقمي السطرين أو صيغتيهما"
"$!B$ is either $\in \Gamma \cup \{!A\}$ or is an axiom","either $!B \in \Gamma \cup \{!A\}$ or $!B$ is an axiom","source_detached_membership_symbol_transparently_corrected_olp0119","الإبقاء على in بلا طرف أيسر داخل مقطع مستقل؛ حذف العضوية؛ تغيير اتحاد الفرضيات","رمز العضوية في المنبع معزول عن !B في مقطعين رياضيين، فلا يشكل قضية؛ ودمجهما يعيد الشرط النحوي والصوري المقصود","commit 9620cc73f9c8e0ad003c514a5d3748f29611c4c0; pinned content/first-order-logic/axiomatic-deduction/deduction-theorem.tex lines 63--69, especially line 67; OLP-0119","confidence 1.00; induction basis cases and following split independently replayed; smallest upstream fix is one combined math span $!B \in \Gamma \cup \{!A\}$; corrected in Arabic","2026-08-14","Codex source replay","دُمج المقطعان الرياضيان في قضية عضوية واحدة، وبقي الاتحاد وحالة البديهية كما هما"
"the last !!{sentence}~$!A \lif !B$","the last !!{formula}~$!A \lif !B$","source_sentence_formula_category_transparently_corrected_olp0119","الإبقاء على sentence رغم احتمال المتغيرات الحرة؛ تغيير الصيغة؛ حذف وصف العنصر الأخير","تعريف الاشتقاق في هذا الفصل متتالية من الصيغ، ولم يُفرض هنا أن A وB جملتان؛ لذا فالفئة الصحيحة هي formula","commit 9620cc73f9c8e0ad003c514a5d3748f29611c4c0; pinned content/first-order-logic/axiomatic-deduction/deduction-theorem.tex lines 68--73, especially line 71; OLP-0119","confidence high 0.99; OLP-0113 derivation definition and local hypotheses independently replayed; smallest upstream fix is sentence to formula; corrected in Arabic target","2026-08-14","Codex source replay","تغير حامل الفئة وحده وبقيت الصيغة وهوية حالتها كما هما"
"$\Proves (!A \lif !B) \lif ((!B \lif !C) \lif (!A \lif !C)$","$\Proves (!A \lif !B) \lif ((!B \lif !C) \lif (!A \lif !C))$","source_missing_closing_parenthesis_transparently_corrected_olp0119","الإبقاء على قوسين فاتحين مقابل قوس إغلاق واحد؛ تغيير مخطط القضية؛ حذف وسم البند","الصيغة تفتح مجموعتين بعد رابط الشرط الخارجي ولا تغلق إلا الداخلية؛ ويلزم قوس ثان لمعادلة البنية المقصودة","commit 9620cc73f9c8e0ad003c514a5d3748f29611c4c0; pinned content/first-order-logic/axiomatic-deduction/deduction-theorem.tex lines 104--108, especially lines 106--107; OLP-0119","confidence 1.00; parenthesis balance and intended transitivity schema independently replayed; smallest upstream fix is adding one closing parenthesis before the math delimiter; corrected in Arabic target","2026-08-14","Codex source replay","أضيف قوس إغلاق واحد ولم تتغير المتغيرات أو الروابط أو وسم البند"
"$((!A \land !C) \lif \lforall[x][!D(x)]) \lif (!A \lif (!C \lif \lforall[x][!D(x)])$","$((!A \land !C) \lif \lforall[x][!D(x)]) \lif (!A \lif (!C \lif \lforall[x][!D(x)]))$","source_missing_closing_parenthesis_transparently_corrected_olp0120","الإبقاء على مجموعة خارجية مفتوحة؛ تغيير الصيغة؛ حذف قاعدة إثبات المقدَّم التالية","الطرف التالي للرابط يفتح مجموعتين ويغلق الداخلية فقط، ويلزم إغلاق الخارجية حتى تتوازن الصيغة","commit 9620cc73f9c8e0ad003c514a5d3748f29611c4c0; pinned content/first-order-logic/axiomatic-deduction/deduction-theorem-quantifiers.tex lines 41--47, especially line 44; OLP-0120","confidence 1.00; parenthesis balance and preceding equivalent schema independently replayed; smallest upstream fix is adding one closing parenthesis; corrected in Arabic target","2026-08-14","Codex source replay","أضيف قوس إغلاق واحد في السطر المعروض من غير تغيير الكم أو الروابط"
"i.e., $\Gamma \Proves !B$ after deriving $\Gamma \Proves !A \lif (!C \lif \lforall[x][!D(x)])$","i.e., $\Gamma \Proves !A \lif !B$","source_deduction_theorem_conclusion_missing_antecedent_transparently_corrected_olp0120","الإبقاء على Gamma proves B؛ حذف A→؛ تغيير هدف المبرهنة؛ اعتبار B مطابقًا للشرطية كلها","هدف المبرهنة هو Gamma proves A→B، والسطر السابق يساوي A→B بعد تعريف B بأنه C→forall D؛ أما Gamma proves B فلا ينتج من البرهان","commit 9620cc73f9c8e0ad003c514a5d3748f29611c4c0; pinned content/first-order-logic/axiomatic-deduction/deduction-theorem-quantifiers.tex lines 42--50, especially lines 47--48; OLP-0120","confidence 1.00; theorem statement and final displayed line independently replayed; smallest upstream fix is inserting !A \lif before !B; corrected in Arabic target","2026-08-14","Codex source replay","أضيفت مقدمة الشرطية ورابطها في النتيجة النهائية وحدها"
"first conjunction projection item ending in $!A \land !B \Proves !B$ without punctuation","same item with a terminal period","source_missing_terminal_period_transparently_corrected_olp0122","ترك بند القضية بلا علامة ختام؛ تغيير الصيغتين؛ إدخال النقطة في الرياضيات","البند الأول جملة مستقلة يعقبه بند ثان من القائمة، ويلزم إنهاؤه بنقطة خارج المقطع الرياضي","commit 9620cc73f9c8e0ad003c514a5d3748f29611c4c0; pinned content/first-order-logic/axiomatic-deduction/provability-propositional.tex lines 23--28, especially lines 25--26; OLP-0122","confidence 1.00; enumerate boundary and parallel item independently replayed; smallest upstream fix is adding one period after the math delimiter; corrected in Arabic target","2026-08-14","Codex source replay","أضيفت نقطة نثرية بعد النتيجة الثانية من غير تغيير صيغتي الإسقاط"
"\olref[prp]{ax:land1} and \olref[prp]{ax:land1} as the two projection axioms","\olref[prp]{ax:land1} and \olref[prp]{ax:land2}","source_second_conjunction_projection_reference_transparently_corrected_olp0122","الإبقاء على land1 مرتين؛ تغيير القضية؛ حذف الإسقاط الثاني","القضية تثبت الإسقاطين من A∧B؛ الأول يستعمل land1 والثاني يستعمل land2، ولذلك فالإحالة المكررة لا تبرر النتيجة الثانية","commit 9620cc73f9c8e0ad003c514a5d3748f29611c4c0; pinned content/first-order-logic/axiomatic-deduction/provability-propositional.tex lines 31--36, especially line 33; OLP-0122","confidence 1.00; axiom schemas and paired conclusions independently replayed; smallest upstream fix is changing the second label land1 to land2; corrected in Arabic","2026-08-14","Codex source replay","تغيرت حجة الإحالة الثانية وحدها، وبقيت قاعدة إثبات المقدَّم وبنية البرهان"
"\olref[prp]{ax:lnot1} cited for $\lnot !A \lif (!A \lif \lfalse)$","\olref[prp]{ax:lnot2}","source_wrong_negation_axiom_reference_transparently_corrected_olp0122","الإبقاء على lnot1؛ تغيير الصيغة؛ حذف الاستدلال اللاحق","الصيغة المعروضة هي بالضبط مخطط lnot2، في حين يخص lnot1 اتجاهًا آخر؛ والإحالة التالية في الوحدة نفسها تستعمل lnot2 صحيحًا","commit 9620cc73f9c8e0ad003c514a5d3748f29611c4c0; pinned content/first-order-logic/axiomatic-deduction/provability-propositional.tex lines 48--55, especially line 50; OLP-0122","confidence 1.00; axiom definitions and repeated later citation independently replayed; smallest upstream fix is lnot1 to lnot2; corrected in Arabic","2026-08-14","Codex source replay","تغيرت حجة olref وحدها ولم تتغير صيغتا النفي أو برهان عدم الاتساق"
"modus ponsens","modus ponens","source_typo_ponsens_transparently_corrected_olp0122","الإبقاء على ponsens؛ تغيير القاعدة؛ حذف اسم الاستدلال","الكلمة الإنجليزية زلة هجائية واضحة في اسم modus ponens القياسي المستعمل في بقية الفصل","commit 9620cc73f9c8e0ad003c514a5d3748f29611c4c0; pinned content/first-order-logic/axiomatic-deduction/provability-propositional.tex lines 55--59, especially lines 57--58; OLP-0122","confidence 1.00; terminology occurrences throughout chapter independently replayed; smallest upstream fix is ponsens to ponens; normalized in Arabic","2026-08-14","Codex source replay","استعملت العربية الاسم القياسي قاعدة إثبات المقدَّم من غير مساس بالإحالتين"
"$c$ does not occur in $\Gamma$ or~$\top$","$c$ does not occur in $\Gamma$ or~$\ltrue$","source_wrong_truth_symbol_transparently_corrected_olp0123","الإبقاء على top الخام؛ تغيير شرط المتغير المميَّز؛ حذف ثابت الصدق","الصيغة السابقة واللاحقة تستعمل ثابت اللغة \ltrue، والشرط يجب أن يحيل إلى الصيغة نفسها لا إلى رمز TeX العام top","commit 9620cc73f9c8e0ad003c514a5d3748f29611c4c0; pinned content/first-order-logic/axiomatic-deduction/provability-quantifiers.tex lines 27--31, especially line 29; OLP-0123","confidence 1.00; adjacent displayed formulas and symbol conventions independently replayed; smallest upstream fix is \top to \ltrue; corrected in Arabic target","2026-08-14","Codex source replay","استبدل أمر الرمز وحده وبقي شرط عدم الورود كما هو"
"from $\Gamma \Proves \ltrue \lif \lforall[x][!A(x)]$ conclude $\Gamma \Proves \lforall[x][!A(x)]$ by the deduction theorem again","also use $\Gamma \Proves \ltrue$ and meta-modus-ponens \olref[ded]{prop:mp}","source_invalid_reverse_deduction_theorem_step_transparently_corrected_olp0123","الإبقاء على التطبيق العكسي غير المشروع؛ حذف النتيجة؛ افتراض قاعدة جديدة","مبرهنة الاستنباط لا تسمح بإسقاط مقدمة الشرطية من Gamma proves true→forall A؛ يلزم إثبات true ثم استعمال نسخة إثبات المقدَّم الفوقية","commit 9620cc73f9c8e0ad003c514a5d3748f29611c4c0; pinned content/first-order-logic/axiomatic-deduction/provability-quantifiers.tex lines 27--32, especially line 30; OLP-0123","confidence 1.00; deduction theorem direction and proposition prop:mp independently replayed; smallest sound fix is adding Γ⊢true and citing meta-MP; corrected in Arabic","2026-08-14","Codex source replay","أضيف الفرض المبرهن لثابت الصدق وإحالة prop:mp فقط، وبقيت النتيجة والكمية كما هما"
"quantifier derivability proposition stated for unrestricted term $t$","state the two clauses for a closed term $t$","source_missing_closed_term_condition_transparently_corrected_olp0123","الإبقاء على حد قد يحوي متغيرات؛ تغيير مخططي النتيجة؛ منع كل حالات الإحلال","بديهيتا q1 وq2 اللتان يستند إليهما البرهان مقيدتان في هذا النسق بالحدود المغلقة، ولذلك يجب أن يحمل الاستنتاج القيد نفسه","commit 9620cc73f9c8e0ad003c514a5d3748f29611c4c0; pinned content/first-order-logic/axiomatic-deduction/provability-quantifiers.tex lines 34--46; OLP-0123","confidence 1.00; quantifier axiom statement OLP-0115 and both proof citations independently replayed; smallest upstream fix is adding If t is a closed term before the list; corrected in Arabic","2026-08-14","Codex source replay","أضيف شرط واحد يحكم البندين ولم تتغير صيغتا الكل والوجود"
"every !!{derivable}~$!A$ is valid in shared FOL/PL explanation","every !!{derivable}~$!A$ is \iftag{FOL}{valid}{a tautology}","source_valid_tautology_cross_tag_transparently_corrected_olp0124","الإبقاء على valid في النسخة القضوية؛ حذف خاصية السلامة؛ قلب الفرعين","يصطلح الكتاب على valid لصيغ FOL وعلى tautology للصيغ القضوية، والوحدة مشتركة بين الفرعين كما يبين نظيرها اللاحق","commit 9620cc73f9c8e0ad003c514a5d3748f29611c4c0; pinned content/first-order-logic/axiomatic-deduction/soundness.tex lines 15--27, especially line 22; OLP-0124","confidence 1.00; FOL/PL terminology and corollary at line 121 independently replayed; smallest upstream fix is one valid/tautology iftag; corrected in Arabic","2026-08-14","Codex source replay","أضيفت بوابة المصطلح وحدها ولم تتغير الصيغة أو خاصية القابلية للاشتقاق"
"unrestricted soundness statement $\Gamma \Proves !A$ plus proof that assumes all members are sentences","require $\Gamma$ to be a set of !!{sentence}s and $!A$ to be !!a{sentence}, and keep induction carriers sentence-typed","source_soundness_sentence_scope_mismatch_transparently_corrected_olp0124","الإبقاء على الصيغ المفتوحة مع استعمال برهان الجمل؛ تعميم البرهان دلاليًا بلا إسنادات؛ تغيير تعريف الاشتقاق في OLP-0113","فرع QR يستعمل صراحة أن Gamma∪{C} مؤلفة من جمل وأن B(c) جملة؛ لذا لا يثبت النص الدعوى غير المقيدة التي تسمح بها صياغة الاشتقاق العامة في OLP-0113","commit 9620cc73f9c8e0ad003c514a5d3748f29611c4c0; pinned content/first-order-logic/axiomatic-deduction/soundness.tex lines 54--72 and 87--100; cross-unit definition content/first-order-logic/axiomatic-deduction/rules-and-proofs.tex lines 24--38; OLP-0124/OLP-0113","confidence high 0.99; theorem statement, QR satisfaction argument and derivation definition independently replayed; smallest coherent fix is restricting Γ and A to sentences and typing proof carriers accordingly; corrected in Arabic","2026-08-14","Codex source replay","قيدت العربية المقدّمات والنتيجة بالجمل وبدلت حوامل خطوات الاستقراء إلى sentence، وبقيت علاقة Proves وEntails وبنية البرهان"
"induction on the length of the !!{derivation} followed by a base case with no inference steps","induction on the number of inference-rule applications in the !!{derivation}","source_soundness_induction_measure_mismatch_transparently_corrected_olp0124","الإبقاء على الطول مع استعمال فرض أقصر بعدد القواعد؛ تغيير حالات البرهان؛ حذف الأساس","الأساس والخطوة يقيسان عدد الخطوات المبررة بقواعد الاستدلال لا عدد الصيغ الكلي، ويصرح النص لاحقًا بأن الجزء السابق يحوي تطبيقًا أقل","commit 9620cc73f9c8e0ad003c514a5d3748f29611c4c0; pinned content/first-order-logic/axiomatic-deduction/soundness.tex lines 59--72, especially lines 60--61 and 71--72; OLP-0124","confidence 1.00; induction base and decrease clause independently replayed; smallest upstream fix is length to number of inference-rule applications; normalized in Arabic","2026-08-14","Codex source replay","صححت العربية مقياس الاستقراء وحده، وبقي الأساس وحالتا MP وQR وترتيبهما"
"two $\lforall[x][B(x)]$ occurrences and $\Sat{M'}{B(c)}$ in a proof otherwise using $!B$","insert ! before B in all three occurrences","source_three_missing_formula_metavariable_markers_transparently_corrected_olp0124","الإبقاء على B العارية؛ حذف الكم أو الإرضاء؛ تغيير كل المواضع الصحيحة إلى B عارية","يستعمل مخطط QR وجميع الصيغ التالية !B(x) و!B(c)، وهذه المواضع الثلاثة وحدها فقدت علامة المتغير الصيغي","commit 9620cc73f9c8e0ad003c514a5d3748f29611c4c0; pinned content/first-order-logic/axiomatic-deduction/soundness.tex lines 79--98, especially lines 80, 82, and 97; OLP-0124","confidence 1.00; surrounding quantified formulas and satisfaction chain independently replayed; smallest upstream fix is inserting ! at the three sites; corrected in Arabic","2026-08-14","Codex source replay","أضيفت ثلاثة محارف ! فقط ولم تتغير البنية أو الإسناد أو الكم"
"% Chapter: axiomatic-proofs","% Chapter: axiomatic-deduction","source_wrong_metadata_chapter_transparently_corrected_olp0125","الإبقاء على اسم فصل غير موجود؛ تغيير Part أو Section؛ حذف بيانات الرأس","مسار الملف ومعرفه axd والمستورد الأب كلها تضعه في فصل axiomatic-deduction، لا axiomatic-proofs","commit 9620cc73f9c8e0ad003c514a5d3748f29611c4c0; pinned content/first-order-logic/axiomatic-deduction/identity.tex lines 1--3, especially line 2; OLP-0125","confidence 1.00; path, olfileid and chapter driver independently replayed; smallest upstream fix is the metadata chapter value; corrected in Arabic target","2026-08-14","Codex source replay","تغير تعليق Chapter وحده ولم تمس أي بنية تنفيذية"
"The definition ... remains the same, we just also allow the new axioms","The definition ... remains the same; we just also allow the new axioms","source_comma_splice_transparently_corrected_olp0125","الإبقاء على وصل جملتين مستقلتين بفاصلة؛ دمجهما سببيًا؛ تغيير مضمون التعريف","يجمع المنبع جملتين مستقلتين بفاصلة، والفاصلة المنقوطة هي أصغر تصحيح يحفظ العلاقة التفسيرية","commit 9620cc73f9c8e0ad003c514a5d3748f29611c4c0; pinned content/first-order-logic/axiomatic-deduction/identity.tex lines 13--15; OLP-0125","confidence high 0.99; clause independence and local prose independently replayed; smallest upstream fix is comma to semicolon; normalized in Arabic","2026-08-14","Codex source replay","استعملت العربية فاصلة منقوطة وحفظت تعريف الاشتقاق والبديهيات الجديدة"
"identity propositions quantify any term $t$ and leave $t_1,t_2$ unrestricted","require $t$, $t_1$, and $t_2$ to be closed terms","source_identity_closed_term_scope_transparently_corrected_olp0125","الإبقاء على حدود مفتوحة مع بديهيات مقيدة؛ تعميم بديهيات الهوية؛ تغيير نتيجتي القضيتين","بديهيتا الهوية في التعريف السابق مقيدتان صراحة بالحدود المغلقة، والبرهانان يستعملان حالتين منهما؛ فيجب نقل القيد إلى القضيتين","commit 9620cc73f9c8e0ad003c514a5d3748f29611c4c0; pinned content/first-order-logic/axiomatic-deduction/identity.tex lines 17--24 and 38--52, especially lines 39 and 43--44; OLP-0125","confidence 1.00; axiom scope and both instantiations independently replayed; smallest upstream fix is closed in iden1 and one shared closed-term condition for iden2; corrected in Arabic","2026-08-14","Codex source replay","قيدت الحدود الثلاثة بالإغلاق من غير تغيير صيغ الهوية أو تطبيقي MP"
"mis-scoped FOL/PL carrier in the model-existence question, leaving the FOL rendering without `with $\Sat{M}{\Gamma}$`","close the carrier gate after the structure/valuation and retain the satisfaction clause in both renderings","source_misscoped_carrier_gate_transparently_corrected_olp0127","الإبقاء على عبارة الإرضاء داخل فرع PL وحده؛ حذف سؤال وجود النموذج؛ نقل الصيغة الدلالية إلى فرع FOL وحده","القوس الخارجي في المنبع يغلق بعد عبارة with، فتدخل العبارة كلها في فرع PL بينما لا يبقى في فرع FOL إلا اسم البنية؛ والصيغة المقصودة هي وجود حامل دلالي يرضي Gamma في الفرعين","commit 9620cc73f9c8e0ad003c514a5d3748f29611c4c0; pinned content/first-order-logic/completeness/introduction.tex lines 24--32, especially lines 29--31; OLP-0127","confidence 1.00; brace scope and both tag renderings independently replayed; smallest upstream fix is moving one closing brace before with; corrected in Arabic target","2026-08-14","Codex source replay","أغلقت بوابة structure/valuation قبل فعل الإرضاء، وبقيت صيغة Gamma نفسها مشتركة بين الفرعين"
"the shared FOL/PL introduction says the proof constructs only !!a{structure}","construct \iftag{FOL}{!!a{structure}}{!!a{valuation}}","source_structure_valuation_cross_tag_transparently_corrected_olp0127","الإبقاء على structure في فرع PL؛ حذف حامل البناء؛ قلب الفرعين","البناء في FOL ينتج بنية، أما نظيره في PL فينتج تقييمًا؛ والملف مشترك كما يبين olfileid المزدوج والبوابات المحيطة","commit 9620cc73f9c8e0ad003c514a5d3748f29611c4c0; pinned content/first-order-logic/completeness/introduction.tex lines 59--67, especially lines 62--65; OLP-0127","confidence 1.00; dual locale file identifiers and adjacent construction terminology independently replayed; one carrier iftag added","2026-08-14","Codex source replay","استعملت العربية بوابة structure/valuation واحدة من غير تغيير خاصية الاتساق أو الإرضاء"
"use the \emph{the proof of} the completeness theorem","use \emph{the proof of} the completeness theorem","source_duplicate_article_transparently_normalized_olp0127","محاكاة تكرار the في العربية؛ حذف الإحالة إلى البرهان؛ تغيير علاقة البرهان بالتراص","تكرر أداة التعريف الإنجليزية قبل العبارة المؤكدة وداخلها، وهو تكرار طباعي محض؛ العربية صاغت برهان المبرهنة مرة واحدة","commit 9620cc73f9c8e0ad003c514a5d3748f29611c4c0; pinned content/first-order-logic/completeness/introduction.tex lines 59--63, especially line 61; OLP-0127","confidence 1.00; local grammar independently replayed; smallest upstream fix is deletion of the first the","2026-08-14","Codex source replay","حذفت العربية التكرار وحده وحفظت التشديد على البرهان"
"condition (b) ranges only over every possible atomic !!{sentence}, and later hard-codes sentences in the shared FOL/PL outline","condition (b) ranges over every \iftag{FOL}{!!{sentence}}{!!{formula}}, with the later carriers gated the same way","source_completeness_condition_scope_and_cross_tag_transparently_corrected_olp0128","الإبقاء على الجمل الذرية وحدها؛ جعل Gamma* كاملة ذريًا فقط؛ إبقاء sentence في فرع PL؛ تغيير الشرطين (أ) أو (ج)","تعريف المجموعة الكاملة يتطلب لكل جملة أو صيغة إما هي أو نفيها، لا للذريات وحدها؛ كما أن الملف يقدّم برهان FOL وPL معًا، فتكون الحوامل جملًا في الأول وصيغًا في الثاني","commit 9620cc73f9c8e0ad003c514a5d3748f29611c4c0; pinned content/first-order-logic/completeness/outline.tex lines 60--80, especially lines 66--79; OLP-0128","confidence 1.00; subsequent completeness definition and dual-tag truth lemma independently replayed; atomic deleted and three carrier gates normalized","2026-08-14","Codex source replay","وسعت العربية الشرط (ب) إلى كل جملة أو صيغة وحفظت الشرطين الآخرين وعلاقة الاحتواء"
"Now let $!D_n$ be the !!{formula} after defining the $!D_n$ as sentences","Now let $!D_n$ be the !!{sentence}","source_henkin_carrier_formula_to_sentence_transparently_corrected_olp0130","الإبقاء على formula؛ تغيير مخطط D_n؛ حذف التكميم أو إحلال الثابت","كل A_n لا يرد فيها حرًا إلا x_n، وبإحلال c_n وإغلاق x_n تكون شرطية D_n جملة؛ كما يصرح التعريف قبل ذلك بأنه يعرف sentences D_n","commit 9620cc73f9c8e0ad003c514a5d3748f29611c4c0; pinned content/first-order-logic/completeness/henkin-expansions.tex lines 51--68, especially lines 56 and 64--67; OLP-0130","confidence 1.00; free-variable condition and preceding carrier declaration independently replayed; formula normalized to sentence","2026-08-14","Codex source replay","غيرت العربية اسم الحامل وحده وبقي مخطط هنكن كما هو"
"$\lforall[x_n][\lnot !A_n]$ in a derivation otherwise using $!A_n(x_n)$","$\lforall[x_n][\lnot !A_n(x_n)]$","source_missing_formula_argument_transparently_corrected_olp0130","الإبقاء على A_n بلا حجتها؛ حذف الكم؛ تغيير متغير الربط","الموضع يشرح الصيغة الناتجة من التعميم القوي على A_n(c_n)، وكل المواضع المتوازية تستعمل A_n(x_n)؛ لذلك فقدت الحجة في هذا الموضع وحده","commit 9620cc73f9c8e0ad003c514a5d3748f29611c4c0; pinned content/first-order-logic/completeness/henkin-expansions.tex lines 119--144, especially line 141; OLP-0130","confidence 1.00; strong-generalization premise and parallel branch independently replayed; inserted `(x_n)` only","2026-08-14","Codex source replay","أضيفت الحجة x_n وحدها ولم يتغير الكم أو النفي"
"the existential-instance property in the explanatory paragraph is gated by `prvAll`","gate the existential-instance property by `prvEx`","source_wrong_existential_tag_transparently_corrected_olp0130","الإبقاء على الخاصية الوجودية تحت وسم الكل؛ حذف الخاصية؛ تبديل نص الوجود والكل","العبارة تقول صراحة existentially quantified وتطابق بند prvEx في القضية التالية، بينما العبارة السابقة وحدها هي الخاصة بـprvAll","commit 9620cc73f9c8e0ad003c514a5d3748f29611c4c0; pinned content/first-order-logic/completeness/henkin-expansions.tex lines 149--167, especially lines 151--155; OLP-0130","confidence 1.00; following tagenumerate labels independently replayed; smallest upstream fix is prvAll to prvEx","2026-08-14","Codex source replay","تغير اسم الوسم وحده وبقي وصف الحالة الوجودية كما هو"
"choose the largest stage index for every finite $\Gamma'\subseteq\Gamma^*$ without handling $\Gamma'=\emptyset$","split off the empty subset as trivially consistent before choosing a largest index","source_empty_finite_subset_case_transparently_completed_olp0131","اختيار أكبر فهرس من مجموعة فارغة؛ حذف حجة الاتساق؛ افتراض عدم فراغ كل مجموعة جزئية منتهية","لا يوجد أكبر فهرس عندما تكون Gamma' فارغة، مع أن البرهان يكمم على جميع المجموعات الجزئية المنتهية؛ والحالة الفارغة متسقة بداهة ثم تعمل الحجة الأصلية للحالة غير الفارغة","commit 9620cc73f9c8e0ad003c514a5d3748f29611c4c0; pinned content/first-order-logic/completeness/lindenbaums-lemma.tex lines 76--91, especially lines 76--80; OLP-0131","confidence 1.00; finite-set case split independently replayed; one empty-case sentence added","2026-08-14","Codex source replay","أضيفت حالة المجموعة الفارغة فقط ثم حُفظ اختيار أكبر الفهارس والاحتواء"
"every $!B\in\Gamma'$ is also `$\in\Gamma_n$`","every $!B\in\Gamma'$ also satisfies `$!B\in\Gamma_n$`","source_detached_membership_subject_transparently_corrected_olp0131","الإبقاء على رمز عضوية بلا طرف أيسر؛ حذف نتيجة الاحتواء؛ تغيير Gamma_n","المقطع الرياضي في المنبع يبدأ بعلاقة العضوية من غير عنصر؛ والعنصر المقصود هو B نفسه من بداية الجملة، كما تؤكد الخلاصة Gamma' subset Gamma_n","commit 9620cc73f9c8e0ad003c514a5d3748f29611c4c0; pinned content/first-order-logic/completeness/lindenbaums-lemma.tex lines 76--82, especially lines 79--80; OLP-0131","confidence 1.00; sentence subject and following subset conclusion independently replayed; inserted !B only","2026-08-14","Codex source replay","أعيد B إلى قضية العضوية من غير تغيير الفهرس أو الاستنتاج"
"term-model value lemma and the quantified truth-lemma cases quantify unrestricted terms","restrict all three statements to closed terms","source_term_model_closed_term_scope_transparently_corrected_olp0132","الإبقاء على حدود مفتوحة مع نموذج مجاله حدود مغلقة؛ تعميم دالة القيمة بلا إسناد؛ حذف حالتي الكم","مجال نموذج الحدود معرف بأنه مجموعة الحدود المغلقة، وقضية prop:quant-termmodel مقيدة بها؛ لذا لا تثبت الحجج اللاحقة إلا للحدود المغلقة","commit 9620cc73f9c8e0ad003c514a5d3748f29611c4c0; pinned content/first-order-logic/completeness/construction-of-model.tex lines 75--96 and 238--257, especially lines 80, 243--245, and 253--255; OLP-0132","confidence 1.00; domain definition and quantified-instance proposition independently replayed; closed inserted at each carrier","2026-08-14","Codex source replay","قيدت العربية الحد في اللمّة وحالتي الكل والوجود بالإغلاق ولم تغير صيغ الإرضاء"
"the universal truth-lemma case for $\lforall[x][!B(x)]$ concludes `$\lforall[x][!A(x)]\in\Gamma^*$`","conclude `$\lforall[x][!B(x)]\in\Gamma^*$`","source_truth_lemma_metavariable_mismatch_transparently_corrected_olp0132","الإبقاء على A بدل B؛ تغيير حالة الاستقراء؛ حذف النتيجة","الحالة الجارية تعرف A بوصفها الصيغة المركبة forall x B(x)، ولذلك يجب أن تعود نتيجة العضوية إلى نفس B التي استعملتها جميع حلقات التكافؤ السابقة","commit 9620cc73f9c8e0ad003c514a5d3748f29611c4c0; pinned content/first-order-logic/completeness/construction-of-model.tex lines 238--247, especially line 247; OLP-0132","confidence 1.00; induction carrier and existential parallel case independently replayed; A changed to B only","2026-08-14","Codex source replay","صححت العربية اسم المتغير الصيغي وحده وحفظت الكم والعضوية"
"the quotient definitions use all $\Trm[L]$ although $\approx$ is defined only on closed terms","use $\Trm[L]_0$, the set of closed terms, throughout the equivalence classes, domain, and representative discussion","source_quotient_closed_term_domain_transparently_corrected_olp0133","الإبقاء على أصناف لعناصر خارج مجال العلاقة؛ توسيع approx إلى الحدود المفتوحة؛ تغيير مجال النموذج","تعريف approx السابق يقيده بالحدود المغلقة، ونموذج الحدود نفسه مجاله الحدود المغلقة؛ لذلك لا تعرف خارج القسمة على Trm[L] كلها","commit 9620cc73f9c8e0ad003c514a5d3748f29611c4c0; pinned content/first-order-logic/completeness/identity.tex lines 26--33 and 86--132, especially lines 91--93, 102, and 116; OLP-0133","confidence 1.00; relation domain and term-model domain independently replayed; every quotient carrier restricted to Trm[L]_0","2026-08-14","Codex source replay","عرّفت العربية الرمز Trm[L]_0 مرة واستعملته في الأصناف والمجال وشرح الممثلين"
"function congruence display contains `t_{i+1},,\dots`","use `t_{i+1},\dots`","source_duplicate_comma_in_formula_transparently_corrected_olp0133","الإبقاء على فاصلتين داخل قائمة الحجج؛ حذف حجة؛ تغيير ترتيب الحدود","الفاصلة الثانية زائدة طباعيًا في قائمة موازية تمامًا للقائمة في الطرف الآخر ولصيغة القضية السابقة","commit 9620cc73f9c8e0ad003c514a5d3748f29611c4c0; pinned content/first-order-logic/completeness/identity.tex lines 66--72, especially line 69; OLP-0133","confidence 1.00; paired argument lists independently replayed; one comma deleted","2026-08-14","Codex source replay","حذفت العربية الفاصلة المكررة وحدها"
"well-definedness assumes `$t_i\approx t_i'$` without quantifying the index","require `$t_i\approx t_i'$` for every `$1\le i\le n$`","source_missing_index_quantifier_transparently_corrected_olp0133","الإبقاء على i حرًا؛ حذف شرط التكافؤ؛ تغيير عدد الحجج","النتيجتان تقارنان قائمتي n من الممثلين، وبرهان الاستقراء يحتاج تكافؤ كل زوج مناظر؛ لذا يجب تقييد i بجميع الفهارس","commit 9620cc73f9c8e0ad003c514a5d3748f29611c4c0; pinned content/first-order-logic/completeness/identity.tex lines 135--152, especially lines 136--139; OLP-0133","confidence 1.00; two n-ary conclusions and induction proof independently replayed; index range added","2026-08-14","Codex source replay","أضافت العربية الكم على الفهرس وحده وبقي الشرطان الناتجان كما هما"
"factored term-model value lemma leaves $t$ unrestricted","state the equality for every closed term $t$","source_factored_value_lemma_closed_term_scope_transparently_corrected_olp0133","الإبقاء على حد مفتوح بلا إسناد؛ تعميم قيمة النموذج؛ حذف اللمّة","مجال خارج نموذج الحدود أصناف الحدود المغلقة، واللمّة تحيل إلى نظيرتها في نموذج الحدود المقيدة بها؛ لذا يلزم القيد نفسه","commit 9620cc73f9c8e0ad003c514a5d3748f29611c4c0; pinned content/first-order-logic/completeness/identity.tex lines 159--168, especially lines 162--165; OLP-0133","confidence 1.00; quotient domain and cited lemma independently replayed; closed-term qualifier added","2026-08-14","Codex source replay","قيدت العربية t بالإغلاق من غير تغيير مساواة القيمة"
"the uncovered-model example ranges over arbitrary terms and calls the expanded model itself uncovered","range over closed terms of the original language and take the reduct of the expanded model to that language","source_uncovered_model_closed_terms_and_reduct_transparently_corrected_olp0135","الإبقاء على حدود مفتوحة بلا إسناد؛ اعتبار التوسيع غير مغطى مع أن الثابت الجديد يسمي العنصر؛ حذف المثال","التغطية تعرف بواسطة الحدود المغلقة، والثابت c في اللغة الموسعة يعيّن العنصر المختار نفسه؛ فلا يظهر نموذج غير مغطى إلا بعد رد البنية إلى اللغة الأصلية التي لا تحتوي c","commit 9620cc73f9c8e0ad003c514a5d3748f29611c4c0; pinned content/first-order-logic/completeness/compactness.tex lines 90--121, especially lines 92--104 and 117--120; OLP-0135","confidence 1.00; covered-model definition and expansion/reduct semantics independently replayed; closed-term carrier and reduct made explicit","2026-08-14","Codex source replay","قيدت العربية Delta بالحدود المغلقة وصرحت برد كل نموذج إلى L، مع بقاء تفسير c شاهدًا على العنصر غير المسمى في الرد"
"choose the largest $n$ with `$!A_{\ge n}\in\Delta'$` for every finite $\Delta'$","if `$\Delta'=\emptyset$` set `$n=0$`; otherwise choose the largest such $n$","source_empty_delta_case_transparently_completed_olp0135","اختيار أكبر عنصر من مجموعة فارغة؛ افتراض احتواء Delta' جملة حجم؛ حذف برهان القابلية المنتهية","قد تكون Delta' فارغة لأن البرهان يكمم على كل المجموعات الجزئية المنتهية؛ وعندئذ يكفي n=0، أما في الحالة غير الفارغة فتعمل الحجة الأصلية","commit 9620cc73f9c8e0ad003c514a5d3748f29611c4c0; pinned content/first-order-logic/completeness/compactness.tex lines 184--195, especially lines 188--193; OLP-0135","confidence 1.00; finite-subset quantifier and size-sentence family independently replayed; empty case added","2026-08-14","Codex source replay","أضافت العربية فرع Delta' الفارغ وضبطت emptyset، ثم حفظت اختيار أكبر n للحالة الأخرى"
"the direct compactness proof constructs only the ordinary term model and invokes a truth lemma that excludes identity","when `$\eq$` occurs, factor the closed-term model by `$\approx$`, establish congruence from finite satisfiability, and use the identity case of the quotient truth lemma","source_direct_compactness_identity_case_transparently_completed_olp0136","تقييد المبرهنة خفية باللغات الخالية من الهوية؛ استعمال نموذج الحدود العادي مع جمل مساواة؛ حذف اتجاه التراص","لمّة الصدق المستشهد بها تستبعد eq صراحة، في حين تصاغ مبرهنة التراص لكل FOL؛ وتعيد القابلية المنتهية جميع خصائص التكافؤ والتوافق دلاليًا لأن أي إخفاق تشهد عليه مجموعة منتهية غير قابلة للإرضاء","commit 9620cc73f9c8e0ad003c514a5d3748f29611c4c0; pinned content/first-order-logic/completeness/compactness-direct.tex lines 115--143; cross-check identity.tex lines 26--186; OLP-0136","confidence 1.00; truth-lemma scope and quotient construction independently replayed; one gated identity paragraph added","2026-08-14","Codex source replay","أبقت العربية البرهان الأصلي للحالة الخالية من الهوية وأضافت خارج القسمة وحالة لمّة الصدق عند حضور eq"
"the replacement reference `$\olref{prop:fsat-ccs}` lies inside the FOL-only branch","retain the ccs-to-fsat-ccs replacement in both renderings and gate only the additional Henkin replacement","source_pl_replacement_reference_tag_scope_transparently_corrected_olp0136","إسقاط مرجع fsat-ccs من فرع PL؛ نقل مرجع Henkin إلى PL؛ حذف تعليمات الاستبدال","فرع PL يحتاج استبدال prop:ccs بـprop:fsat-ccs مثل FOL، ولا يختلف الفرعان إلا في نتيجة الحالات المكممة الخاصة بـFOL","commit 9620cc73f9c8e0ad003c514a5d3748f29611c4c0; pinned content/first-order-logic/completeness/compactness-direct.tex lines 139--143; OLP-0136","confidence 1.00; preceding PL exercise and gated quantifier lemmas independently replayed; iftag boundary moved after fsat-ccs","2026-08-14","Codex source replay","أبقت العربية إحالة الاستبدال الأولى مشتركة وقيدت إحالة الإشباع وحدها بـFOL"
"the downward L\"owenheim--Skolem proofs bound the model by terms of `$\Lang L$` or all `$\Trm[L']$` and omit the reduct","use closed terms `$\Trm[L']_0$` of the Henkin expansion and then take the reduct to the original language","source_downward_ls_henkin_closed_terms_and_reduct_transparently_corrected_olp0137","الإبقاء على L بدل L'؛ عد الحدود المفتوحة عناصر للمجال؛ اعتبار بنية اللغة الموسعة نموذجًا في اللغة الأصلية بلا رد","برهان الاكتمال يضيف ثوابت هنكن في L' ويجعل المجال حدودها المغلقة أو خارجها؛ وللحصول على نموذج Gamma في L يلزم رد البنية مع بقاء المجال نفسه وعدده على الأكثر قابلًا للتعداد","commit 9620cc73f9c8e0ad003c514a5d3748f29611c4c0; pinned content/first-order-logic/completeness/downward-ls.tex lines 20--46, especially lines 27--30 and 41--45; OLP-0137","confidence 1.00; Henkin construction, quotient option, and reduct semantics independently replayed; both proofs corrected coherently","2026-08-14","Codex source replay","استعملت العربية Trm[L']_0 وصرحت بالرد إلى L في البرهانين من غير تغيير نتيجتي العدد"
"the entailment display has $\lforall[x][(!A(x) \lif !B(x)), \lexists[x][!A(x)] \Entails \lexists[x][!B(x)]]$, so the universal quantifier wrongly scopes over the comma and entailment","use $\lforall[x][(!A(x) \lif !B(x))], \lexists[x][!A(x)] \Entails \lexists[x][!B(x)]$","source_entailment_quantifier_bracket_scope_transparently_corrected_olp0140","الإبقاء على الاستلزام داخل نطاق الكمي الكلي؛ حذف مقدمة الوجود؛ تغيير جهة الاستلزام","قوس مصفوفة الكمي يجب أن يغلق بعد الشرطية، ثم تأتي فاصلة المقدمتين وعلاقة الاستلزام خارج الكمي؛ والقوس الأخير الزائد أثر من الإغلاق المؤجل","commit 9620cc73f9c8e0ad003c514a5d3748f29611c4c0; pinned content/first-order-logic/introduction/first-order-logic.tex lines 50--52; OLP-0140","confidence 1.00; formula grammar and immediately following ant/insect argument independently replayed; bracket moved only","2026-08-14","Codex source replay","أغلقت العربية الكمي بعد شرطية كل نملة حشرة، وأبقت المقدمتين والنتيجة واتجاه Entails كما هي"
"the two later argument descriptions use $\lforall[x][(!A(x) \lif !B(x))$ and $\lexists[x][!B(x)]]$","use $\lforall[x][(!A(x) \lif !B(x))]$ and $\lexists[x][!B(x)]$ in both descriptions","source_repeated_quantifier_bracket_misplacement_transparently_corrected_olp0140","الإبقاء على مصفوفة الكمي الكلي مفتوحة حتى نهاية النتيجة؛ حذف إحدى الصيغ؛ تغيير متغيرات A أو B","كل مقطع رياضي مستقل ويجب أن يغلق مصفوفة الكمي في موضعها؛ والقوس الزائد بعد صيغة النتيجة يقابل القوس المفقود في المقدمة","commit 9620cc73f9c8e0ad003c514a5d3748f29611c4c0; pinned content/first-order-logic/introduction/first-order-logic.tex lines 67--73 and 80--84; OLP-0140","confidence 1.00; both repeated premise/conclusion pairs and valid source occurrences independently replayed; two missing brackets inserted and two stray brackets removed","2026-08-14","Codex source replay","صححت العربية موضعي الوصف المتكررين مع إبقاء صيغ المقدمتين والنتيجة والدعوى المنطقية"
"the general semantic case says the !!{constant}s can have more than one place","the !!{predicate}s can have more than one place","source_wrong_arity_bearer_transparently_corrected_olp0143","الإبقاء على ثوابت متعددة المحال؛ حذف تنبيه الرتبة؛ نقل التعدد إلى الدوال وحدها","الثابت يعيّن عنصرًا واحدًا، أما المحمول فقد يكون أحادي المحل أو متعدد المحال؛ وهذا ما تعممه اللغة بعد المثال ذي المحمول الأحادي P","commit 9620cc73f9c8e0ad003c514a5d3748f29611c4c0; pinned content/first-order-logic/introduction/satisfaction.tex lines 20--25, especially line 24; OLP-0143","confidence 1.00; preceding unary interpretation and standard first-order signature arities independently replayed; constant changed to predicate only","2026-08-14","Codex source replay","نسبت العربية تعدد المحال إلى المحمولات، وأبقت كثرة الثوابت ووجود الدوال كما وردا"
"after setting $\Domain{M}=\{0,1,2\}$, the assignment example says values are one of $1$, $2$, or $3$","say one of $0$, $1$, or $2$","source_domain_example_value_mismatch_transparently_corrected_olp0143","الإبقاء على 3 خارج المجال؛ تغيير المجال نفسه؛ حذف مثال الإسناد","إسناد المتغير دالة إلى عناصر المجال المحدد قبل أسطر، ولذلك يجب أن تكون قائمة القيم هي عناصر المجموعة 0 و1 و2 نفسها","commit 9620cc73f9c8e0ad003c514a5d3748f29611c4c0; pinned content/first-order-logic/introduction/satisfaction.tex lines 42--46 and 58--64; OLP-0143","confidence 1.00; explicit domain and later assignment definition independently replayed; 3 changed to 0 only","2026-08-14","Codex source replay","صححت العربية قائمة القيم إلى 0 و1 و2 من غير تغيير الدالة أو المجال"
"the universal premise is written $\lforall[\Obj v_0][\Atom{\Obj P}]{\Obj v_0}$, leaving the atom argument outside the quantifier matrix","use $\lforall[\Obj v_0][\Atom{\Obj P}{\Obj v_0}]$","source_malformed_universal_atom_arguments_transparently_corrected_olp0146","الإبقاء على حجة المحمول خارج مصفوفة الكمي؛ حذف الحجة؛ تغيير المحمول أو المتغير","ماكرو Atom يأخذ المحمول ثم الحد حجة ثانية، وتجب إحاطة الذرة المكتملة بقوسي مصفوفة lforall؛ كما تؤكد الصيغة النثرية التالية forall x A(x)","commit 9620cc73f9c8e0ad003c514a5d3748f29611c4c0; pinned content/first-order-logic/introduction/substitution.tex lines 13--20, especially lines 16--17; OLP-0146","confidence 1.00; macro topology and following general schema independently replayed; braces and closing bracket repositioned only","2026-08-14","Codex source replay","وضعت العربية v_0 حجة ثانية للمحمول داخل مصفوفة الكمي، وحفظت مثال الاستنتاج"
"the characterization question says sentences characterize structures because they, and only they, are true in them","say the sentences are true in those structures and in only those structures","source_characterization_pronoun_scope_transparently_corrected_olp0147","الإبقاء على قراءة أن الجمل وحدها هي الصادقة في البنى؛ حذف شرط الحصر؛ قلب جهة التمييز","تمييز فئة من البنى بجمل يعني أن تلك البنى وحدها تحقق الجمل؛ ولا يعني أن الجمل المميزة هي الجمل الوحيدة الصادقة داخل كل بنية","commit 9620cc73f9c8e0ad003c514a5d3748f29611c4c0; pinned content/first-order-logic/introduction/models-theories.tex lines 21--26, especially lines 23--25; OLP-0147","confidence high 0.99; model-theoretic definition and adjacent axiomatic-method explanation independently replayed; Arabic pronoun scope disambiguated","2026-08-14","Codex source replay","صاغت العربية أن الجمل تصدق في البنى المقصودة وفيها وحدها، مع إبقاء سؤال قابلية التمييز"
"Other systems will chose different symbols","Other systems will choose different symbols","source_typo_chose_choose_transparently_corrected_olp0150","محاكاة الخطأ التصريفي في العربية؛ حذف اختلاف الرموز؛ تغيير زمن الجملة","بعد الفعل المساعد will يلزم المصدر choose، أما chose فصيغة الماضي؛ وهو خطأ هجائي تصريفي محض","commit 9620cc73f9c8e0ad003c514a5d3748f29611c4c0; pinned content/first-order-logic/syntax-and-semantics/intro-syntax.tex lines 20--24, especially line 22; OLP-0150","confidence 1.00; English grammar and parallel will select/will use clauses independently replayed; normalized in Arabic","2026-08-14","Codex source replay","استعملت العربية صيغة المستقبل السليمة ولم تغير تعداد الرموز والروابط والأقواس"
"four occurrences of `!!{denumerable}s set`","`!!{denumerable} set`","source_denumerable_token_plural_duplication_transparently_corrected_olp0151","الإبقاء على علامة الجمع بعد المصطلح ثم إبقاء الاسم المفرد؛ حذف خاصية القابلية للتعداد","اللاحقة s زائدة قبل الاسم المفرد set في المواضع الأربعة، وماكرو المصطلح نفسه يضبط الصيغة","commit 9620cc73f9c8e0ad003c514a5d3748f29611c4c0; pinned content/first-order-logic/syntax-and-semantics/first-order-languages.tex lines 49, 55, 57, 59; OLP-0151","confidence 1.00; repeated English agreement and token-macro use independently replayed; four suffixes removed","2026-08-14","Codex source replay","حذفت العربية لاحقة s الأربع وأبقت مجموعة الرموز القابلة للتعداد في كل بند"
"the final inner `\\iftag{defTrue}` closes without an empty false branch and consumes the outer close","close the inner tag as `...}{}%` and the outer tag as `}{}.`","source_nested_iftag_false_branch_scope_transparently_corrected_olp0151","الإبقاء على فرع defTrue غير مكتمل؛ إسقاط الفرع الكاذب للوسم الخارجي؛ حذف القائمة","كل استدعاء iftag يحتاج وسيطي الفرعين، وكان القوس الأخير منسوبًا إلى الاستدعاء الخطأ","commit 9620cc73f9c8e0ad003c514a5d3748f29611c4c0; pinned content/first-order-logic/syntax-and-semantics/first-order-languages.tex lines 91--104; OLP-0151","confidence 1.00; nested macro arities and neighboring iftag calls independently replayed; only closing scope repaired","2026-08-14","Codex source replay","أغلقت العربية فرع defTrue ثم أضافت الفرع الخالي للوسم الخارجي مع حفظ القائمة"
"the name `falsum,` is followed by another comma","retain a single comma after `falsum`","source_duplicate_comma_transparently_corrected_olp0151","إظهار فاصلتين متتاليتين؛ حذف الاسم؛ تغيير قائمة أسماء falsity","الفاصلة داخل الاقتباس تتكرر مباشرة بعده ولا تحمل وظيفة تركيبية ثانية","commit 9620cc73f9c8e0ad003c514a5d3748f29611c4c0; pinned content/first-order-logic/syntax-and-semantics/first-order-languages.tex lines 129--130; OLP-0151","confidence 1.00; punctuation locally replayed; duplicate removed in Arabic prose","2026-08-14","Codex source replay","صاغت العربية قائمة الأسماء بفواصل مفردة"
"the defIf expansion has `$\\lnot !A \\lor !B)$`","use `$(\\lnot !A \\lor !B)$`","source_defined_conditional_parenthesis_transparently_corrected_olp0152","إبقاء القوس الغالق بلا قوس فاتح؛ حذف النفي؛ تغيير تعريف الشرطية","قواعد الصيغ الثنائية تتطلب زوج الأقواس، والصيغة المقصودة هي الفصل بين نفي المقدمة والتالية","commit 9620cc73f9c8e0ad003c514a5d3748f29611c4c0; pinned content/first-order-logic/syntax-and-semantics/terms-formulas.tex lines 147--148; OLP-0152","confidence 1.00; formation rules and earlier parallel occurrence independently replayed; opening parenthesis inserted","2026-08-14","Codex source replay","أضافت العربية القوس الفاتح فقط وحفظت الروابط والحدود"
"the official successor abbreviation ends with `$f^1_0(t)$`","use `$\\Obj f^1_0(t)$`","source_successor_object_language_marker_transparently_corrected_olp0152","إسقاط وسم لغة الموضوع من الرمز الأخير وحده؛ حذف مثال الخلف؛ تغيير الدالة","جميع الرموز الرسمية المجاورة موسومة بماكرو Obj، ودالة الخلف رمز من لغة الموضوع نفسها","commit 9620cc73f9c8e0ad003c514a5d3748f29611c4c0; pinned content/first-order-logic/syntax-and-semantics/terms-formulas.tex lines 165--168; OLP-0152","confidence 1.00; neighboring official abbreviations and language notation independently replayed; Obj restored","2026-08-14","Codex source replay","أبقت العربية دالة الخلف وأضافت Obj إلى الرمز الرسمي"
"`intepretation`","`interpretation`","source_typo_interpretation_transparently_corrected_olp0153","محاكاة الخطأ الإملائي؛ حذف مفهوم التأويل؛ استبداله بمفهوم مغاير","الكلمة الإنجليزية الأصلية ذات قلب حرفي ظاهر، وسياق unique reading يكرر interpretation الصحيح","commit 9620cc73f9c8e0ad003c514a5d3748f29611c4c0; pinned content/first-order-logic/syntax-and-semantics/unique-readability.tex lines 18--20; OLP-0153","confidence 1.00; English spelling and immediate semantic parallel independently replayed","2026-08-14","Codex source replay","استعملت العربية «تأويل» الصحيح"
"`The number of left and right parentheses ... are equal`","`The numbers of left and right parentheses ... are equal`","source_parenthesis_count_subject_agreement_transparently_corrected_olp0153","محاكاة عدم المطابقة النحوية؛ تغيير مضمون اللمّة؛ حذف أحد العددين","تساوي اللمّة عددين مستقلين، ولذلك يلزم جمع subject مع are","commit 9620cc73f9c8e0ad003c514a5d3748f29611c4c0; pinned content/first-order-logic/syntax-and-semantics/unique-readability.tex lines 56--58; OLP-0153","confidence 1.00; displayed l(A)=r(A) proof independently replayed; Arabic dual-count wording used","2026-08-14","Codex source replay","صرحت العربية بتساوي عدد الأقواس اليسرى وعدد الأقواس اليمنى"
"the unique-readability proof lists predicate, function, and constant as atomic-formula initial symbols but omits variable","add `!!a{variable}` because an infix identity atom may begin with a variable","source_atomic_equality_variable_initial_symbol_transparently_corrected_olp0153","الإبقاء على تقسيم حالات لا يغطي مساواة تبدأ بمتغير؛ حذف حالة الهوية؛ تغيير ترميز المساواة","الحد الأيسر في صيغة الهوية قد يكون متغيرًا، والصيغة الذرية عندئذ تبدأ برمز متغير","commit 9620cc73f9c8e0ad003c514a5d3748f29611c4c0; pinned content/first-order-logic/syntax-and-semantics/unique-readability.tex lines 183--186; OLP-0153","confidence 1.00; atomic equality grammar and infix notation independently replayed; one token class added","2026-08-14","Codex source replay","أضافت العربية المتغير إلى قائمة رموز البدء الذرية"
"three table examples close `)` after math mode: `$(!A \\land !B$)`, `$(!A \\lor !B$)`, `$(!A \\lif !B$)`","move each closing parenthesis inside math mode","source_main_operator_table_math_parentheses_transparently_corrected_olp0154","إبقاء قوس الصيغة في النمط النصي؛ حذف الأقواس؛ تغيير المؤثرات","القوس جزء من الصيغة الرسمية كما يؤكد صف liff الصحيح وتعريف صيغ الروابط","commit 9620cc73f9c8e0ad003c514a5d3748f29611c4c0; pinned content/first-order-logic/syntax-and-semantics/main-operator.tex lines 90--93; OLP-0154","confidence 1.00; table pattern and formation syntax independently replayed; delimiters moved only","2026-08-14","Codex source replay","وضعت العربية الأقواس الغالقة للصفوف الثلاثة داخل النمط الرياضي"
"a k-ary function uses indices `m_0,...,m_k` and therefore receives k+1 arguments","use `m_1,...,m_k` and `f(t_{m_1},...,t_{m_k})`","source_term_formation_arity_indices_transparently_corrected_olp0156","الإبقاء على k+1 حجة لدالة k-محلية؛ حذف حجة؛ تغيير رتبة الدالة","مجال الفهارس من 1 إلى k يعطي k حدود بالضبط ويتطابق مع تعريف الحد ذي k مواضع","commit 9620cc73f9c8e0ad003c514a5d3748f29611c4c0; pinned content/first-order-logic/syntax-and-semantics/formation-sequences.tex lines 42--46; OLP-0156","confidence 1.00; arity count and term grammar independently replayed; lower index shifted only","2026-08-14","Codex source replay","استعملت العربية m_1 إلى m_k في الشرط وتطبيق الدالة"
"`is a formation sequence of` the displayed formula","`is a formation sequence for` the displayed formula","source_formation_sequence_preposition_transparently_corrected_olp0156","محاكاة حرف الجر الإنجليزي غير الاصطلاحي؛ حذف المثال؛ قلب جهة العلاقة","التعريف السابق يستعمل formation sequence for، والمثال يقرر العلاقة نفسها","commit 9620cc73f9c8e0ad003c514a5d3748f29611c4c0; pinned content/first-order-logic/syntax-and-semantics/formation-sequences.tex lines 92--93; OLP-0156","confidence 1.00; local definition wording independently replayed","2026-08-14","Codex source replay","استعملت العربية «متوالية تكوين لـ»"
"`either !A \\ident !A_n is atomic`","say `either !A_n is atomic`","source_fseq_atomic_subject_transparently_corrected_olp0156","اعتبار معادلة الهوية نفسها ذرية؛ حذف الحالة الذرية؛ تغيير آخر عنصر","الذرية خاصية للسلسلة الأخيرة A_n التي تساوي A وليست خاصية لعبارة الهوية المعدنية","commit 9620cc73f9c8e0ad003c514a5d3748f29611c4c0; pinned content/first-order-logic/syntax-and-semantics/formation-sequences.tex lines 182--190; OLP-0156","confidence 1.00; formation-sequence definition independently replayed; subject narrowed to A_n","2026-08-14","Codex source replay","نسبت العربية الذرية إلى A_n"
"the converse proof quantifies `j,k<n` but its quantified cases use a variable x","quantify `!!a{variable} x` alongside `j,k<n`","source_fseq_quantified_variable_transparently_completed_olp0156","ترك x حرة في حالتي المكممين؛ حذف حالتي المكممين؛ تثبيت متغير اعتباطي خفية","تعريف متوالية التكوين نفسه يكمم المتغير x، ولا تكون صيغتا الكمي معرفتين في هذا التقسيم من دونه","commit 9620cc73f9c8e0ad003c514a5d3748f29611c4c0; pinned content/first-order-logic/syntax-and-semantics/formation-sequences.tex lines 187--196; OLP-0156","confidence 1.00; preceding definition and case list independently replayed; variable quantifier restored","2026-08-14","Codex source replay","أضافت العربية المتغير x إلى المكمم الوجودي للحالات"
"two conclusions use undefined `\\Frm[L_0]` in a proof about `\\Lang L`","use `\\Frm[L]` in both places","source_fseq_language_subscript_transparently_corrected_olp0156","إدخال لغة L_0 غير معرّفة؛ تغيير لغة المبرهنة؛ حذف الاستنتاج","المبرهنة والتعريف والمتوالية كلها مثبتة للغة L ولا يُدخل السياق L_0","commit 9620cc73f9c8e0ad003c514a5d3748f29611c4c0; pinned content/first-order-logic/syntax-and-semantics/formation-sequences.tex lines 199 and 206; OLP-0156","confidence 1.00; theorem statement and proof context independently replayed; subscript removed twice","2026-08-14","Codex source replay","استعملت العربية Frm[L] في الموضعين"
"the syntactic case assumption uses `!A \\equiv (!A_j \\land !A_k)`","use syntactic identity `!A \\ident (!A_j \\land !A_k)`","source_fseq_syntactic_relation_transparently_corrected_olp0156","استعمال تكافؤ دلالي في تحليل سلسلة؛ تغيير الرابط؛ حذف الحالة","البرهان يحلل الصورة التركيبية للسلسلة ويستعمل ident في جميع حالات التعريف السابقة","commit 9620cc73f9c8e0ad003c514a5d3748f29611c4c0; pinned content/first-order-logic/syntax-and-semantics/formation-sequences.tex line 200; OLP-0156","confidence 1.00; syntactic-identity definition and case list independently replayed; relation macro corrected","2026-08-14","Codex source replay","استبدلت العربية equiv بـident دون تغيير الصيغة"
"the induction is on last index n but claims prefixes ending at j,k<n have length less than n","state the hypothesis and application in terms of last indices m,j,k<n","source_fseq_induction_off_by_one_transparently_corrected_olp0156","الإبقاء على دعوى طول خاطئة عند j=n-1؛ حذف الاستقراء؛ تغيير المتوالية","المتوالية المنتهية عند n طولها n+1؛ أما الاستقراء المعلن على n فينطبق مباشرة على الفهارس الأخيرة الأصغر j وk","commit 9620cc73f9c8e0ad003c514a5d3748f29611c4c0; pinned content/first-order-logic/syntax-and-semantics/formation-sequences.tex lines 183--185 and 204--205; OLP-0156","confidence 1.00; index convention and prefix lemma independently replayed; prose changed from length to last index","2026-08-14","Codex source replay","صاغت العربية فرضية الاستقراء والتطبيق بالفهرس الأخير بدل الطول"
"`construction of the formation or term`","`construction of the formula or term`","source_formation_formula_word_transparently_corrected_olp0156","اعتبار متوالية التكوين شيئًا يقابله term بدل formula؛ حذف وصف الحشو؛ تغيير الثنائية","السياق يميز حشو متواليات تكوين الصيغ وحشو متواليات تكوين الحدود","commit 9620cc73f9c8e0ad003c514a5d3748f29611c4c0; pinned content/first-order-logic/syntax-and-semantics/formation-sequences.tex lines 231--234; OLP-0156","confidence 1.00; immediately preceding formula/term propositions independently replayed","2026-08-14","Codex source replay","قالت العربية بناء الصيغة أو الحد"
"`sub-!!{formula}`","`!!{subformula}`","source_subformula_token_transparently_corrected_olp0156","إبقاء تركيب هجين خارج المصطلح المعرّف؛ حذف مفهوم الصيغة الجزئية؛ تغيير العلاقة","المصطلح المعرّف في القسم السابق هو token subformula ويستعمل في البند نفسه دلاليًا","commit 9620cc73f9c8e0ad003c514a5d3748f29611c4c0; pinned content/first-order-logic/syntax-and-semantics/formation-sequences.tex line 257; OLP-0156","confidence 1.00; referenced subformula definition independently replayed; token head corrected","2026-08-14","Codex source replay","استعملت العربية ماكرو subformula المعرّف"
"the scope clause says free x-occurrences are bound in both quantified formulas while referring to one quantifier occurrence","say the free x-occurrences in the scope are bound by the mentioned corresponding quantifier occurrence","source_bound_occurrence_quantifier_scope_transparently_corrected_olp0157","نسبة الورود الواحد إلى صيغتي كمي معًا؛ حذف مفهوم الربط؛ دمج ورودات المكممين","التعريف يتناول ورود مكمم بعينه، وهو وحده الذي يقيد الورودات الحرة المقابلة في مجاله","commit 9620cc73f9c8e0ad003c514a5d3748f29611c4c0; pinned content/first-order-logic/syntax-and-semantics/free-vars-sentences.tex lines 58--64; OLP-0157","confidence 1.00; occurrence-sensitive scope definition independently replayed; ambiguous formula list replaced by direct binder attribution","2026-08-14","Codex source replay","نسبت العربية التقييد مباشرة إلى ورود المكمم المذكور"
"functions are assigned functions `from the domain to itself` regardless of arity","assign each function a map from the corresponding finite power of the domain into the domain","source_semantic_function_arity_domain_transparently_corrected_olp0160","اعتبار جميع الدوال أحادية المحل؛ حذف تأويل الدوال؛ جعل مداها خارج المجال","الدالة ذات n مواضع تأويلها من القوة n للمجال إلى المجال كما يصرح تعريف البنية التالي","commit 9620cc73f9c8e0ad003c514a5d3748f29611c4c0; pinned content/first-order-logic/syntax-and-semantics/intro-semantics.tex lines 17--20; cross-check structures.tex function clause; OLP-0160","confidence 1.00; formal structure definition independently replayed; finite-power wording used","2026-08-14","Codex source replay","قالت العربية دوالًا من القوى المنتهية المناسبة للمجال إلى المجال"
"`and ~$!B$`","`and~$!B$`","source_stray_space_before_nonbreaking_tie_transparently_corrected_olp0160","إبقاء مسافة قبل رابطة TeX غير القابلة للكسر؛ حذف B؛ تغيير مثال العطف","المسافة قبل ~ زائدة تنضيديًا ولا تخص الصيغة","commit 9620cc73f9c8e0ad003c514a5d3748f29611c4c0; pinned content/first-order-logic/syntax-and-semantics/intro-semantics.tex lines 29--30; OLP-0160","confidence 1.00; local TeX spacing independently replayed","2026-08-14","Codex source replay","استعملت العربية الصيغة المتصلة و~$!B$"
"the standard arithmetic model interprets the non-logical `constants` of the language","say it interprets all non-logical `symbols`","source_standard_model_nonlogical_symbols_transparently_corrected_olp0161","قصر التأويل على الثابت 0 وإهمال الدوال والعلاقة؛ حذف وصف النموذج القياسي؛ تغيير اللغة","المثال نفسه يعيّن 0 والخلف والجمع والضرب والأصغر، وهي رموز غير منطقية من رتب مختلفة","commit 9620cc73f9c8e0ad003c514a5d3748f29611c4c0; pinned content/first-order-logic/syntax-and-semantics/structures.tex lines 63--65; OLP-0161","confidence 1.00; immediately preceding assignment list independently replayed; noun generalized only","2026-08-14","Codex source replay","قالت العربية الرموز غير المنطقية"
"a set-theory structure requires `just a set and a single-two place relation`","require `a non-empty set and a single two-place relation`","source_set_structure_nonempty_and_hyphen_transparently_corrected_olp0161","السماح بمجال خالٍ خلاف التعريف؛ إبقاء single-two؛ حذف العلاقة","تعريف البنية يوجب مجالًا غير خالٍ، واللغة تحتوي علاقة ثنائية واحدة","commit 9620cc73f9c8e0ad003c514a5d3748f29611c4c0; pinned content/first-order-logic/syntax-and-semantics/structures.tex lines 76--80; OLP-0161","confidence 1.00; structure definition and L_Z signature independently replayed; non-empty restored and compound adjective repaired","2026-08-14","Codex source replay","اشترطت العربية مجموعة غير خالية وعلاقة واحدة ثنائية المحل"
"the numeral-language example says `M is the one` with the listed domain and assignments","introduce M as the particular structure stipulated by the example without implying uniqueness","source_covered_example_structure_uniqueness_transparently_corrected_olp0162","الادعاء أن اللغة لا تقبل إلا بنية واحدة؛ حذف البنية؛ تغيير مجالها","للغة بنى كثيرة، والمثال يختار بنية بعينها بتعيين المجال والتأويلات","commit 9620cc73f9c8e0ad003c514a5d3748f29611c4c0; pinned content/first-order-logic/syntax-and-semantics/covered-structures.tex lines 37--43; OLP-0162","confidence 1.00; general structure definition independently replayed; uniqueness wording removed","2026-08-14","Codex source replay","قدمت العربية M بوصفها بنية مخصوصة ذات الإسنادات المذكورة"
"`\\Assign{+}{M}(2,3) maps to 5`","`\\Assign{+}{M}(2,3)=5` or say the pair maps to 5","source_function_application_mapping_subject_transparently_corrected_olp0162","اعتبار قيمة التطبيق نفسها وسيطًا يُرسَل؛ حذف القيمة 5؛ تغيير دالة الجمع","الدالة ترسل الزوج (2,3) إلى 5، أما Assign+(2,3) فهو القيمة 5 نفسها","commit 9620cc73f9c8e0ad003c514a5d3748f29611c4c0; pinned content/first-order-logic/syntax-and-semantics/covered-structures.tex lines 47--49; OLP-0162","confidence 1.00; function-application semantics independently replayed; equality used","2026-08-14","Codex source replay","كتبت العربية Assign+(2,3)=5"
"the value calculation has an equals sign before the line break and another at the start of aligned","retain only the equals sign before the line break","source_covered_value_display_duplicate_equals_transparently_corrected_olp0162","إظهار علامتي مساواة متتاليتين؛ حذف سلسلة الحساب؛ تغيير القيمة","طرفا multline وaligned متصلان في سلسلة مساواة واحدة، فلا يلزم إلا رمز مساواة واحد عند الوصلة","commit 9620cc73f9c8e0ad003c514a5d3748f29611c4c0; pinned content/first-order-logic/syntax-and-semantics/covered-structures.tex lines 53--56; OLP-0162","confidence 1.00; display topology independently replayed; leading aligned equals removed","2026-08-14","Codex source replay","أبقت العربية علامة المساواة قبل كسر السطر وحذفت المكررة بعده"
"subformula","صيغة جزئية","chosen","صيغة فرعية؛ تحت-صيغة","صيغ جزئية؛ يطابق الاستعمال الرياضي العربي ويجنب السابقة الحرفية الثقيلة","first-order syntax; OLP-0155--0156","internal linguistic review; independent review pending","2026-08-14","Codex","اعتمد في نص التعريف والعلاقة المتعدية وأضيف إلى ضبط token بصيغتي المفرد والجمع"
"`The basic notion ... are those of` followed by two distinct notions","`The basic notions ... are those of`","source_subject_number_for_two_semantic_notions_transparently_corrected_olp0163","الإبقاء على مفرد الفاعل مع فعل الجمع؛ حذف أحد المفهومين؛ تغيير التقابل الدلالي","يسمي السياق مفهومين متوازيين صراحة: قيمة الحد وإرضاء الصيغة، ولذلك يلزم فاعل جمع أو مثنى","commit 9620cc73f9c8e0ad003c514a5d3748f29611c4c0; pinned content/first-order-logic/syntax-and-semantics/satisfaction.tex lines 15--18; OLP-0163","confidence 1.00; enumerated concepts and subject--verb agreement independently replayed; Arabic dual used","2026-08-14","Codex source replay","صاغت العربية الفاعل مثنى وأبقت المفهومين وترتيبهما"
"`functions assigned to the functions in the term`","`functions assigned to the function symbols in the term`","source_function_interpretation_category_transparently_corrected_olp0163","إسناد الدوال إلى دوال بدل رموز الدوال؛ حذف التأويل؛ تغيير حساب القيمة","البنية تسند دوالًا إلى رموز الدوال غير المنطقية، لا إلى الدوال الدلالية نفسها","commit 9620cc73f9c8e0ad003c514a5d3748f29611c4c0; pinned content/first-order-logic/syntax-and-semantics/satisfaction.tex lines 18--23, especially lines 21--22; OLP-0163","confidence 1.00; term-value definition and structure interpretation clauses independently replayed; symbol category restored","2026-08-14","Codex source replay","قالت العربية الدوال المسندة إلى رموز الدوال"
"existential explanatory branch says only `for at least one m in Domain M`","add `$\\Sat{M}{!B(m)}$` as the condition holding for at least one m","source_existential_explanation_missing_satisfaction_condition_transparently_corrected_olp0163","الإبقاء على كمية وجودية بلا محمول؛ حذف الفرع؛ تغيير تعريف الإرضاء","العبارة المقابلة للتعريف غير مكتملة بلا شرط الإرضاء، ويؤكده فرع الكلي والبند الرسمي السابقان","commit 9620cc73f9c8e0ad003c514a5d3748f29611c4c0; pinned content/first-order-logic/syntax-and-semantics/satisfaction.tex lines 170--176, especially lines 171--173; OLP-0163","confidence 1.00; formal existential clause and universal parallel independently replayed; missing satisfaction predicate restored","2026-08-14","Codex source replay","أضافت العربية شرط Sat في الفرع الوجودي من غير تغيير الكم أو المجال"
"`\\tuple{1,3} \\notin \\Assign{R}{M}[s]`","`\\tuple{1,3} \\notin \\Assign{R}{M}`","source_relation_interpretation_spurious_variable_assignment_transparently_corrected_olp0163","إبقاء [s] على تأويل العلاقة؛ حذف عدم الانتماء؛ تغيير المثال","تأويل المحمول جزء من البنية ولا يعتمد على إسناد المتغيرات؛ الإسناد يدخل في قيم الحجج فقط","commit 9620cc73f9c8e0ad003c514a5d3748f29611c4c0; pinned content/first-order-logic/syntax-and-semantics/satisfaction.tex lines 208--213; OLP-0163","confidence 1.00; atomic satisfaction clause and immediately preceding positive example independently replayed; [s] removed","2026-08-14","Codex source replay","حذفت العربية لاحقة الإسناد من Assign وحدها"
"two quantified satisfaction formulas omit the closing `)]` before the quantifier bracket","close the negated disjunction and then the quantifier argument in both formulas","source_quantified_satisfaction_delimiters_transparently_corrected_olp0163","الإبقاء على أقواس غير متوازنة؛ تغيير الصيغ؛ حذف خطوتي الاستدلال","كل صيغة تفتح نفيًا وقوس تجميع داخل مجال المكمم ولا تغلقهما قبل قوس المجال","commit 9620cc73f9c8e0ad003c514a5d3748f29611c4c0; pinned content/first-order-logic/syntax-and-semantics/satisfaction.tex lines 287--290; OLP-0163","confidence 1.00; delimiter balance and immediately preceding negated instance independently replayed; two minimal closures added","2026-08-14","Codex source replay","أغلقت العربية القوس وقوس مجال المكمم في الموضعين فقط"
"`\\lexists[x][(R(b,x) \\land R(x,b))],}`","`\\lexists[x][(R(b,x) \\land R(x,b))]}`","source_existential_formula_stray_comma_transparently_corrected_olp0163","إبقاء الفاصلة داخل حجة صيغة الوجود؛ حذف المثال؛ تغيير الرابط","الفاصلة ترقيم نثري وليست جزءًا من صيغة اللغة، وموضعها الحالي داخل حجة Sat يفسد الحامل الرسمي","commit 9620cc73f9c8e0ad003c514a5d3748f29611c4c0; pinned content/first-order-logic/syntax-and-semantics/satisfaction.tex lines 291--293; OLP-0163","confidence 1.00; displayed formula boundary and parallel examples independently replayed; comma removed from formal argument","2026-08-14","Codex source replay","حذفت العربية الفاصلة الدخيلة وأبقت نقطة الجملة خارج الصيغة"
"`the interesting cases ... are only $m=1$ and $=2$`","`... $m=1$ and $m=2$`","source_missing_metavariable_before_second_value_transparently_corrected_olp0163","الإبقاء على مساواة بلا طرف أيسر؛ حذف الحالة الثانية؛ تغيير قيم المثال","الحالتان قيمتان للمتغير نفسه m، وتستعمل الفقرة التالية الإسناد الناتج عن m=2","commit 9620cc73f9c8e0ad003c514a5d3748f29611c4c0; pinned content/first-order-logic/syntax-and-semantics/satisfaction.tex lines 324--333, especially lines 330--331; OLP-0163","confidence 1.00; case split and following substitution independently replayed; one m restored","2026-08-14","Codex source replay","أضافت العربية m إلى المساواة الثانية وحدها"
"`for all $n \\in \\Domain M$` followed by cases parameterized by m","`for all $m \\in \\Domain M$`","source_quantifier_case_variable_mismatch_transparently_corrected_olp0163","الإبقاء على n مع أن الشرطين التاليين في m؛ تغيير الحالات؛ حذف التعميم","المكمم الخارجي الجاري تحليله هو x وقيمه ممثلة بـm، أما n فيخص الشاهد الداخلي لـy في الفقرة السابقة","commit 9620cc73f9c8e0ad003c514a5d3748f29611c4c0; pinned content/first-order-logic/syntax-and-semantics/satisfaction.tex lines 338--351, especially lines 347--349; OLP-0163","confidence 1.00; nested witness roles and case labels independently replayed; binder changed n to m","2026-08-14","Codex source replay","استعملت العربية m في التعميم الخارجي وحفظت n للشاهد الداخلي"
"tuple conclusion begins `\\Value{t_i}{M}[s_2], \\ldots, \\Value{t_k}{M}[s_2]`","begin it with `\\Value{t_1}{M}[s_2]`","source_atomic_tuple_first_index_transparently_corrected_olp0164","الإبقاء على i الحرة في أول موضع من الثنائية؛ حذف الحجج؛ تغيير رتبة المحمول","الحجة السابقة تثبت المساواة لكل i، لكن الثنائية الناتجة يجب أن تسرد الحدود من t_1 إلى t_k","commit 9620cc73f9c8e0ad003c514a5d3748f29611c4c0; pinned content/first-order-logic/syntax-and-semantics/assignments.tex lines 83--92, especially line 91; OLP-0164","confidence 1.00; source tuple and quantified component equalities independently replayed; lower index fixed to 1","2026-08-14","Codex source replay","بدأت العربية الثنائية بقيمة t_1 وأبقت النهاية t_k"
"`s_1'=\\Subst{s}{m}{x}` and `s_2'=\\Subst{s}{m}{x}` in the universal case","use s_1 and s_2 respectively as the base assignments","source_universal_case_variant_bases_transparently_corrected_olp0164","إنشاء المغايرين من s غير المعرّفة؛ دمجهما في إسناد واحد؛ تغيير فرضية الاستقراء","يلزم أن يكون المغاير الأول لـs_1 والثاني لـs_2 كي يطبق فرض الاستقراء ويثبت اتجاه القضية","commit 9620cc73f9c8e0ad003c514a5d3748f29611c4c0; pinned content/first-order-logic/syntax-and-semantics/assignments.tex lines 177--190, especially lines 181--182; OLP-0164","confidence 1.00; existential parallel case and subsequent variant claims independently replayed; both bases restored","2026-08-14","Codex source replay","استعملت العربية Subst{s_1} وSubst{s_2} على التوالي"
"`sub-!!{formula}s`","`!!{subformula}s`","source_subformula_token_transparently_corrected_olp0164","إبقاء تركيب هجين خارج المصطلح المعرّف؛ حذف مفهوم الصيغة الجزئية؛ تغيير علاقة الجزء","المصطلح المعرّف في الفصل هو token subformula وقد اعتمدته الوحدات السابقة وطبقة التوطين","commit 9620cc73f9c8e0ad003c514a5d3748f29611c4c0; pinned content/first-order-logic/syntax-and-semantics/assignments.tex lines 107--116, especially line 113; OLP-0164","confidence 1.00; definition and established token carrier independently replayed; canonical token used","2026-08-14","Codex source replay","استعملت العربية ماكرو subformula المعرّف"
"`If $\\Gamma$ is a set of sentences~$\\Gamma$`","`If $\\Gamma$ is a set of sentences`","source_duplicate_gamma_in_satisfaction_definition_transparently_corrected_olp0164","الإبقاء على Gamma ثانية بلا وظيفة نحوية؛ حذف اسم المجموعة كله؛ تغيير التعريف","الرمز عُرّف في صدر الشرط ثم يتكرر بعد المتمم بلا رابط أو دور رسمي","commit 9620cc73f9c8e0ad003c514a5d3748f29611c4c0; pinned content/first-order-logic/syntax-and-semantics/assignments.tex lines 239--243, especially line 241; OLP-0164","confidence 1.00; sentence grammar and following uses of Gamma independently replayed; duplicate removed","2026-08-14","Codex source replay","ذكرت العربية Gamma مرة واحدة في الشرط وأبقتها في علاقة الإرضاء"
"source header `% Section: substitution` in extensionality.tex","`% Section: extensionality`","source_section_metadata_mismatch_transparently_corrected_olp0165","الإبقاء على هوية وحدة الإحلال في ملف الامتدادية؛ حذف التعليق؛ تغيير معرف olfileid","اسم الملف والعنوان وolfileid كلها تعيّن الوحدة بوصفها extensionality لا substitution","commit 9620cc73f9c8e0ad003c514a5d3748f29611c4c0; pinned content/first-order-logic/syntax-and-semantics/extensionality.tex lines 1--11, especially line 3; OLP-0165","confidence 1.00; path, section title, and identifier independently replayed; metadata label corrected","2026-08-14","Codex source replay","صححت العربية تعليق Section وحده إلى extensionality"
"outer equality before the line break followed by another `& =` at the aligned continuation","retain the outer equality and remove the repeated continuation equality","source_extensionality_value_display_duplicate_equals_transparently_corrected_olp0165","إظهار علامتي مساواة متتاليتين؛ حذف سلسلة الحساب؛ تغيير قضية الإحلال","طرف multline ينتهي بعلامة مساواة ثم يبدأ aligned بعلامة أخرى قبل الحد نفسه","commit 9620cc73f9c8e0ad003c514a5d3748f29611c4c0; pinned content/first-order-logic/syntax-and-semantics/extensionality.tex lines 86--92, especially lines 88--90; OLP-0165","confidence 1.00; display topology and equality chain independently replayed; leading duplicate removed","2026-08-14","Codex source replay","أبقت العربية المساواة الخارجية وحذفت المكررة في أول aligned"
"two semantic-unsatisfiability exercises use raw `\\bot`","use the object-language falsehood carrier `\\lfalse` in both","source_raw_bottom_symbol_replaced_by_language_falsehood_olp0166","الإبقاء على رمز TeX العام خارج حامل اللغة؛ حذف النتيجة الكاذبة؛ تغيير التمرينين","يعرّف هذا النص ثابت الكذب ويستعمله في الصيغ بماكرو lfalse، ولا يستعمل bot في بقية محتوى الرتبة الأولى","commit 9620cc73f9c8e0ad003c514a5d3748f29611c4c0; pinned content/first-order-logic/syntax-and-semantics/semantic-notions.tex lines 82--89, especially lines 84--85; OLP-0166","confidence 1.00; corpus notation and falsehood semantics independently replayed; two carriers normalized","2026-08-14","Codex source replay","استبدلت العربية bot بـlfalse في البندين فقط"
"extensionality axiom contains `\\lforall[z](z \\in x \\liff z \\in y)`","use `\\lforall[z][(z \\in x \\liff z \\in y)]`","source_universal_quantifier_missing_scope_brackets_transparently_corrected_olp0170","الإبقاء على المجال خارج حجة المكمم؛ حذف المكمم؛ تغيير بديهية الامتدادية","ماكرو lforall ذو حجتين اختياريتين، وصيغة الامتدادية تحتاج أن يكون التكافؤ كله مجالًا للمكمم z","commit 9620cc73f9c8e0ad003c514a5d3748f29611c4c0; pinned content/first-order-logic/models-theories/theories.tex lines 73--78, especially lines 75--76; OLP-0170","confidence 1.00; macro signature and standard extensionality formula independently replayed; scope brackets restored","2026-08-14","Codex source replay","أضافت العربية قوسي حجة المجال حول التكافؤ وحده"
"terminal `v_2` lacks `\\Obj` in the second formula defining `<`","use `\\Obj v_2`","source_object_language_marker_missing_from_relation_formula_olp0171","الإبقاء على متغير أخير بلا وسم لغة الموضوع؛ حذف الطرف؛ تغيير العلاقة المعرفة","جميع ورودات v_i في الصيغ الرسمية المجاورة موسومة بـObj، والطرف الأخير متغير من لغة الحساب نفسها","commit 9620cc73f9c8e0ad003c514a5d3748f29611c4c0; pinned content/first-order-logic/models-theories/expressing-relations.tex lines 55--65, especially lines 63--64; OLP-0171","confidence 1.00; paired defining formula and object-language convention independently replayed; one marker restored","2026-08-14","Codex source replay","أضافت العربية Obj إلى v_2 الأخيرة فقط"
"separation formula closes only one of the two grouping parentheses before its quantifier brackets","add one closing parenthesis before the three closing quantifier brackets","source_separation_formula_missing_closing_parenthesis_transparently_corrected_olp0172","الإبقاء على صيغة فصل غير متوازنة؛ حذف أحد الشرطين؛ تغيير المخطط","تفتح الصيغة مجموعة للتكافؤ وأخرى للعطف، ولا يغلق المنبع إلا مجموعة العطف بعد A(x)","commit 9620cc73f9c8e0ad003c514a5d3748f29611c4c0; pinned content/first-order-logic/models-theories/set-theory.tex lines 167--171; OLP-0172","confidence 1.00; delimiter balance and standard separation schema independently replayed; one parenthesis added","2026-08-14","Codex source replay","أضافت العربية قوس إغلاق واحد قبل أقواس المكممات"
"exact-cardinality formula ends `\\eq[y][x_n]]))`","end it `\\eq[y][x_n])]`","source_exact_cardinality_closing_delimiters_transparently_corrected_olp0173","الإبقاء على ترتيب قوسين مربعين ثم دائريين؛ حذف شرط الشمول؛ تغيير عدد العناصر","مجال forall y يفتح قوس تجميع واحدًا، ولذلك يلزم إغلاق التجميع ثم حجة المكمم بعد مساواة x_n","commit 9620cc73f9c8e0ad003c514a5d3748f29611c4c0; pinned content/first-order-logic/models-theories/size-of-structures.tex lines 39--53, especially line 49; OLP-0173","confidence 1.00; delimiter balance and intended at-most-n clause independently replayed; closing order corrected","2026-08-14","Codex source replay","رتبت العربية الإغلاق على صورة قوس دائري ثم قوس حجة المكمم"
"`\\lforall[a][\\lforall x][...]`","`\\lforall[a][\\lforall[x][...]]`","source_many_sorted_nested_quantifier_bracket_transparently_corrected_olp0176","الإبقاء على مكمم ثان بلا قوس فتح لحجة المتغير؛ حذف أحد المكممين؛ تغيير أصناف المتغيرات","ماكرو lforall يتلقى المتغير في حجة مربعة، ويكمم المثال a من الصنف الفرنسي وx من الصنف الألماني","commit 9620cc73f9c8e0ad003c514a5d3748f29611c4c0; pinned content/first-order-logic/beyond/many-sorted-logic.tex lines 35--40, especially line 38; OLP-0176","confidence 1.00; macro syntax and immediately stated variable sorts independently replayed; opening bracket restored","2026-08-14","Codex source replay","كتبت العربية المكمم الداخلي lforall[x] وأبقت بقية الصيغة"
"unqualified claim that many-sorted structures and first-order structures translate vice versa","restrict the reverse direction to structures whose sort predicates partition the domain into nonempty disjoint sorts and satisfy symbol typing constraints","source_many_sorted_reverse_correspondence_conditions_completed_olp0176","ادعاء العكس لكل بنية من الرتبة الأولى؛ حذف اتجاه العكس؛ تغيير تضمين المنطق","لا تقابل البنية الاعتباطية بنية متعددة الأصناف ما لم تحقق محمولات الأصناف التغطية وعدم الخلو والتباين وتحترم الرموز قيود الأنواع","commit 9620cc73f9c8e0ad003c514a5d3748f29611c4c0; pinned content/first-order-logic/beyond/many-sorted-logic.tex lines 44--64, especially lines 61--63; OLP-0176","confidence high 0.99; standard many-sorted encoding and preceding axiom discussion independently replayed; reverse caveat made explicit","2026-08-14","Codex source replay","قيدت العربية الاتجاه العكسي بشروط التغطية وعدم الخلو والتباين والأنواع"
"`\\lforall[x_1 \\dots][\\lforall[x_k][...]]`","`\\lforall[x_1][\\dots\\lforall[x_k][...]]`","source_second_order_extensionality_quantifier_sequence_transparently_corrected_olp0177","إدخال dots داخل حجة متغير المكمم الأول؛ حذف المكممات الوسطى؛ تغيير تعريف مساواة العلاقات","يلزم تسوير جميع المتغيرات x_1 إلى x_k، ولا يجوز أن تكون dots جزءًا من اسم المتغير الأول","commit 9620cc73f9c8e0ad003c514a5d3748f29611c4c0; pinned content/first-order-logic/beyond/second-order-logic.tex lines 22--28, especially line 26; OLP-0177","confidence 1.00; arity-k extensionality and quantifier macro syntax independently replayed; nested sequence restored","2026-08-14","Codex source replay","سورت العربية x_1 ثم بقية المتغيرات حتى x_k على نحو متداخل"
"`\\Obj{R}{t_1,\\dots,t_k}` for an atomic relational formula","`\\Atom{R}{t_1,\\dots,t_k}`","source_relation_application_carrier_transparently_corrected_olp0177","استعمال حامل رمز لغة الموضوع كأنه تطبيق علاقة؛ حذف الحجج؛ تغيير قاعدة الإحلال","الحامل القياسي للصيغة الذرية ذات المحمول R هو Atom، كما في جميع الصيغ المجاورة وفي تعريف القاعدة نفسها","commit 9620cc73f9c8e0ad003c514a5d3748f29611c4c0; pinned content/first-order-logic/beyond/second-order-logic.tex lines 49--57, especially line 56; OLP-0177","confidence 1.00; adjacent atomic formulas and substitution description independently replayed; carrier changed only","2026-08-14","Codex source replay","استعملت العربية Atom للحامل العلاقي وأبقت R والحجج"
"successor injectivity axiom uses undefined `s(x)=s(y)`","use the stipulated successor notation `x'=y'`","source_second_order_arithmetic_successor_symbol_transparently_corrected_olp0177","إدخال دالة s غير موجودة في التوقيع؛ حذف بديهية الحقن؛ تغيير نتيجتها","قائمة اللغة تسمي رمز الخلف prime، وتستعمله البديهيات المجاورة بالشرطة على الحد","commit 9620cc73f9c8e0ad003c514a5d3748f29611c4c0; pinned content/first-order-logic/beyond/second-order-logic.tex lines 137--147, especially line 142; OLP-0177","confidence 1.00; declared signature and Peano successor axioms independently replayed; both s-applications replaced by primes","2026-08-14","Codex source replay","كتبت العربية x'=y' وحفظت الشرطية ونتيجة x=y"
"lambda explanation says the bound x has type sigma","say x has type tau, so the abstraction has type tau to sigma","source_lambda_binder_type_transparently_corrected_olp0178","إسناد نمط خرج الجسم إلى مدخل الدالة؛ حذف تفسير lambda؛ قلب النمطين","بند التكوين (6) يقرر أن الجسم s من sigma والمتغير x من tau والحد الناتج من tau إلى sigma","commit 9620cc73f9c8e0ad003c514a5d3748f29611c4c0; pinned content/first-order-logic/beyond/higher-order-logic.tex lines 65--68 and 82--88, especially line 87; OLP-0178","confidence 1.00; formation clause and function type independently replayed; binder type corrected to tau","2026-08-14","Codex source replay","قالت العربية إن x من النمط tau وأبقت f(x)=s"
"explicit irrational-power witness computes the rational power but does not establish that `\\log_3 4` is irrational","add the contradiction `\\log_3 4=p/q` implies `3^p=4^q=2^{2q}`","source_irrational_power_witness_irrationality_completed_olp0179","الاكتفاء بحساب a^b من غير إثبات أن b غير نسبي؛ حذف الشاهد الصريح؛ تغيير قيمته","المبرهنة تشترط لا نسبية a وb معًا؛ ولا نسبية جذر 3 معروفة، أما لا نسبية اللوغاريتم فتحتاج حجة تفرد التحليل الأولي القصيرة","commit 9620cc73f9c8e0ad003c514a5d3748f29611c4c0; pinned content/first-order-logic/beyond/intuitionistic-logic.tex lines 61--72; OLP-0179","confidence 1.00; theorem hypothesis and unique prime factorization independently replayed; missing witness proof added","2026-08-14","Codex source replay","أضافت العربية برهان تناقض موجزًا للا نسبية log_3 4"
"relational-language remark allows any `N \\subseteq \\Domain M` to determine a substructure","require N to be nonempty","source_relational_substructure_domain_nonempty_condition_completed_olp0185","السماح بمجال بنية خالٍ؛ حذف الملاحظة؛ إدخال ثابت أو دالة","تعريف البنية في هذا النص يوجب مجالًا غير خالٍ، وغياب الثوابت والدوال يزيل شرط الإغلاق لكنه لا يزيل شرط عدم الخلو","commit 9620cc73f9c8e0ad003c514a5d3748f29611c4c0; pinned content/model-theory/basics/substructures.tex lines 39--45, especially lines 41--44; OLP-0185","confidence 1.00; structure definition and purely relational restriction independently replayed; nonempty added only","2026-08-14","Codex source replay","قيدت العربية N بكونها مجموعة جزئية غير خالية"
"three model-theory basics files identify Part as first-order-logic and Chapter as model-theory","identify Part as model-theory and Chapter as basics","source_model_theory_basics_header_metadata_corrected_olp0184_0186","الإبقاء على هوية جزء وفصل لا تطابق مسار الملفات؛ حذف التعليقات؛ تغيير معرفات olfileid","المسار content/model-theory/basics ومعرفات mod/bas وبرنامج الاستيراد تعيّن الجزء والفصل بلا التباس","commit 9620cc73f9c8e0ad003c514a5d3748f29611c4c0; pinned content/model-theory/basics/reducts-and-expansions.tex, substructures.tex, overspill.tex lines 1--3; OLP-0184--0186","confidence 1.00; paths, chapter driver, and file identifiers independently replayed; comments corrected only","2026-08-14","Codex source replay","صححت العربية تعليقات Part وChapter في الملفات الثلاثة"
"many-sorted logic / sort","المنطق متعدد الأصناف / صنف","chosen","المنطق متعدد الأنواع؛ منطق متعدد الفرز","أصناف؛ يفصل sort الدلالي عن type في منطق الأنماط العليا","logic; OLP-0176--0178","internal linguistic review; independent review pending","2026-08-14","Codex","اعتمد «صنف» للفرز الدلالي و«نمط» لـtype في الوحدة التالية"
"reduct / expansion","مختزَل / توسيع","chosen","ردّ / توسعة","مختزلات وتوسيعات؛ يحفظ تقابل حذف التأويلات وإضافتها في نظرية النماذج","model theory; OLP-0184","internal linguistic review; independent review pending","2026-08-14","Codex","استعمل المصطلحان في التعريف والقضية من غير تغيير الرموز"
"isomorphism / elementarily equivalent / automorphism","تشاكل / متكافئ أوليًا / تشاكل ذاتي","chosen_model_theory_vocabulary","تماثل / متساو أوليًا / تحويل ذاتي","التشاكل يحفظ البنية ولا يساوي هوية الحوامل؛ والتكافؤ الأولي أضعف منه ويحفظ الجمل","model theory basics; OLP-0187--0188","definitions, theorem direction, and automorphism exercise replayed; independent review pending","2026-08-14","Codex","حفظت العربية الفرق الصريح بين التشاكل والتكافؤ الأولي"
"partial isomorphism / back-and-forth / quantifier rank","تشاكل جزئي / الذهاب والإياب / رتبة الكم","chosen_model_theory_vocabulary","تماثل جزئي / أمام وخلف / عمق الكم","تحفظ الرؤوس الثلاثة الدالة الجزئية وطريقتي التوسيع وأقصى تعشق للمكممات","partial isomorphisms; OLP-0189--0190","definitions and both extension directions replayed; independent review pending","2026-08-14","Codex","استعمل الذهاب للامتداد من المجال والإياب للامتداد من المدى"
"standard / non-standard / computable model","نموذج قياسي / غير قياسي / قابل للحساب","chosen_arithmetic_model_vocabulary","نموذج معياري / لا قياسي / حاسوبي","قياسي يربط التشاكل بالنموذج N، وقابل للحساب يصف عرضًا على Nat بعمليات قابلة للحساب","models of arithmetic; OLP-0191--0197","definitions and Tennenbaum statement replayed; independent review pending","2026-08-14","Codex","لم تسو العربية بين غير القياسي ومجرد وجود عنصر غير قياسي بلا فرض إضافي"
"isomorphism term induction uses `f^M` on the `M'` side and lacks the final parenthesis of the outer h","use `f^{M'}` on the `M'` side and close `h(f^M(...))`","source_isomorphism_induction_interpretation_and_delimiter_corrected_olp0187","الإبقاء على تفسير الدالة في البنية الخطأ؛ حذف تطبيق h؛ تغيير فرض الاستقراء","طرف قيمة الحد في M' يجب أن يستعمل تفسير f في M'، وسلسلة الحساب تطبق h على قيمة الحد كاملة","commit 9620cc73f9c8e0ad003c514a5d3748f29611c4c0; pinned content/model-theory/basics/isomorphism.tex lines 88--97; OLP-0187","confidence 1.00; typed structure indices and delimiter balance independently replayed; two minimal repairs applied","2026-08-14","Codex source replay","استبدلت العربية M بـM' في الطرف المحدد وأضافت قوس إغلاق واحدًا"
"back-and-forth enumeration uses `n+1=2r` and then requests `b_r`, skipping `b_0`","in the even case use `n=2r+1` and request `b_r`","source_back_and_forth_enumeration_b0_restored_olp0189","الإبقاء على بدء الإياب بـb_1؛ تغيير فهرسة الذهاب؛ حذف أول عنصر من المدى","عند أول مرحلة زوجية n+1=2 يلزم r=0 كي يدخل b_0 في المدى النهائي","commit 9620cc73f9c8e0ad003c514a5d3748f29611c4c0; pinned content/model-theory/basics/partial-iso.tex lines 61--72, especially line 68; OLP-0189","confidence 1.00; parity substitution and coverage of both enumerations independently replayed","2026-08-14","Codex source replay","كتبت العربية n=2r+1 في حالة الإياب وأبقت b_r"
"bounded-rank proof treats all formulas as a finite set without fixing their free variables","for each fixed finite free-variable list use finitely many logical-equivalence representatives and conjoin the representatives satisfied by the tuple","source_bounded_rank_finite_representatives_and_free_variables_completed_olp0189","ادعاء أن جميع الصيغ منتهية نحويًا؛ حذف شرط المتغيرات الحرة؛ اختيار اقتران لا نهائي","المحدودية لا تصح إلا حتى التكافؤ ومع قائمة حرة ثابتة؛ وعندئذ يكفي ممثل واحد من كل فئة لصنع الصيغة المميزة المنتهية","commit 9620cc73f9c8e0ad003c514a5d3748f29611c4c0; pinned content/model-theory/basics/partial-iso.tex lines 132--210, especially 182--207; OLP-0189","confidence high 0.99; finite-language induction and characteristic-formula argument independently replayed","2026-08-14","Codex source replay","قيدت العربية القضية والنظرية بقوائم المتغيرات الحرة واستعملت ممثلي فئات التكافؤ"
"DLO forth proof assumes a nonempty partial map and always adjoins a fresh pair","handle the empty map separately and take q=p when a is already in the domain; use order intervals only otherwise","source_dlo_forth_empty_and_existing_domain_cases_completed_olp0190","فهرسة مجال خالٍ بـa_1 وa_n؛ إعادة تعيين مدخل موجود؛ حذف حالتي الحد","الدالة الخالية لا تملك طرفين مرتبين، وإضافة زوج جديد لمدخل معرف قد تفشل شرط الدالة","commit 9620cc73f9c8e0ad003c514a5d3748f29611c4c0; pinned content/model-theory/basics/dlo.tex lines 42--61; OLP-0190","confidence 1.00; total case split and partial-function extension independently replayed","2026-08-14","Codex source replay","أضافت العربية حالتي الخلو ووجود a في المجال قبل الحالات الترتيبية الثلاث"
"unary-string model applies numeric `n+m` and `nm` to string arguments and omits both `<` interpretations","use concatenation for addition, length-product unary strings for multiplication, and give the natural and length order relations explicitly","source_unary_string_arithmetic_operations_and_orders_typed_olp0192","الإبقاء على جمع وضرب غير معرفين على السلاسل؛ حذف المحمول <؛ تغيير المجال إلى Nat","التشاكل n↦a^n ينقل الجمع إلى الوصل والضرب إلى سلسلة طولها حاصل ضرب الطولين والترتيب إلى مقارنة الطول","commit 9620cc73f9c8e0ad003c514a5d3748f29611c4c0; pinned content/model-theory/models-of-arithmetic/introduction.tex lines 12--34; OLP-0192","confidence 1.00; transport along the stated isomorphism independently replayed; four interpretations completed","2026-08-14","Codex source replay","كتبت العربية جمع السلاسل بالوصل وضربها بطول حاصل الضرب وأضافت تفسيري <"
"existential proof predicate is printed as `OPrf[PA](gn(false))` after binding x","use `OPrf[PA](x,gn(false))`","source_proof_predicate_existential_witness_argument_restored_olp0192","إسقاط الشاهد المكمم؛ حذف كود النتيجة؛ تغيير رتبة المحمول","محمول البرهان ثنائي ويظهر قبل أسطر بالحجتين x وكود الكذب؛ ولا يكون للمكمم x وقوع من دون إعادته","commit 9620cc73f9c8e0ad003c514a5d3748f29611c4c0; pinned content/model-theory/models-of-arithmetic/introduction.tex lines 55--70, especially line 67; OLP-0192","confidence 1.00; arity and preceding consistency formula independently replayed","2026-08-14","Codex source replay","أعادت العربية x حجة أولى لـOPrf"
"successor surjectivity explanation says a missed nonzero element is not in the domain of s","say it is not in the range of s","source_successor_surjectivity_range_corrected_olp0193","الإبقاء على المجال مع أن s معرفة على M كله؛ حذف شاهد عدم الشمول؛ تغيير اتجاه الدالة","فشل الشمول يعني وجود عنصر في المقابل لا تصيبه قيمة، أي خارج المدى لا خارج المجال","commit 9620cc73f9c8e0ad003c514a5d3748f29611c4c0; pinned content/model-theory/models-of-arithmetic/standard-models.tex lines 159--170, especially line 167; OLP-0193","confidence 1.00; definition of surjectivity and declared domain independently replayed","2026-08-14","Codex source replay","استعملت العربية مدى s في موضع الشاهد"
"claim that every non-standard arithmetic structure contains a non-standard element","retain only the valid converse: containing a non-standard element implies the structure is non-standard","source_nonstandard_element_converse_not_biconditional_corrected_olp0194","استنتاج عكس قضية المجال القياسي؛ حذف تعريف غير القياسي؛ مساواة عدم التشاكل بوجود عنصر زائد بلا فرض Q","قد تستنفد الأعداد المسماة المجال وتفشل البنية التشاكل بسبب عملياتها؛ أما وجود عنصر غير مسمى فيمنع شمول أي تشاكل قياسي","commit 9620cc73f9c8e0ad003c514a5d3748f29611c4c0; pinned content/model-theory/models-of-arithmetic/non-standard-models.tex lines 25--46; OLP-0194","confidence 1.00; preceding converse exercise and one-way proposition independently replayed","2026-08-14","Codex source replay","صرحت العربية بأن العكس لا يصح عمومًا وأبقت القضية الصحيحة ذات الاتجاه الواحد"
"compactness proof claims an enumerable model and leaves k undefined when Gamma_0 contains no c-inequality","after compactness invoke downward Löwenheim--Skolem for the countable expanded language; choose a harmless default k when no inequality occurs","source_nonstandard_model_enumerability_and_empty_finite_case_completed_olp0194","نسبة القابلية للعد إلى التراص وحده؛ افتراض وجود أكبر فهرس في مجموعة قد تخلو منه؛ تغيير نظرية النموذج","التراص يعطي نموذجًا ما، ثم يعطي لوفنهايم--سكولم نموذجًا قابلًا للعد؛ والحالة الخالية لا تفرض قيمة خاصة للثابت","commit 9620cc73f9c8e0ad003c514a5d3748f29611c4c0; pinned content/model-theory/models-of-arithmetic/non-standard-models.tex lines 76--116, especially 105--116; OLP-0194","confidence 1.00; theorem strength and finite-subset case split independently replayed","2026-08-14","Codex source replay","أضافت العربية استدعاء لوفنهايم--سكولم واختارت k=0 عند غياب القيود"
"Q-model verifications refer to nonexistent `y=b` in K and undefined y in `(b nsplus y)^succ` for L","use `y=a` in K and `(b nsplus a)^succ` in L","source_q_model_case_variables_corrected_olp0195","إدخال b خارج مجال K؛ إبقاء متغير حر في مساواة حالة a؛ حذف حالتي التحقق","مجال K يضيف a وحدها، وصف جدول L المحدد في السطر نفسه يحسب b+a","commit 9620cc73f9c8e0ad003c514a5d3748f29611c4c0; pinned content/model-theory/models-of-arithmetic/models-of-q.tex lines 100--108 and 160--168; OLP-0195","confidence 1.00; declared domains and operation tables independently replayed","2026-08-14","Codex source replay","استبدلت العربية الاسمين في الموضعين فقط"
"PA discreteness proposition gives every x a predecessor and its strict-order axiom has one extra closing parenthesis","restrict predecessor existence to x distinct from zero and remove the surplus parenthesis","source_pa_predecessor_zero_exception_and_axiom_delimiter_corrected_olp0196","إعطاء الصفر سابقًا؛ حذف وحدانية السابق؛ إبقاء صيغة ترتيب غير متوازنة","بديهيات الحساب تستثني الصفر من مدى الخلف، بينما لكل عنصر غير صفري سابق وحيد؛ وصيغة التثليث تحتاج إغلاقًا متوازنًا","commit 9620cc73f9c8e0ad003c514a5d3748f29611c4c0; pinned content/model-theory/models-of-arithmetic/models-of-pa.tex lines 49--70; OLP-0196","confidence 1.00; Q2/Q3 and parenthesis balance independently replayed","2026-08-14","Codex source replay","قيدت العربية السابق بغير الصفر وصححت قوسًا واحدًا"
"block-density proof switches from the established `nsplus` operation to undefined `oplus`","use `nsplus` in both displayed alternatives","source_pa_block_density_operation_symbol_corrected_olp0196","إدخال عملية جديدة بلا تعريف؛ حذف معادلة المتوسط؛ تغيير الجمع النموذجي","القسم يثبت كل دعاواه بعملية الجمع المفسرة nsplus ولم يعرّف oplus","commit 9620cc73f9c8e0ad003c514a5d3748f29611c4c0; pinned content/model-theory/models-of-arithmetic/models-of-pa.tex lines 220--228; OLP-0196","confidence 1.00; local notation declaration and preceding divisibility formula independently replayed","2026-08-14","Codex source replay","استعملت العربية nsplus في الورود الأربعة"
"purported bijection has g(0)=a and g(n)=n+1, and a copied relation comprehension binds n instead of x","use g(n)=n-1 for n>0 and bind x in the relation comprehension","source_computable_q_presentation_bijection_and_binder_corrected_olp0197","الإبقاء على تطبيق يفوّت 0 و1؛ تغيير بقية النقل الحسابي؛ ترك x حرًا في جامع العلاقة","التطبيق المصحح يغطي a وكل عدد طبيعي ويطابق الصيغ المنقولة اللاحقة التي تجعل 1 صفرًا قياسيًا؛ والجامع يجب أن يقيد متغير الزوج","commit 9620cc73f9c8e0ad003c514a5d3748f29611c4c0; pinned content/model-theory/models-of-arithmetic/computable-models.tex lines 62--75, especially 66 and 70; OLP-0197","confidence 1.00; surjectivity and transported operation tables independently replayed","2026-08-14","Codex source replay","كتبت العربية n-1 وقيدت x في جامع العلاقة"
"Tennenbaum statement says N is literally the only computable PA model","say every computable PA model is standard, equivalently N is unique up to isomorphism","source_tennenbaum_standard_up_to_isomorphism_corrected_olp0197","نفي العروض القياسية المحسوبة المعاد ترميزها؛ حذف نتيجة تننباوم؛ تغيير معنى قابل للحساب","مبرهنة تننباوم تستبعد النماذج غير القياسية القابلة للحساب ولا تستبعد نسخ N المتشاكلة ذات عروض مختلفة","commit 9620cc73f9c8e0ad003c514a5d3748f29611c4c0; pinned content/model-theory/models-of-arithmetic/computable-models.tex lines 112--122; OLP-0197","confidence 1.00; transported computable presentation in the same section independently replayed","2026-08-14","Codex source replay","صاغت العربية النتيجة بالقياسية ثم فرادتها حتى التشاكل"
"model-theory unit headers identify obsolete or neighboring Part, Chapter, or Section values","align basics OLP-0187--0190 with model-theory/basics, DLO with dlo, OLP-0195 with models-of-q, and OLP-0196 Part with model-theory","source_model_theory_header_metadata_corrected_olp0187_0190_0195_0196","الإبقاء على first-order-logic أو model-theory كفصل أو non-standard-models كوحدة Q؛ حذف التعليقات؛ تغيير معرفات الملفات","المسارات وبرامج الاستيراد ومعرفات olfileid تعين الهوية الصحيحة لكل وحدة بلا التباس","commit 9620cc73f9c8e0ad003c514a5d3748f29611c4c0; pinned headers of OLP-0187--0190, OLP-0195, OLP-0196","confidence 1.00; paths, chapter drivers, and identifiers independently replayed; comments only corrected","2026-08-14","Codex source replay","صححت العربية تعليقات الهوية وحدها ولم تغير معرفات TeX"
"interpolant / separates / inseparable / explicitly and implicitly defines","مستوفية / تفصل / غير قابلتين للفصل / يعرّف صراحة وضمنيًا","chosen_interpolation_vocabulary","واسطة / يعزل / غير منفصلتين / تعريف مباشر وغير مباشر","المستوفية تتوسط الاستلزام وتحصر رموزها المشتركة، والفصل يخص فئتي النماذج، والصريح والضمني تمييز بث","interpolation and Beth definability; OLP-0199--0202","definitions and both theorem statements replayed; independent review pending","2026-08-14","Codex","حفظت العربية اتجاهي الاستلزام وقيد الرموز المشتركة"
"abstract logic / normal / relativization / expressive","منطق مجرد / سوي / نسبنة / ذو قدرة تعبيرية","chosen_abstract_logic_vocabulary","منطق تجريدي / عادي / تقييد / معبّر","تفصل النسبنة تقييد المجال بصيغة داخل منطق مجرد، والسواء اسم لحزمة الخواص لا للاتساق","Lindstrom chapter; OLP-0204--0207","definitions and Lindstrom hypotheses replayed; independent review pending","2026-08-14","Codex","لم تخلط العربية بين normal logic والنموذج القياسي"
"computability / recursive function / primitive recursion / characteristic function","قابلية الحساب / دالة عودية / العودية البدائية / الدالة المميزة","chosen_computability_vocabulary","الحسابية / دالة تكرارية / الاستدعاء الأولي / الدالة الخصائصية","عودي متسق مع الرؤوس الرياضية السابقة، وقابلية الحساب تفصل النظرية عن مجرد الحساب العددي","computability introduction; OLP-0208--0210","source-bound terminology replayed; independent review pending","2026-08-14","Codex","حفظت العربية الفرق بين الجزئية والعامة والكلية"
"separation proof concludes `forall x C entails not delta` and one existential uses braces instead of its scope brackets","replace undefined delta by H and write `lexists[x][S]`","source_separation_H_and_existential_scope_corrected_olp0200","الإبقاء على رمز غير معرف؛ تغيير اقتران Delta؛ ترك ماكرو الوجود بلا حجة مجال صحيحة","المقابلة تبدأ من H entails not C(c)، فنتيجتها تخص not H؛ وماكرو الوجود يستعمل قوسي المجال المربعين في جميع الورود المجاورة","commit 9620cc73f9c8e0ad003c514a5d3748f29611c4c0; pinned content/model-theory/interpolation/separation.tex lines 67--78 and 91--99; OLP-0200","confidence 1.00; contraposition chain and macro signature independently replayed","2026-08-14","Codex source replay","استعملت العربية H وصححت lexists[x][S] مرة واحدة"
"maximal inseparability construction enumerates L1/L2 rather than the expanded languages and omits explicit recursive else values","enumerate L1-prime/L2-prime and define each next set as the old set in the separable branch","source_interpolation_expanded_enumeration_and_recursive_branches_completed_olp0201","فقد جمل الثوابت الجديدة؛ ترك Gamma أو Delta التالية بلا تعريف؛ تغيير شرط الفصل","الأعظمية المطلوبة في اللغتين الموسعتين تستلزم تعداد جملهما، والتعريف العودي يجب أن يكون كليًا في فرعي القرار","commit 9620cc73f9c8e0ad003c514a5d3748f29611c4c0; pinned content/model-theory/interpolation/interpolation-proof.tex lines 37--67; OLP-0201","confidence 1.00; later maximality claim and three-case induction independently replayed","2026-08-14","Codex source replay","عددت العربية الجمل الموسعة وصرحت بفرعي Gamma وDelta الآخرين"
"L1-only predicate is transported from undefined P in M2, and the final proof places structures left of Entails","transport h of P interpreted in M1; compare M only with M1/M2 on the original languages and use satisfaction for A and not B","source_interpolation_predicate_transport_and_structure_satisfaction_corrected_olp0201","أخذ صورة علاقة غير مفسرة؛ استعمال علاقة استلزام مع بنية؛ الادعاء بإرضاء الجمل ذات الثوابت المحذوفة","المحمول الخاص بـL1 لا تفسير له في M2، والنموذج المركب بني للغتين الأصليتين ويكفي أن يحقق A ونفي B","commit 9620cc73f9c8e0ad003c514a5d3748f29611c4c0; pinned content/model-theory/interpolation/interpolation-proof.tex lines 163--190; OLP-0201","confidence 1.00; transport typing and final countermodel independently replayed","2026-08-14","Codex source replay","استعملت العربية h[P^{M1}] وعلاقتي Sat النهائيتين"
"Beth theorem omits the second if, calls Sigma a formula set after defining sentence sets, and prints raw `P'c_1...c_n`","state if and only if, retain sentence sets, and use the atomic-formula carrier for P-prime","source_beth_statement_and_atom_carrier_corrected_olp0202","الإبقاء على شرط ناقص؛ تغيير نوع Sigma؛ طباعة تطبيق محمول خارج Atom","التعريفان السابقان يثبتان نوع الجمل، والتكافؤ ثنائي الاتجاه، وكل التطبيقات المجاورة تستخدم Atom","commit 9620cc73f9c8e0ad003c514a5d3748f29611c4c0; pinned content/model-theory/interpolation/definability.tex lines 61--98; OLP-0202","confidence 1.00; definitions and paired P/P-prime formulas independently replayed","2026-08-14","Codex source replay","أعادت العربية الشرط ونوع sentence وماكرو Atom"
"abstract quantifier output remains in L(L) although its models are over L-prime","put F in L(L-prime)","source_abstract_quantifier_result_language_corrected_olp0205","إبقاء الثابت المحذوف في لغة النتيجة؛ تغيير لغة المنطلق؛ حذف خاصية الكم","الجملة الناتجة بعد كم الثابت c تنتمي إلى اللغة التي حذفت c، كما يدل فهرس Mod[L-prime]","commit 9620cc73f9c8e0ad003c514a5d3748f29611c4c0; pinned content/model-theory/lindstrom/abstract-logics.tex quantifier-property clause; OLP-0205","confidence 1.00; source and target language indices independently replayed","2026-08-14","Codex source replay","كتبت العربية F in L(L-prime)"
"relativization defines the subdomain through undefined R interpreted in M and does not ensure a valid substructure domain","use the supplied relation X, require the selected domain nonempty and containing every interpretation of an L-constant","source_relativization_X_nonempty_constant_closed_domain_completed_olp0205","استعمال R قبل توسيع M؛ السماح بمجال خالٍ أو فاقد لثابت؛ حذف اتجاه التكافؤ","في لغة علائقية ذات ثوابت يلزم المجال غير الخالي واحتواء قيم جميع الثوابت؛ وX هو تفسير R في التوسيع المعروض","commit 9620cc73f9c8e0ad003c514a5d3748f29611c4c0; pinned content/model-theory/lindstrom/abstract-logics.tex relativization clause; OLP-0205","confidence 1.00; substructure definition and expansion arguments independently replayed","2026-08-14","Codex source replay","عرّفت العربية المجال بـtuple(a,b) in X وأضافت شرطي الصحة"
"renaming clause says M-prime corresponds to the language L rather than the structure M","say M-prime is the renamed structure corresponding to M","source_renaming_correspondent_structure_corrected_olp0205","إسناد بنية إلى لغة بوصفها نظيرها؛ حذف البنية المعاد تسميتها؛ تغيير إعادة الرموز","إعادة التسمية تنقل تفسيرات بنية بعينها مع الرموز، لا تقابل لغة مجردة ببنية","commit 9620cc73f9c8e0ad003c514a5d3748f29611c4c0; pinned content/model-theory/lindstrom/abstract-logics.tex renaming-property clause; OLP-0205","confidence 1.00; source/target structure pairing independently replayed","2026-08-14","Codex source replay","ربطت العربية M-prime بـM"
"D1 is called first-order although it asserts abstract-L truth, and M is reused for the ambient union structure and enumerable model","make D1 an L-sentence supplied by relativization; reserve U for the ambient structure and U0 for its enumerable model","source_abstract_ls_D1_type_and_structure_shadowing_corrected_olp0206","ادعاء أن صدق E المجرد يعبّر عنه دائمًا من الرتبة الأولى؛ إعادة اسم M لثلاث بنى؛ حذف D2","النسبنة تعطي جملة من L، بينما D2 من الرتبة الأولى ويدخل L بسواء المنطق؛ الأسماء المتميزة تحفظ قيود البنى الجزئية","commit 9620cc73f9c8e0ad003c514a5d3748f29611c4c0; pinned content/model-theory/lindstrom/ls-property.tex lines 65--119; OLP-0206","confidence 1.00; relativization type and model containment independently replayed","2026-08-14","Codex source replay","استعملت العربية M وN للأصلين وU للمحيط وU0 للنموذج القابل للعد"
"Lindstrom theorem omits normality and compactness invokes a nonstandard n-star without a type placing it above every standard n","assume a normal abstract logic and add the finitely satisfiable type requiring each standard n below n-star","source_lindstrom_normality_and_nonstandard_type_completed_olp0207","استنتاج F at most L بلا فرض يسمح F داخل L؛ استنتاج عنصر غير قياسي من D وحدها؛ حذف التراص","التكافؤ يحتاج ملاحظة F≤L للمنطق السوي، ووجود عنصر فوق كل القياسيين يتطلب نمطًا لا نهائيًا محدود الإرضاء","commit 9620cc73f9c8e0ad003c514a5d3748f29611c4c0; pinned content/model-theory/lindstrom/lindstrom-proof.tex theorem and compactness paragraphs; OLP-0207","confidence 1.00; normal-logic remark and compactness type construction independently replayed","2026-08-14","Codex source replay","أضافت العربية السواء والنمط n<n-star مع حجة الإرضاء المنتهي"
"bounded-rank characteristic sentence conjoins all true sentences and calls the conjunction finite","choose one representative from each of the finitely many logical-equivalence classes","source_lindstrom_characteristic_sentence_finite_representatives_corrected_olp0207","اقتران مجموعة نحوية لا نهائية؛ حذف الصيغة المميزة؛ تغيير حد رتبة الكم","قضية qr-finite لا تعطي إلا محدودية الفئات حتى التكافؤ، فيكفي ممثل واحد من كل فئة صادقة","commit 9620cc73f9c8e0ad003c514a5d3748f29611c4c0; pinned content/model-theory/lindstrom/lindstrom-proof.tex lines 25--42; OLP-0207","confidence 1.00; corrected qr-finite statement and characteristic formula independently replayed","2026-08-14","Codex source replay","استعملت العربية ممثلي الفئات وميزت صيغة الرتبة بـA"
"Lindstrom section headers identify Part as first-order-logic","identify Part as model-theory","source_lindstrom_part_metadata_corrected_olp0204_0207","الإبقاء على جزء لا يطابق المسار؛ حذف التعليق؛ تغيير معرفات mod/lin","المسار content/model-theory/lindstrom وبرنامج الفصل ومعرفات mod/lin تعين الجزء","commit 9620cc73f9c8e0ad003c514a5d3748f29611c4c0; pinned headers OLP-0204--0207","confidence 1.00; path and chapter driver independently replayed; comments only","2026-08-14","Codex source replay","صححت العربية Part في الملفات الأربعة"
"primitive recursion / composition / projection / arity / bounded minimization / course-of-values recursion","العودية البدائية / التركيب / الإسقاط / الرتبة / التصغير المحدود / عودية مسار القيم","chosen_recursive_functions_vocabulary","الاستدعاء الأولي / التأليف / المسقط / عدد المواضع / التقليل المقيد / العودية بالقيم السابقة","تجمع الألفاظ بين آليتي بناء الدوال ورتبة حججها وصور البحث والعودية الموسعة من غير خلط بينها","recursive functions; OLP-0211--0222","definitions and formal schemata replayed; independent review pending","2026-08-15","Codex","استعملت العربية المصطلحات نفسها في العناوين والتعريفات والبراهين"
"primitive-recursion explanation says eventually define h(x) from h(x+1)","say define h(x+1) from h(x)","source_primitive_recursion_dependency_direction_corrected_olp0211","قلب اتجاه الاعتماد؛ حذف حجة بلوغ جميع القيم؛ تغيير معادلتي التعريف","الخطوة العودية تحسب قيمة اللاحق من القيمة السابقة كما تفعل المعادلة المعروضة مباشرة","commit 9620cc73f9c8e0ad003c514a5d3748f29611c4c0; pinned content/computability/recursive-functions/primitive-recursion.tex line 24; OLP-0211","confidence 1.00; induction order and adjacent defining equation independently replayed; direction reversed only","2026-08-15","Codex source replay","قالت العربية إن h(x+1) تعرف من h(x)"
"n-ary composition paragraph concludes h(x_0,...,x_{k-1})=f(y_0,...,y_{k-1})","use h(x_0,...,x_{n-1}) on the left","source_composition_output_arity_corrected_olp0212","الإبقاء على عدد حجج تحدده رتبة f بدل رتبة h؛ تغيير مدخلات f؛ حذف نتيجة القابلية للحساب","الدالة المركبة h مصرح بأنها ذات n حجج، أما k فهو عدد مداخل f وعدد الدوال g_i","commit 9620cc73f9c8e0ad003c514a5d3748f29611c4c0; pinned content/computability/recursive-functions/composition.tex line 27; OLP-0212","confidence 1.00; displayed definition and arities independently replayed; final h input list corrected only","2026-08-15","Codex source replay","كتبت العربية حجج h من x_0 إلى x_{n-1}"
"x <= y is called the less-than relation","call it the less-than-or-equal relation","source_leq_relation_name_corrected_olp0217","تسميتها علاقة الأصغر الصرف؛ تغيير الرمز إلى <؛ تغيير الدالة المميزة","الرمز المعروض والتعريف IsZero(x truncated-subtraction y) يصدقان عند المساواة أيضًا","commit 9620cc73f9c8e0ad003c514a5d3748f29611c4c0; pinned content/computability/recursive-functions/pr-relations.tex line 43; OLP-0217","confidence 1.00; symbol and characteristic-function truth condition independently replayed; prose label corrected only","2026-08-15","Codex source replay","سمتها العربية علاقة الأصغر من أو المساوي"
"third bounded-minimization case writes m_R(vec z,y+1)","write m_R(vec x,y+1)","source_bounded_minimization_parameter_vector_corrected_olp0218","إدخال متجه غير معرف؛ تغيير الحالات الأخرى؛ حذف الحجة المعلمية","الدالة معرفة طوال القضية على المعلمات vec x، ولا يعرف متجه vec z في البرهان","commit 9620cc73f9c8e0ad003c514a5d3748f29611c4c0; pinned content/computability/recursive-functions/bounded-minimization.tex line 48; OLP-0218","confidence 1.00; function signature and neighboring cases independently replayed; vector letter corrected only","2026-08-15","Codex source replay","استعملت العربية m_R(vec x,y+1) في الحالة الثالثة"
"divisibility parenthesis says the remainder when dividing x by y","say the remainder when dividing y by x","source_divisibility_dividend_divisor_corrected_olp0219","قلب المقسوم والمقسوم عليه؛ تغيير معنى x divides y؛ حذف شرح الباقي","العلاقة x divides y تعني أن y=xz، ولذلك العملية المشار إليها هي قسمة y على x","commit 9620cc73f9c8e0ad003c514a5d3748f29611c4c0; pinned content/computability/recursive-functions/primes.tex line 18; OLP-0219","confidence 1.00; adjacent multiple equation and divisibility definition independently replayed; operand order corrected only","2026-08-15","Codex source replay","قالت العربية باقي قسمة y على x"
"sequenceBound(x,k)=p_{k-1}^{k(x+1)} is undefined at k=0 although concat applies it to total length zero","define sequenceBound(x,0)=1 and retain the displayed formula for k>0","source_sequence_bound_empty_length_totalized_olp0220","الإبقاء على p_{-1}؛ استبعاد وصل متتاليتين خاليتين؛ تغيير ترميز المتتالية الخالية","عند طول صفر يجب أن يغطي حد البحث الرمز الخالي 0، والحد 1 يجعل البحث v<1 يشمله من غير مساس بحالة k>0","commit 9620cc73f9c8e0ad003c514a5d3748f29611c4c0; pinned content/computability/recursive-functions/sequences.tex lines 151 and 163--168; OLP-0220","confidence 1.00; empty-sequence code and bounded concat application independently replayed; zero-length case added only","2026-08-15","Codex source replay","أضافت العربية sequenceBound(x,0)=1 وقيدت الصيغة المعروضة بـk>0"
"subtree recurrence calls its accumulator exactly level n and helper ranges through index k","say through level n and let g_f(s,k) concatenate exactly the first k values from the empty sequence","source_subtree_level_accumulator_and_helper_index_corrected_olp0221","الإبقاء على وصف المستوى الدقيق مع تراكم المستويات؛ تجاوز آخر عنصر المتتالية؛ حذف حالة الصفر الخالية","تعريف hSubtreeSeq يحتفظ بالنتائج السابقة، واستدعاء g_f عند len(s) يقتضي فهارس 0 إلى len(s)-1","commit 9620cc73f9c8e0ad003c514a5d3748f29611c4c0; pinned content/computability/recursive-functions/trees.tex lines 36--47; OLP-0221","confidence 1.00; recurrence invariant and finite-sequence indices independently replayed; level wording and helper base/index repaired only","2026-08-15","Codex source replay","قالت العربية حتى المستوى n وبدأت g_f بالمتتالية الخالية ثم ألحقت العنصر ذي الفهرس k"
"partial computable / partial recursive / recursive / general recursive / index / universal / normal form / halting","جزئية قابلة للحساب / عودية جزئية / عودية / عودية عامة / فهرس / شاملة / صورة سوية / توقف","chosen_computability_theory_vocabulary","قابلة للحساب جزئيًا / استدعائية جزئية / تكرارية / عودية معممة / مؤشر / كلية / شكل عادي / انتهاء","يفصل الاختيار خاصية قابلية الحساب عن صنف التعريف العودي، والجزئية عن الكلية، والشمول عن مجرد الكلية","recursive functions and computability theory; OLP-0223--0234","definitions, normal-form statements, and diagonal arguments replayed; independent review pending","2026-08-15","Codex","ثبتت العربية فهرس للبرنامج وشاملة للتعداد وصورة سوية للتمثيل"
"s-m-n explanation returns s^m_n(x,a_0,...,a_{m-1}) although the program input is e","return s^m_n(e,a_0,...,a_{m-1})","source_smn_program_index_parameter_corrected_olp0232","الإبقاء على x غير المعرف؛ تغيير الفهرس في عبارة المبرهنة؛ حذف المعلمات الثابتة","الدالة s-m-n تأخذ فهرس البرنامج e كما تقرر عبارة المبرهنة وكما يستعمله وصف آلة تورنغ التالي","commit 9620cc73f9c8e0ad003c514a5d3748f29611c4c0; pinned content/computability/computability-theory/s-m-n.tex line 34; OLP-0232","confidence 1.00; theorem equation and immediately repeated machine construction independently replayed; variable replaced only","2026-08-15","Codex source replay","أعادت العربية البرنامج s^m_n(e,a_0,...,a_{m-1})"
"encoding a ternary partial recursive f calls g(x) approximately f((x)_0,(x)_1,(x)_2) a unary recursive function","call g a unary partial recursive function","source_universal_encoding_preserves_partiality_corrected_olp0233","ترقية دالة قد لا تعرف عند بعض المدخلات إلى دالة كلية؛ حذف الترميز؛ تغيير رتبة g","الترميز لا يضمن توقف f عند الثلاثي المفكوك، ولذلك يحفظ العودية الجزئية لا الكلية","commit 9620cc73f9c8e0ad003c514a5d3748f29611c4c0; pinned content/computability/computability-theory/universal-part-function.tex lines 37--39; OLP-0233","confidence 1.00; partial-function premise and approximate equality independently replayed; qualifier partial restored only","2026-08-15","Codex source replay","سمت العربية g دالة عودية جزئية أحادية الحجة"
"there is a partial computable function that is total for the partial computable functions","there is a partial computable function universal for the partial computable functions","source_universal_partial_function_property_corrected_olp0234","نسبة الكلية إلى دالة شاملة جزئية؛ حذف مقابلة الجزئي بالكلي؛ تغيير صنف الدوال المعدودة","المبرهنة السابقة تثبت الشمول مع بقاء Un جزئية، والفقرة نفسها تقابل ذلك باستحالة دالة كلية شاملة للكليات","commit 9620cc73f9c8e0ad003c514a5d3748f29611c4c0; pinned content/computability/computability-theory/no-universal-function.tex line 12; OLP-0234","confidence 1.00; preceding universal theorem and following diagonal contrast independently replayed; property word corrected only","2026-08-15","Codex source replay","قالت العربية إن الدالة الجزئية شاملة للدوال الجزئية"
"computably enumerable / semi-decidable / many-one reducibility / one-one reducibility / Turing reducibility / complete / oracle","قابل للتعداد حسابيًا / شبه قابل للقرار / قابلية الاختزال متعددًا إلى واحد / قابلية الاختزال واحدًا إلى واحد / قابلية الاختزال بتورنغ / تام / عرّاف","chosen_enumerability_reducibility_vocabulary","قابل للعد حاسوبيًا / شبه قابل للحسم / اختزال جمعي / اختزال أحادي / رد تورنغ / كامل / وسيط","تفصل الألفاظ التعداد الفعال عن القابلية للقرار، وأنواع نقل مسائل العضوية، والتَمام داخل صنف c.e.","computability theory; OLP-0235--0246","definitions, closure arguments, and reductions replayed; independent review pending","2026-08-15","Codex","ثبتت العربية اتجاه الاختزال A إلى B ومعنى التمام باعتباره أصعب درجات الصنف"
"halting proof parenthetical says h can only take value 0 if it is defined","say g can only be defined if h(e,e)=0","source_halting_diagonal_definedness_condition_corrected_olp0235","تفسير كلية h كشرط على أخذ الصفر؛ حذف اتجاه تعريف g؛ تغيير حالتي القطر","الدالة h كلية تحت فرض البرهان، أما g الجزئية فلا تعرف إلا في فرع h(e,e)=0 بحسب تعريف الحالات","commit 9620cc73f9c8e0ad003c514a5d3748f29611c4c0; pinned content/computability/computability-theory/halting-problem.tex lines 70--76; OLP-0235","confidence 1.00; displayed case definition and following contradiction independently replayed; parenthetical subject and condition corrected only","2026-08-15","Codex source replay","قالت العربية إن g لا تكون معرفة إلا إذا كان h(e,e)=0"
"Russell-paradox clause defines S but concludes S in S iff X not in S","use S not in S on the right","source_russell_diagonal_set_symbol_corrected_olp0236","إبقاء X غير المعرف؛ تغيير تعريف S؛ حذف التناقض الذاتي","التعويض بالعنصر S نفسه في الشرط x notin x يعطي S notin S، وهو طرف المفارقة المقابل لـS in S","commit 9620cc73f9c8e0ad003c514a5d3748f29611c4c0; pinned content/computability/computability-theory/russells-paradox.tex line 14; OLP-0236","confidence 1.00; set abstraction substitution and standard Russell diagonal independently replayed; symbol corrected only","2026-08-15","Codex source replay","كتبت العربية S notin S بدل X notin S"
"range proof has T(e,(z)_0,(z)_1) and U((z)_1)=y but concludes cfind_e(x) is defined and equals y","conclude cfind_e((z)_0) is defined and equals y","source_ce_range_witness_input_corrected_olp0239","إبقاء x غير المعرف في الاتجاه العكسي؛ تغيير شاهد z؛ حذف نتيجة الانتماء","سجل الحساب المشهود يخص الدخل المفكوك (z)_0، وهو الذي يثبت أن y في مدى cfind_e","commit 9620cc73f9c8e0ad003c514a5d3748f29611c4c0; pinned content/computability/computability-theory/equiv-ce-defs.tex lines 87--96; OLP-0239","confidence 1.00; T and U witness arguments independently replayed; input term corrected only","2026-08-15","Codex source replay","استعملت العربية cfind_e((z)_0) في نتيجة الحالة الأخيرة"
"complement proof assigns A to cfind_d and its complement to cfind_e but tests T(e,...) for A; informal replay then uses undefined f","test T(d,...) for A and search cfind_d/cfind_e, accepting A when d halts","source_complement_semidecider_indices_corrected_olp0242","قلب دليلي A ومتممتها؛ إدخال فهرس f غير معرف؛ تغيير مؤثر البحث h","تعريف المجالين يربط d بـA وe بالمتممة، والحساب المتوقف الأول هو شاهد العضوية في A","commit 9620cc73f9c8e0ad003c514a5d3748f29611c4c0; pinned content/computability/computability-theory/complement-ce.tex lines 31--52; OLP-0242","confidence 1.00; declared domains and both branches of total search independently replayed; indices aligned only","2026-08-15","Codex source replay","استعملت العربية T(d,x,h(x)) ثم cfind_d وcfind_e في الشرح"
"alternate display for K_0 writes pairs tuple(x,e) with x in W_e after defining K_0 on tuple(e,x)","retain tuple(e,x) with x in W_e","source_halting_pair_coordinate_order_corrected_olp0243","قلب إحداثيي الفهرس والدخل؛ تغيير تعريف W_e؛ حذف الصيغة البديلة","شرط x in W_e يعني توقف الدالة ذات الفهرس e عند الدخل x، فيلزم ترتيب الزوج المعلن e ثم x","commit 9620cc73f9c8e0ad003c514a5d3748f29611c4c0; pinned content/computability/computability-theory/reducibility.tex lines 37--43; OLP-0243","confidence 1.00; preceding K_0 definition and W_e convention independently replayed; tuple order corrected only","2026-08-15","Codex source replay","أبقت العربية الزوج tuple(e,x) في التوصيفين"
"problem types a many-one reduction as f:A to B although the definition requires f:Nat to Nat","say f is a many-one reduction of A to B","source_many_one_reduction_problem_function_type_corrected_olp0244","تقييد مجال ومقابل f بالمجموعتين المراد اختزالهما؛ تغيير معادلة الدالتين المميزتين؛ حذف شرط الاختزال","دالة الاختزال كلية على Nat كي تحول كل مسألة عضوية، ولا يلزم أن تعين عناصر A وحدها إلى عناصر B وحدها","commit 9620cc73f9c8e0ad003c514a5d3748f29611c4c0; pinned content/computability/computability-theory/prop-reduce.tex lines 67--71; OLP-0244","confidence 1.00; immediately preceding definition and characteristic-function identity independently replayed; type phrase replaced only","2026-08-15","Codex source replay","قالت العربية إن f اختزال لـA إلى B من غير النمط الخاطئ A to B"
"proof and exercise for completeness of K reduce K to already-complete K_0","reduce K_0 to K in both proof and exercise","source_complete_K_reduction_direction_corrected_olp0245","إثبات اتجاه لا ينقل التمام إلى K؛ تمرين يطلب الاتجاه العكسي غير الكافي؛ تغيير الاختزالين السابقين","لنقل تمام K_0 إلى K بالتعدي يلزم K_0 less-than-or-equal_m K، أما K less-than-or-equal_m K_0 فلا يكفي","commit 9620cc73f9c8e0ad003c514a5d3748f29611c4c0; pinned content/computability/computability-theory/complete-ce-sets.tex lines 42--48; OLP-0245","confidence 1.00; definition of completeness and transitivity proposition independently replayed; direction reversed in proof and exercise only","2026-08-15","Codex source replay","قالت العربية في البرهان والتمرين إن K_0 تختزل إلى K"
"Turing machine / state / tape / read-write head / configuration / transition function / unary representation","آلة تورنغ / حالة / شريط / رأس القراءة والكتابة / تهيئة / دالة الانتقال / التمثيل الأحادي","chosen_turing_machine_vocabulary","ماكنة تورنغ / وضع / حزام / رأس القارئ الكاتب / تشكيل / دالة التحويل / الترميز المفرد","تثبت الألفاظ البنية الصورية للآلة وتميز التهيئة الآنية من حالتها الداخلية والتمثيل الأحادي من مجرد سلسلة الرموز","Turing machines; OLP-0252--0258","definitions, diagrams, and computation clauses replayed; independent review pending","2026-08-15","Codex","استعملت العربية المصطلحات نفسها في التعريفات والمخططات وأوصاف التشغيل"
"Rice proof indexes binary h as unary cfind_e and uses ordinary equality for a possibly undefined section","write h=cfind_e[2] and cfind_s(e,x)(y) approximately h_x(y)","source_rice_binary_index_and_partial_equality_corrected_olp0248","تغيير رتبة h؛ مساواة قيم جزئية غير معرفة؛ حذف تطبيق s-m-n","الدالة h مصرح بها ثنائية وقد تكون غير معرفة، ولذلك يحتاج فهرسها ونتيجة تثبيت وسيطها إلى الرتبة والمساواة الجزئية","commit 9620cc73f9c8e0ad003c514a5d3748f29611c4c0; pinned content/computability/computability-theory/rice-theorem.tex lines 97--100; OLP-0248","confidence 1.00; h signature and case definition independently replayed; arity and equality repaired only","2026-08-15","Codex source replay","كتبت العربية cfind_e[2] واستعملت simeq للقطاع الجزئي"
"fixed-point proof calls a binary program cfind_x without arity and later calls the binary index gn(l) as unary","use cfind_x[2](x,y) in both diag occurrences and cfind_gn(l)[2](gn(l),y)","source_fixed_point_binary_program_arities_corrected_olp0249","إبقاء الاستدعاءات الثنائية بترميز الفهرس الأحادي؛ تغيير الحجج؛ حذف خطوة القطر","كل من x وgn(l) يفهرس دالة ثنائية في المواضع المعنية، ثم تثبت diag وسيطها الأول لتنتج برنامجًا أحاديًا","commit 9620cc73f9c8e0ad003c514a5d3748f29611c4c0; pinned content/computability/computability-theory/fixed-point-thm.tex lines 116, 119, 143; OLP-0249","confidence 1.00; declared arities and s-m-n construction independently replayed; arity annotations added only","2026-08-15","Codex source replay","أضافت العربية [2] إلى الاستدعاءات الثنائية الثلاثة"
"fixed-point application proof begins with an arbitrary total computable f although the theorem rules out partial computable f","let f be any partial computable function","source_fixed_point_application_partial_premise_restored_olp0250","إثبات حالة الدوال الكلية وحدها؛ تغيير نتيجة المبرهنة؛ حذف إمكان عدم تعريف f(e)","نفي وجود دالة جزئية يقتضي بناء الشاهد لدالة جزئية اعتباطية، والحساب اللاحق مصوغ أصلًا بحيث قد لا تتوقف f(e)","commit 9620cc73f9c8e0ad003c514a5d3748f29611c4c0; pinned content/computability/computability-theory/application-fixed-point.tex line 35; OLP-0250","confidence 1.00; theorem quantifier and nonhalting branch independently replayed; qualifier partial restored only","2026-08-15","Codex source replay","بدأت العربية البرهان بدالة جزئية قابلة للحساب اعتباطية"
"self-reference construction writes cfind_e(y)=g(e,y) although g may be partial","use partial equality cfind_e(y) approximately g(e,y)","source_self_reference_partial_equality_corrected_olp0251","مساواة عادية تتطلب تعريف الطرفين؛ تغيير تعريف الحالات؛ حذف مبرهنة النقطة الثابتة","الدالة g تستدعي cfind_x في أحد فرعيها وقد لا تعرف، ومبرهنة النقطة الثابتة تعطي مساواة جزئية","commit 9620cc73f9c8e0ad003c514a5d3748f29611c4c0; pinned content/computability/computability-theory/def-functions-self-reference.tex line 32; OLP-0251","confidence 1.00; displayed partial case definition independently replayed; equality symbol corrected only","2026-08-15","Codex source replay","استعملت العربية simeq في معادلة الفهرس الثابت"
"even-machine configuration prose calls the displayed subscript-0 state state one","call it state q_0","source_even_machine_initial_state_label_corrected_olp0255","تسمية الحالة q_0 بالحالة الأولى؛ تغيير الرسم؛ حذف وصف الدليل السفلي","التهيئة المعروضة تحمل الدليل 0 والتعليمة التالية تنطلق صراحة من q_0","commit 9620cc73f9c8e0ad003c514a5d3748f29611c4c0; pinned content/turing-machines/machines-computations/representing-tms.tex line 88; OLP-0255","confidence 1.00; displayed configuration and transition independently replayed; prose state label corrected only","2026-08-15","Codex source replay","قالت العربية إن الآلة تبدأ في الحالة q_0"
"left-end-marker preservation clause uses undefined x as the transition direction","use the declared direction component D","source_turing_transition_direction_variable_corrected_olp0256","إبقاء متغير غير معرف؛ تغيير رمز الشريط؛ حذف شرط عدم الكتابة فوق العلامة","الثلاثية الانتقالية معرفة قبل ذلك بمركبة اتجاه D، أما x فلا يرد في السياق","commit 9620cc73f9c8e0ad003c514a5d3748f29611c4c0; pinned content/turing-machines/machines-computations/turing-machines.tex line 43; OLP-0256","confidence 1.00; transition signature independently replayed; variable replaced only","2026-08-15","Codex source replay","كتبت العربية tuple(q-prime,end,D)"
"configuration file metadata identifies the wrong Part and olfileid namespace","use Part turing-machines and olfileid tur/mac/con","source_configuration_file_identity_corrected_olp0257","إبقاء computability وcmp/tur مع أن المسار والفصل لآلات تورنغ؛ تغيير عنوان الوحدة؛ حذف المعرف","مسار الملف وبرنامج الفصل والاستيراد من machines-computations تعين الجزء والفصل والمعرف من غير التباس","commit 9620cc73f9c8e0ad003c514a5d3748f29611c4c0; pinned content/turing-machines/machines-computations/configuration.tex lines 1 and 9; OLP-0257","confidence 1.00; path and chapter driver independently replayed; metadata and identifier corrected only","2026-08-15","Codex source replay","صححت العربية Part إلى turing-machines والمعرف إلى tur/mac/con"
"concatenation explanation says the input begins immediately to the left of the left-end marker","say immediately to the right of the marker","source_configuration_input_side_corrected_olp0257","وضع الدخل خارج طرف الشريط؛ تغيير اتجاه الشريط؛ حذف تفسير الوصل","التهيئة المعروضة ترتب علامة النهاية ثم الدخل، والشريط ممتد نحو اليمين","commit 9620cc73f9c8e0ad003c514a5d3748f29611c4c0; pinned content/turing-machines/machines-computations/configuration.tex line 60; OLP-0257","confidence 1.00; initial tuple and one-way tape convention independently replayed; direction word corrected only","2026-08-15","Codex source replay","قالت العربية إن الدخل يبدأ إلى يمين علامة النهاية"
"initial configuration tuple has head position 1 but no square 1 for empty input","append an explicit blank to end-frown-I","source_configuration_empty_input_square_completed_olp0257","تهيئة غير صحيحة عند I الخالي؛ نقل الرأس إلى علامة النهاية؛ استبعاد الدخل الخالي","تعريف التهيئة يشترط m<len(C)، وإلحاق خانة فارغة يجعل الموضع 1 موجودًا لكل دخل ويحفظ موضع أول رمز للدخل غير الخالي","commit 9620cc73f9c8e0ad003c514a5d3748f29611c4c0; pinned content/turing-machines/machines-computations/configuration.tex lines 25--29 and 51--56; OLP-0257","confidence 1.00; empty-input edge case independently replayed; one trailing blank added only","2026-08-15","Codex source replay","عرّفت العربية التهيئة الابتدائية بـend frown I frown blank ورأسها عند 1"
"run is defined so every C_i yields C_{i+1}, excluding a finite final configuration and hence every halting run","allow finite or infinite runs and require no successor only after the final configuration of a finite run","source_configuration_finite_halting_run_completed_olp0257","قصر التشغيل ضمنيًا على متتالية غير منتهية؛ تغيير تعريف التوقف؛ حذف شرط التعاقب","التوقف يعني أن دالة الانتقال غير معرفة في C_k، فلا يمكن لتلك التهيئة أن تنتج C_{k+1} مع بقاء جميع الانتقالات السابقة","commit 9620cc73f9c8e0ad003c514a5d3748f29611c4c0; pinned content/turing-machines/machines-computations/configuration.tex lines 85--93; OLP-0257","confidence 1.00; one-step relation and halting clause independently replayed; finite terminal case added only","2026-08-15","Codex source replay","سمحت العربية بتشغيل منته أو غير منته وقيدت الانتقال بالتهيئة التالية الموجودة"
"unary computation definition omits quantification over its numeric inputs","add for all n_1,...,n_k in Nat","source_unary_computation_inputs_quantified_olp0258","ترك المتغيرات حرة؛ تغيير رتبة f؛ حذف شرط الخرج","تعريف حساب دالة يقتضي صحة سلوك الآلة عند كل زوج من قيم حججها لا عند قيم ضمنية بعينها","commit 9620cc73f9c8e0ad003c514a5d3748f29611c4c0; pinned content/turing-machines/machines-computations/unary-numbers.tex lines 22--29; OLP-0258","confidence 1.00; function type and input template independently replayed; universal quantifier added only","2026-08-15","Codex source replay","أضافت العربية لكل n_1,...,n_k في Nat"
"adder diagram sends q_0's stroke transition to q_1 although its label and intended scan require a q_0 loop","target the stroke edge back at state A/q_0","source_unary_adder_q0_stroke_loop_corrected_olp0258","الانتقال إلى q_1 عند أول علامة فيتوقف المسح مبكرًا؛ تغيير وسم الانتقال؛ حذف حالة q_1","لا بد أن تجتاز q_0 كتلة الدخل الأولى حتى الفراغ الفاصل؛ والانتقال المسمى loop above مرسوم من العقدة A","commit 9620cc73f9c8e0ad003c514a5d3748f29611c4c0; pinned content/turing-machines/machines-computations/unary-numbers.tex lines 52--59; OLP-0258","confidence 1.00; stated addition strategy and diagram path independently replayed; edge target changed only","2026-08-15","Codex source replay","وجهت العربية انتقال العلامة من q_0 عائدًا إلى A/q_0"
"s-m-n construction equates a partial function with a cases term containing undefined rather than using partial equality","use partial equality cfind_k(x)(y) approximately the displayed cases term","source_total_reduction_partial_equality_corrected_olp0247","مساواة عادية بين عبارتين قد تكونان غير معرفتين؛ تغيير فرع عدم التعريف؛ حذف اختزال K إلى Tot","الفرع الثاني غير معرف صراحة، ولذلك يلزم رمز المساواة الجزئية المستعمل في الوحدة نفسها وفي اصطلاحات المشروع","commit 9620cc73f9c8e0ad003c514a5d3748f29611c4c0; pinned content/computability/computability-theory/total.tex line 44; OLP-0247","confidence 1.00; displayed case definition and immediately following totality dichotomy independently replayed; equality symbol corrected only","2026-08-15","Codex source replay","استعملت العربية simeq بين الدالة الجزئية وتعريف الحالات"
"after restoring partial computable f, the fixed-point application proof immediately treats cfind_f(e) although f(e) itself may be undefined","split off the case where f(e) is undefined before evaluating cfind_f(e)","source_fixed_point_application_undefined_selector_case_completed_olp0250","استعمال فهرس غير معرّف؛ إثبات حالة الدوال الجزئية المعرفة عند e وحدها؛ تغيير عبارة المبرهنة","إذا لم تعرف f(e) فقد أخفق الشرط المطلوب فورًا وكان W_e فارغًا؛ ولا يجوز استدعاء البرنامج ذي الفهرس f(e) إلا في الحالة الأخرى","commit 9620cc73f9c8e0ad003c514a5d3748f29611c4c0; pinned content/computability/computability-theory/application-fixed-point.tex lines 35--68; OLP-0250","confidence 1.00; theorem scope, fixed-point construction, and all three selector cases independently replayed; missing case added only","2026-08-15","Codex source replay","فصلت العربية أولًا حالة عدم تعريف f(e)، ثم عالجت حالتي قيمة البرنامج المفهرس"
"halting state / accepting state / rejecting state / disciplined machine / combining machines / nondeterministic","حالة توقف / حالة قبول / حالة رفض / آلة منضبطة / جمع الآلات / غير حتمي","chosen_turing_machine_control_vocabulary","حالة إنهاء / حالة موافقة / حالة نبذ / آلة حسنة السلوك / تركيب الماكينات / لا تعييني","تفصل الألفاظ حالات التحكم من نتائج القرار، وتجعل الانضباط قيدًا سلوكيًا، وتستعمل الجمع لبناء آلة متعاقبة من آلتين","Turing machine control and variants; OLP-0259--0263","definitions, transition diagrams, and composition proposition replayed; independent review pending","2026-08-15","Codex","ثبتت العربية مصطلحات التحكم نفسها في الشرح والتعريف والمخططات"
"disciplined-machines source header calls its Section well-behaved-machines","identify the Section as disciplined-machines","source_disciplined_machine_section_metadata_corrected_olp0260","الإبقاء على اسم وحدة قديم لا يطابق المسار والاستيراد؛ تغيير معرف الملف؛ حذف تعليق القسم","اسم الملف والاستيراد والعنوان ومعرف dis تعين وحدة disciplined-machines من غير التباس","commit 9620cc73f9c8e0ad003c514a5d3748f29611c4c0; pinned content/turing-machines/machines-computations/disciplined-machines.tex line 3; OLP-0260","confidence 1.00; path, chapter import, and olfileid independently replayed; metadata comment corrected only","2026-08-15","Codex source replay","صححت العربية تعليق Section إلى disciplined-machines"
"disciplining construction uses raw N for the stay-put direction instead of the project macro","use TMstay in tuple(h,sigma,TMstay)","source_disciplined_halting_transition_direction_macro_corrected_olp0260","خلط الرمز الخام N مع ماكرو الاتجاه؛ تغيير الحالة أو الرمز؛ حذف انتقال حالة التوقف","تعريف الآلة يستعمل TMstay لمركبة البقاء، وجميع مخططات الوحدة تستعمل ماكروهات الاتجاه","commit 9620cc73f9c8e0ad003c514a5d3748f29611c4c0; pinned content/turing-machines/machines-computations/disciplined-machines.tex line 43; OLP-0260","confidence 1.00; transition signature and diagram notation independently replayed; direction token normalized only","2026-08-15","Codex source replay","كتبت العربية tuple(h,sigma,TMstay)"
"disciplined adder diagram labels q_0's stroke edge as a loop but targets state B/q_1","target the stroke edge back at state A/q_0","source_disciplined_adder_q0_stroke_loop_corrected_olp0260","الانتقال إلى q_1 عند أول علامة فيتوقف مسح الكتلة الأولى؛ تغيير وسم السهم؛ حذف q_1","آلة الجمع تحتاج بقاء q_0 وهي تعبر علامات الكتلة الأولى حتى الفراغ الفاصل، والخاصية loop مرسومة من A","commit 9620cc73f9c8e0ad003c514a5d3748f29611c4c0; pinned content/turing-machines/machines-computations/disciplined-machines.tex lines 67--73; OLP-0260","confidence 1.00; addition strategy and corrected adder diagram independently replayed; edge target changed only","2026-08-15","Codex source replay","وجهت العربية حلقة العلامة من q_0 إلى A/q_0"
"combined transition definition overlaps its first q-in-Q case with the final undefined-delta handoff case","guard the first case by delta(q,sigma) being defined","source_combined_machine_transition_cases_disjointed_olp0261","ترك دالة الحالات متعددة القيم عند غياب انتقال M؛ تغيير حالة التسليم؛ حذف فرع M-prime","الفرع الأخير مصمم لنقل التحكم حين تكون delta غير معرفة، ولذلك يجب أن يقيد الفرع الأول بالحالة المكملة كي تكون delta-double-prime دالة","commit 9620cc73f9c8e0ad003c514a5d3748f29611c4c0; pinned content/turing-machines/machines-computations/combining-machines.tex lines 37--46; OLP-0261","confidence 1.00; disjoint state sets and following operational prose independently replayed; definedness guard added only","2026-08-15","Codex source replay","قيدت العربية حالة delta الأولى بكونها معرفة"
"all three copied adder diagrams label q_0's stroke edge as a loop but target state B/q_1","target each stroke edge back at state A/q_0","source_combined_adder_q0_stroke_loops_corrected_olp0261","إرسال التحكم إلى q_1 عند أول علامة في الرسوم الثلاثة؛ تغيير وسوم الأسهم؛ تغيير بنية آلة المضاعفة","ينبغي أن تمسح q_0 كتلة الدخل الأولى حتى الفراغ، ووسم loop above من العقدة A يقتضي رجوع السهم إلى A في كل نسخة","commit 9620cc73f9c8e0ad003c514a5d3748f29611c4c0; pinned content/turing-machines/machines-computations/combining-machines.tex lines 79, 101, and 131; OLP-0261","confidence 1.00; addition procedure and all three copied diagrams independently replayed; three edge targets changed only","2026-08-15","Codex source replay","وجهت العربية حلقات q_0 الثلاث إلى A بدل B"
"final standard-machine problem says every Turing machine can be computed by a standard machine","say every Turing machine can be simulated by a standard machine","source_standard_machine_problem_simulation_verb_corrected_olp0266","اعتبار الآلة نفسها قيمة تحسبها آلة أخرى؛ تغيير مفهوم الآلة القياسية؛ حذف شرط التمثيل السلوكي","المناقشة السابقة تثبت التكافؤ السلوكي بإعادة تسمية الحالات والرموز، والمطلوب تبرير محاكاة كل آلة لا حسابها بوصفها خرجًا","commit 9620cc73f9c8e0ad003c514a5d3748f29611c4c0; pinned content/turing-machines/undecidability/enumerating-tms.tex lines 145--150; OLP-0266","confidence 1.00; preceding renaming construction independently replayed; operative verb corrected only","2026-08-15","Codex source replay","قالت العربية إن آلة قياسية بالمعنى الجديد تستطيع محاكاة كل آلة تورنغ"
"universal-machine output decoder processes three-stroke blocks without first skipping the one-stroke end-marker code or stating the two-stroke blank stop condition","skip the initial code-1 end-marker block; translate consecutive code-3 stroke blocks to output strokes until the first code-2 blank; reject any other code","source_universal_tm_output_decoder_boundary_codes_completed_olp0267","رفض الشريط الصحيح فور رؤية كتلة علامة النهاية؛ الاستمرار بلا شرط توقف عند رمز الفراغ؛ قبول رموز غير صالحة في خرج عددي","ترميز الوحدة يعيّن 1 لعلامة النهاية و2 للفراغ و3 للعلامة، والخرج الأحادي هو بالضبط كتلة متعاقبة من الرموز 3 بعد علامة النهاية حتى أول فراغ","commit 9620cc73f9c8e0ad003c514a5d3748f29611c4c0; pinned content/turing-machines/undecidability/universal-tm.tex lines 123--136; OLP-0267","confidence 1.00; symbol-code assignment and natural-number output convention independently replayed; decoder boundaries and rejection branch completed only","2026-08-15","Codex source replay","تجاوزت العربية كتلة النهاية ذات الرمز 1، وترجمت كتل الرمز 3 المتعاقبة حتى كتلة الفراغ ذات الرمز 2، ورفضت الرموز الأخرى"
"halting-problem source header assigns the file to Part computability and Chapter machines-computations","identify it as Part turing-machines and Chapter undecidability","source_halting_problem_file_metadata_corrected_olp0268","إبقاء هوية جزء وفصل لا يطابقان المسار أو الاستيراد؛ تغيير معرف الملف؛ حذف التعليقات","المسار واستيراد chapter driver ومعرف tur/und/hal تعين جزء turing-machines وفصل undecidability من غير التباس","commit 9620cc73f9c8e0ad003c514a5d3748f29611c4c0; pinned content/turing-machines/undecidability/halting-problem.tex lines 1--2; OLP-0268","confidence 1.00; path, chapter driver, and olfileid independently replayed; two metadata comments corrected only","2026-08-15","Codex source replay","صححت العربية التعليقين إلى Part turing-machines وChapter undecidability"
"decision-problem source header calls its Section unsolvability-decision-problem although that is a separate imported file","identify this Section as decision-problem","source_decision_problem_section_metadata_corrected_olp0269","إبقاء اسم وحدة أخرى مستقلة في تعليق القسم؛ تغيير معرف الملف؛ تغيير عنوان الوحدة","اسم الملف واستيرادا decision-problem وunsolvability-decision-problem المنفصلان ومعرف tur/und/dec تعين اسم القسم الصحيح","commit 9620cc73f9c8e0ad003c514a5d3748f29611c4c0; pinned content/turing-machines/undecidability/decision-problem.tex line 3; OLP-0269","confidence 1.00; chapter imports and olfileid independently replayed; metadata comment corrected only","2026-08-15","Codex source replay","صححت العربية تعليق Section إلى decision-problem"
"left-move transition frame writes at square x-prime but carries the unchanged-tape conjunct A(x,y)","use A(x-prime,y) so the frame excludes the square actually overwritten","source_tm_representation_left_move_frame_coordinate_corrected_olp0270","استثناء الخانة x بدل الخانة x-prime المكتوب عليها؛ تغيير حركة الرأس؛ حذف شرط ثبات بقية الشريط","تعريف A(u,y) يثبت جميع الخانات غير u، وفرع الحركة اليسرى يكتب sigma-prime في x-prime قبل انتقال الرأس إلى x","commit 9620cc73f9c8e0ad003c514a5d3748f29611c4c0; pinned content/turing-machines/undecidability/representing-tms.tex lines 139--149; OLP-0270","confidence 1.00; A definition and adjacent operational explanation independently replayed; one argument changed only","2026-08-15","Codex source replay","استعملت العربية A(x-prime,y) في فرع الحركة اليسرى"
"Church--Turing thesis source header identifies the neighboring computability part and an obsolete chapter name","use Part turing-machines and Chapter machines-computations","source_church_turing_thesis_header_metadata_corrected_olp0263","الإبقاء على computability وtm-computations مع أن المسار والمعرف في آلات تورنغ؛ تغيير olfileid؛ حذف تعليقي الهوية","المسار وبرنامج الفصل وolfileid tur/mac/ctt تعين الجزء turing-machines والفصل machines-computations من غير التباس","commit 9620cc73f9c8e0ad003c514a5d3748f29611c4c0; pinned content/turing-machines/machines-computations/church-turing-thesis.tex lines 1--2; OLP-0263","confidence 1.00; path, chapter driver, and olfileid independently replayed; comment metadata corrected only","2026-08-15","Codex source replay","صححت العربية تعليقي Part وChapter إلى turing-machines وmachines-computations"
"verification overview drops the formula marker from T(M,w) in an entailment","use !T(M,w) as in the displayed formula and the converse statement","source_verification_tm_formula_marker_restored_olp0271","قراءة T بوصفها دالة أو حدًا بدل الجملة المعرفة؛ تغيير جهة الاستلزام؛ حذف العلامة","تعرف الوحدة !T(M,w) جملة تصف حساب الآلة، وجميع الاستعمالات المجاورة تحمل علامة الصيغة","commit 9620cc73f9c8e0ad003c514a5d3748f29611c4c0; pinned content/turing-machines/undecidability/verification.tex lines 39--42; OLP-0271","confidence 1.00; defining lemma and displayed entailment independently replayed; one formula marker restored only","2026-08-15","Codex source replay","أعادت العربية علامة الصيغة في !T(M,w)"
"halting-configuration proof switches its fixed state and symbol q,sigma to undefined q-prime,sigma-prime and omits the object-language marker on S","use the already fixed q,sigma and the predicate form Obj S_sigma","source_verification_halting_witness_symbols_corrected_olp0271","إدخال رمزين أوليين بلا تعريف وكتابة S بوصفه رمزًا رياضيًا خامًا؛ تغيير شاهد التوقف؛ حذف أحد المقترنين","الشاهد يثبت أن الآلة في q وتقرأ sigma وأن الزوج يقع في X؛ لا توجد q-prime أو sigma-prime في هذا السياق","commit 9620cc73f9c8e0ad003c514a5d3748f29611c4c0; pinned content/turing-machines/undecidability/verification.tex lines 80--98; OLP-0271","confidence 1.00; witness introduction and membership in X independently replayed; three symbol tokens corrected only","2026-08-15","Codex source replay","أبقت العربية q وsigma وأضافت Obj إلى محمول رمز الشريط"
"configuration lemma excludes the first halting configuration while the following validity proof requires it, and its induction step unnecessarily assumes n greater than zero","scope the lemma through the first halting configuration and allow the induction step from n equals zero","source_verification_halting_configuration_induction_scope_corrected_olp0271","قصر الاستلزام على الأزمنة السابقة للتوقف؛ إبقاء n>0؛ تغيير برهان مبرهنة الصدق","الانتقال من تهيئة غير متوقفة عند الزمن n يثبت تهيئة n+1 حتى حين تكون الأخيرة أول تهيئة توقف، وهو بالضبط ما يستعمل عند الزمن k لاحقًا","commit 9620cc73f9c8e0ad003c514a5d3748f29611c4c0; pinned content/turing-machines/undecidability/verification.tex lines 107--124 and 261--274; OLP-0271","confidence 1.00; induction basis, transition step, and later halting-time application independently replayed; scope and redundant guard corrected only","2026-08-15","Codex source replay","صاغت العربية الاستقراء حتى تهيئة التوقف الأولى وحذفت القيد n>0"
"left-move verification writes at x-prime but carries the unchanged-tape frame A(x,y), repeated as A(l,n) after instantiation","use A(x-prime,y) and A(l-prime,n) so the frame excludes the written square","source_verification_left_move_frame_coordinate_corrected_olp0271","استثناء موضع الرأس الجديد x بدل موضع الكتابة x-prime؛ تغيير اتجاه الحركة؛ حذف شرط ثبات الشريط","تعريف A(u,y) يثبت كل خانة غير u، والحركة اليسرى تكتب sigma-prime في x-prime ثم تحرك الرأس إلى x","commit 9620cc73f9c8e0ad003c514a5d3748f29611c4c0; pinned content/turing-machines/undecidability/verification.tex lines 201--224; OLP-0271","confidence 1.00; frame definition and both generic and instantiated left-move formulas independently replayed; two arguments corrected only","2026-08-15","Codex source replay","استعملت العربية A(x-prime,y) وA(l-prime,n) في الموضعين"
"finite-model left-move axiom writes at x-prime but uses A(x,y) and alone omits the B(y-prime) freshness conjunct added to every transition","use A(x-prime,y) and append B(y-prime) to the ordinary left-move consequent","source_trakhtenbrot_left_move_frame_and_freshness_corrected_olp0273","استثناء الخانة الخاطئة والسماح بزمن تال يساوي زمنًا سابقًا؛ تغيير بقية انتقالات الآلة؛ حذف قيد الجدة","شرح الوحدة نفسه يقول إن B(y-prime) يضاف في نهاية كل انتقال، كما أن A يجب أن يستثني الخانة المكتوب عليها x-prime","commit 9620cc73f9c8e0ad003c514a5d3748f29611c4c0; pinned content/turing-machines/undecidability/trakhtenbrot.tex lines 99--137; OLP-0273","confidence 1.00; A and B definitions plus the three adjacent transition cases independently replayed; two conjunct tokens corrected only","2026-08-15","Codex source replay","صححت العربية إطار الحركة اليسرى إلى A(x-prime,y) وأضافت B(y-prime)"
"finite model chooses domain bound max(k,len(w)) although its successor assignment and k-step run require the element k+1","use max(k+1,len(w)) as the upper endpoint of the finite domain","source_trakhtenbrot_finite_domain_bound_corrected_olp0273","إبقاء مجال ينتهي عند k مع حاجة البناء إلى خلفه؛ تغيير عدد خطوات التوقف؛ جعل المجال غير منته","التفسير يضم الأعداد من 0 إلى n ويجعل خلف n هو n، بينما تمثيل الانتقال الأخير يحتاج أن يكون k-prime ممثلًا قبل التشبع عند الحد","commit 9620cc73f9c8e0ad003c514a5d3748f29611c4c0; pinned content/turing-machines/undecidability/trakhtenbrot.tex lines 31--50 and 169--184; OLP-0273","confidence 1.00; finite domain, successor assignment, and k-step computation independently replayed; upper bound increased by one only","2026-08-15","Codex source replay","اختارت العربية n=max(k+1,len(w)) في البناء وفي البرهان"
"relation-representation definition uses Gamma in both clauses but leaves Gamma free in the defining sentence","state that the formula represents the relation in Gamma","source_relation_representation_theory_parameter_restored_olp0277","ترك النظرية بلا رابط في رأس التعريف؛ حذف Gamma من الشرطين؛ تغيير مفهوم التمثيل","تعريف الدالة السابق يربط Gamma صراحة، وفرعا تعريف العلاقة كلاهما يحكمان بما تثبته Gamma","commit 9620cc73f9c8e0ad003c514a5d3748f29611c4c0; pinned content/incompleteness/introduction/definitions.tex lines 269--288; OLP-0277","confidence 1.00; preceding parallel definition and both proof clauses independently replayed; phrase in Gamma added only","2026-08-15","Codex source replay","نصت العربية صراحة على أن الصيغة تمثل العلاقة في Gamma"
"overview states the consistency-only incompleteness theorem but then attributes a specific independent sentence to the ordinary Goedel-sentence construction","distinguish Rosser consistency-only independence from the original Goedel sentence, whose negation-unprovability needs a stronger hypothesis such as omega-consistency","source_incompleteness_overview_rosser_goedel_hypotheses_distinguished_olp0278","استنتاج استقلال جملة غودل الأصلية من الاتساق وحده؛ تقوية نص المبرهنة؛ حذف الإنشاء المحدد","الاتساق يمنع إثبات G الأصلية، أما منع إثبات نفيها بالحجة الأصلية فيحتاج فرضًا أقوى؛ تحسين روسر هو الذي يحقق الاستقلال من الاتساق وحده","commit 9620cc73f9c8e0ad003c514a5d3748f29611c4c0; pinned content/incompleteness/introduction/overview.tex lines 33--51; OLP-0278","confidence 1.00; theorem hypothesis, ordinary Goedel sentence argument, and Rosser refinement independently replayed; explanatory distinction added without changing theorem","2026-08-15","Codex source replay","ميزت العربية صراحة بين نتيجة روسر من الاتساق وحده واستقلال جملة غودل الأصلية تحت فرض أقوى"
"single-state Trakhtenbrot counterexample sends its only transition to an undefined state q","send the transition back to the declared sole state q_0","source_trakhtenbrot_single_state_transition_target_corrected_olp0273","إبقاء الحالة q غير المعرفة؛ إضافة حالة جديدة؛ تغيير رمز الشريط أو اتجاه الحركة","الآلة موصوفة صراحة بأنها ذات الحالة الوحيدة q_0، والمثال يحتاج حلقة ساكنة لا تغير التهيئة","commit 9620cc73f9c8e0ad003c514a5d3748f29611c4c0; pinned content/turing-machines/undecidability/trakhtenbrot.tex line 66; OLP-0273","confidence 1.00; sole-state declaration and intended stationary loop independently replayed; transition target corrected only","2026-08-16","Codex paired QA","كتبت العربية tuple(q_0,TMblank,TMstay)"
"the finite countermodel assigns successor at 1 in M-prime although the construction defines M-double-prime","make the assignment in M-double-prime","source_trakhtenbrot_countermodel_structure_name_corrected_olp0273","إبقاء M-prime في تعريف M-double-prime؛ تغيير قيمة الخلف؛ حذف تعيين العنصر 1","المجال وعلاقتا التفسير المحيطتان تحملان جميعًا البنية M-double-prime، ولا تُعرّف M-prime في هذا المثال","commit 9620cc73f9c8e0ad003c514a5d3748f29611c4c0; pinned content/turing-machines/undecidability/trakhtenbrot.tex line 68; OLP-0273","confidence 1.00; local structure definition independently replayed; structure superscript corrected only","2026-08-16","Codex paired QA","وحّدت العربية التعيين على M-double-prime"
"finite-model existence proof drops the formula marker from E(M,w)","use !E(M,w) in the satisfaction formula","source_trakhtenbrot_halts_sat_E_formula_marker_restored_olp0273","قراءة E بوصفها حدًا أو دالة؛ تغيير المقترن؛ حذف شرط النهاية","تعرف الوحدة !E(M,w) جملة، ويظهر المقترن نفسه بعلامة الصيغة في نص اللمة وفي الاتجاه العكسي","commit 9620cc73f9c8e0ad003c514a5d3748f29611c4c0; pinned content/turing-machines/undecidability/trakhtenbrot.tex line 177; OLP-0273","confidence 1.00; lemma statement and converse independently replayed; one formula marker restored only","2026-08-16","Codex paired QA","أعادت العربية علامة الصيغة في !E(M,w)"
"completion problem cites T instead of strengthened T-prime and drops the formula marker from E","prove satisfaction of !T-prime(M,w) and !E(M,w)","source_trakhtenbrot_completion_formula_pair_corrected_olp0273","الرجوع إلى T الأضعف وكتابة E بلا علامة الصيغة؛ تغيير البنية؛ حذف المسألة","المسألة تكمل اللمة السابقة نفسها، التي تنص على اقتران !T-prime و!E في البنية M-prime","commit 9620cc73f9c8e0ad003c514a5d3748f29611c4c0; pinned content/turing-machines/undecidability/trakhtenbrot.tex line 182; OLP-0273","confidence 1.00; immediately preceding lemma and proof independently replayed; two formula tokens corrected only","2026-08-16","Codex paired QA","أثبتت العربية Sat(M-prime,!T-prime(M,w) and !E(M,w))"
"contrapositive finite-model proof assumes the weaker T(M,w) although its hypothesis and subsequent entailment use T-prime(M,w)","assume the model satisfies !T-prime(M,w) and !E(M,w)","source_trakhtenbrot_contrapositive_model_hypothesis_corrected_olp0273","إضعاف فرض النموذج إلى T؛ تغيير اتجاه البرهان؛ حذف E","نص اللمة والسطر السابق والاستلزام التالي كلها تخص !T-prime، فلا يتبع المطلوب من نموذج T الأضعف","commit 9620cc73f9c8e0ad003c514a5d3748f29611c4c0; pinned content/turing-machines/undecidability/trakhtenbrot.tex line 193; OLP-0273","confidence 1.00; lemma hypothesis and following entailment independently replayed; prime restored only","2026-08-16","Codex paired QA","افترضت العربية نموذجًا لـ!T-prime(M,w) and !E(M,w)"
"diagonal decidability argument switches from the enumerated formula A_n to an unindexed A after substitution","retain A_n in both substituted occurrences","source_incompleteness_diagonal_formula_index_restored_olp0279","إدخال صيغة A غير معرفة؛ تغيير العدد القطري؛ حذف النفي","الخوارزمية تحسب A_n(x) ثم تستبدل numeral n فيها، وتعريف D في السطر السابق يستعمل A_n(n) صراحة","commit 9620cc73f9c8e0ad003c514a5d3748f29611c4c0; pinned content/incompleteness/introduction/undecidability.tex lines 37 and 39; OLP-0279","confidence 1.00; enumeration and defining display independently replayed; subscript restored in two occurrences only","2026-08-16","Codex paired QA","أبقت العربية A_n(n) في عمليتي البناء والاختبار"
"atomic-formula coding quantifies a term-code sequence z of arity n but omits the constraint len(z)=n","add \len{z}=n to the bounded witnesses","source_atom_coding_sequence_arity_constraint_restored_olp0284","السماح بمتتالية حدية بطول لا يساوي رتبة المحمول؛ تغيير سائر الشروط؛ حذف الشاهد z","طول متتالية الحدود يجب أن يساوي رتبة رمز المحمول كي يرمز flatten(z) قائمة وسائط صحيحة","commit 9620cc73f9c8e0ad003c514a5d3748f29611c4c0; pinned content/incompleteness/arithmetization-syntax/coding-formulas.tex lines 25--29; OLP-0284","confidence 1.00; predicate arity and adjacent term-sequence use independently replayed; one length equality added only","2026-08-16","Codex source replay","أضافت العربية الشرط \len{z}=n إلى الشهود المحدودين"
"formula-formation proof claims every element code and the code of their whole sequence are strictly less than x, although the last entry is the formula itself","choose a repetition-free formation sequence, bound its length by k=len(x), bound every entry code by x inclusively, and use the primitive-recursive sequence-code bound p_(k-1)^(k(x+1))","source_formula_formation_sequence_bound_corrected_olp0284","إبقاء القيد الصارم s_i<x مع أن s_{k-1}=s؛ إبقاء الادعاء بأن شفرة المتتالية أصغر من x؛ حذف الحد الفعلي؛ تغيير ترميز الصيغ","في متتالية تكوين بلا تكرار يكون كل عنصر صيغة جزئية، والطول لا يتجاوز k=len(x)، وشفرة كل عنصر لا تتجاوز x؛ ومن ترميز المتتاليات ينتج مثلًا الحد p_(k-1)^(k(x+1))","commit 9620cc73f9c8e0ad003c514a5d3748f29611c4c0; pinned content/incompleteness/arithmetization-syntax/coding-formulas.tex lines 47--52; OLP-0284","confidence 1.00; final-entry equality, repetition-free subformula count, inclusive element bound, and explicit sequence-code bound independently replayed","2026-08-16","Codex source replay","اختارت العربية متتالية بلا تكرار، وحدت طولها بـk=\len{x}، وشفرات عناصرها بـx على نحو شامل، وذكرت الحد $p_{k-1}^{k(x+1)}$"
"two displayed Goedel-code formulas contain terminal right parentheses not opened inside their \Gn arguments","remove the terminal right parenthesis after the consequent !A and the terminal right parenthesis after !A in the initial sequent","source_lk_example_stray_formula_parentheses_removed_olp0286","حذف القوسين الصحيحين حول !A land !B؛ إبقاء القوسين الطرفيين الزائدين؛ تغيير شجرة الاشتقاق","القوسان حول المقدمة المركبة مطلوبان، أما القوس بعد !A في كل من الموضعين فلا يقابله قوس فاتح داخل وسيط Gn","commit 9620cc73f9c8e0ad003c514a5d3748f29611c4c0; pinned content/incompleteness/arithmetization-syntax/proofs-in-lk.tex lines 86 and 88; OLP-0286","confidence 1.00; displayed derivation and encoded sequents independently replayed; two unmatched terminal tokens removed only","2026-08-16","Codex source replay","حفظت العربية (!A land !B) وحذفت فقط القوس الطرفي بعد التالي !A والقوس الطرفي في !A Sequent !A"
"LK coding alternates EndSequent and InitialSeq with the established EndSeq and InitSeq function names","use EndSeq and InitSeq consistently throughout the section","source_lk_end_and_initial_sequent_function_names_normalized_olp0286","الإبقاء على أسماء دوال متعارضة داخل القسم؛ تغيير حجج الدوال؛ حذف اختبارات التتابع","الدوال نفسها تقدم محليًا بأسماء EndSeq وInitSeq ويجب أن تتطابق جميع الإحالات الرسمية اللاحقة معها","commit 9620cc73f9c8e0ad003c514a5d3748f29611c4c0; pinned content/incompleteness/arithmetization-syntax/proofs-in-lk.tex lines 95--282; OLP-0286","confidence 1.00; local definitions and every later call independently replayed; names normalized only","2026-08-16","Codex source replay","استعملت العربية \fn{EndSeq} و\fn{InitSeq} في جميع المواضع"
"the right-exists inference test quantifies x and t but does not test that they code a variable and a closed term","conjoin \fn{Var}(x) and \fn{ClTerm}(t)","source_lk_right_exists_variable_and_closed_term_guards_restored_olp0286","السماح بشفرات اعتباطية للمتغير والحد؛ تقوية الحد إلى صيغة؛ تغيير قاعدة الاستدلال","وصف القاعدة السابق يقتضي متغيرًا x وحدًا مغلقًا t، ولا تضمن معادلات الترميز ذلك وحدها","commit 9620cc73f9c8e0ad003c514a5d3748f29611c4c0; pinned content/incompleteness/arithmetization-syntax/proofs-in-lk.tex lines 183--202; OLP-0286","confidence 1.00; rule statement and substitution equation independently replayed; two type guards added only","2026-08-16","Codex source replay","أضافت العربية \fn{Var}(x) و\fn{ClTerm}(t) قبل معادلتي التتابع"
"the LK correctness discussion switches from derivation-code parameter p to undefined d in two places","retain p in both the end-sequent prose and \fn{Deriv}(p)","source_lk_derivation_parameter_consistency_restored_olp0286","إدخال المتغير الحر d؛ تغيير الكمية المقيدة؛ إعادة تسمية المعلمات الأخرى","القضية وتعريف Correct والحد SubtreeSeq كلها تستخدم p، ولا يربط السياق d في هذين الموضعين","commit 9620cc73f9c8e0ad003c514a5d3748f29611c4c0; pinned content/incompleteness/arithmetization-syntax/proofs-in-lk.tex lines 204--214 and 236--246; OLP-0286","confidence 1.00; proposition parameter and defining formula independently replayed; d changed to p only","2026-08-16","Codex source replay","أبقت العربية p في شرح التتابع الختامي وفي \fn{Deriv}(p)"
"the bounded conjunction defining LK Deriv leaves the Correct call unclosed","close \fn{Correct}((\fn{SubtreeSeq}(p))_i) before the bounded-quantifier brace","source_lk_deriv_correct_parenthesis_restored_olp0286","إبقاء استدعاء Correct ناقصًا؛ تغيير حد التكميم؛ حذف شرط الصحة","توازن الصيغة وتطبيق الدالة أحادية الوسيط يقتضيان قوس الإغلاق قبل قوس وسيط bforall","commit 9620cc73f9c8e0ad003c514a5d3748f29611c4c0; pinned content/incompleteness/arithmetization-syntax/proofs-in-lk.tex line 246; OLP-0286","confidence 1.00; function arity and delimiter structure independently replayed; one right parenthesis added only","2026-08-16","Codex source replay","أغلقت العربية استدعاء \fn{Correct} قبل إنهاء وسيط التكميم"
"the prose formula for the right side of the end-sequent equates its sole entry to proof code x rather than formula code y","equate the sole right-side entry to y","source_lk_proof_target_formula_code_corrected_olp0286","إبقاء الطرف الأيمن مساويًا لشفرة البرهان x؛ تبديل وسيطي Prf؛ تغيير التعريف المعروض اللاحق","تعريف Prf يصرح بأن x شفرة الاشتقاق وy عدد غودل للصيغة !A، والمعادلة المعروضة اللاحقة تستعمل y","commit 9620cc73f9c8e0ad003c514a5d3748f29611c4c0; pinned content/incompleteness/arithmetization-syntax/proofs-in-lk.tex lines 261--282; OLP-0286","confidence 1.00; proposition statement and final definition independently replayed; x changed to y only","2026-08-16","Codex source replay","ساوت العربية المدخل الوحيد للطرف الأيمن بـy"
"the natural-deduction Correct definition leaves the rule alternatives ungrouped after a leading Sequent conjunct","bracket the full disjunction of rule and assumption cases","source_nd_correct_rule_disjunction_grouped_olp0287","ترك أولوية land وlor تجعل بعض البدائل تتجاوز شرط Sequent؛ تغيير البدائل؛ حذف حالة الفرض","شرط كون الناتج صيغة يجب أن يقترن بواحد من جميع بدائل صحة القاعدة لا بالبديل الأول وحده","commit 9620cc73f9c8e0ad003c514a5d3748f29611c4c0; pinned content/incompleteness/arithmetization-syntax/proofs-in-nd.tex lines 217--224; OLP-0287","confidence 1.00; intended predicate structure and parallel LK definition independently replayed; grouping brackets added only","2026-08-16","Codex source replay","وضعت العربية بدائل Correct كلها بين معقوفين بعد شرط Sequent"
"Subderiv treats tuple position zero as a child although it stores the child count","read the j-th child from tuple position j+1","source_nd_immediate_subderivation_child_offset_corrected_olp0287","قراءة عداد الأبناء بوصفه اشتقاقًا جزئيًا؛ تغيير مجال j؛ تغيير ترميز الأشجار","ترميز الاشتقاق يضع عدد الأبناء في الخانة صفر ثم الأبناء في الخانات 1 إلى العدد","commit 9620cc73f9c8e0ad003c514a5d3748f29611c4c0; pinned content/incompleteness/arithmetization-syntax/proofs-in-nd.tex lines 287--294; OLP-0287","confidence 1.00; derivation tuple layout and adjacent child traversal independently replayed; index shifted by one only","2026-08-16","Codex source replay","استعملت العربية (d-prime)_{j+1} مع إبقاء j دون عدد الأبناء"
"OpenAssum bounds candidate subsequence codes strictly below SubtreeSeq(d), excluding a possible code equal to the bound","use the inclusive bound s less than or equal to SubtreeSeq(d)","source_nd_open_assumption_candidate_path_bound_made_inclusive_olp0287","الإبقاء على الحد الصارم الذي قد يستبعد شاهدًا مساويًا؛ تغيير حلقة المسار الداخلية؛ تغيير فهرس الابن","الحد المتاح هو شفرة المتتالية الكاملة نفسها، والمتتالية المرشحة قد تبلغ هذا الحد؛ الحلقة الداخلية تبقى i<len(s)-1","commit 9620cc73f9c8e0ad003c514a5d3748f29611c4c0; pinned content/incompleteness/arithmetization-syntax/proofs-in-nd.tex lines 295--301; OLP-0287","confidence 1.00; path witness and inclusive code bound independently replayed; outer comparison changed only","2026-08-16","Codex source replay","استعملت العربية \bexists{s\leq\fn{SubtreeSeq}(d)} مع إبقاء (d-prime)_{j+1} وحلقة i<len(s)-1"
"the axiomatic QR test uses bounded variable j without binding it","prepend the missing bounded existential \bexists{j<i}","source_ax_qr_preceding_line_witness_bound_restored_olp0288","ترك j حرًا؛ تغيير شرط السبق؛ حذف السطر الشاهد","وصف القاعدة يشترط سطرًا سابقًا j<i وكل ظهور رسمي لاحق لـ(d)_j يعتمد على هذا الشاهد","commit 9620cc73f9c8e0ad003c514a5d3748f29611c4c0; pinned content/incompleteness/arithmetization-syntax/proofs-in-ax.tex lines 108--133; OLP-0288","confidence 1.00; prose rule and formal uses of j independently replayed; one bounded existential added only","2026-08-16","Codex source replay","أضافت العربية \bexists{j<i} خارج بقية الشهود"
"the recursive hCond clause calls Cond at n and therefore bypasses its own recursion","call \fn{hCond}(s,y,n) in the successor clause","source_ax_nested_conditional_recursive_call_corrected_olp0288","إبقاء الاستدعاء إلى Cond ذي الوسيطين مع ثلاثة وسائط؛ تغيير الحالة الأساسية؛ تغيير ترتيب المقدمات","اسم الدالة في رأس المعادلة وحالتها الأساسية وتكرار n كلها تقتضي استدعاء hCond الثلاثي","commit 9620cc73f9c8e0ad003c514a5d3748f29611c4c0; pinned content/incompleteness/arithmetization-syntax/proofs-in-ax.tex lines 195--202; OLP-0288","confidence 1.00; recursive schema and final Cond wrapper independently replayed; callee name corrected only","2026-08-16","Codex source replay","استدعت العربية \fn{hCond}(s,y,n) في الفرع العودي"
"the axiomatic QR prose says c does on occur and later bounds that of a by the formula on line j","say c does not occur and bound the code of c by the formula on line j","source_ax_qr_constant_wording_typos_corrected_olp0288","قراءة on بوصفها علاقة؛ إسناد الحد إلى a بدل c؛ تغيير الصيغ الرسمية","شرط المتغير المميز هو عدم ورود c في B، والتكميم الرسمي اللاحق يكتب c<(d)_j","commit 9620cc73f9c8e0ad003c514a5d3748f29611c4c0; pinned content/incompleteness/arithmetization-syntax/proofs-in-ax.tex lines 108--125; OLP-0288","confidence 1.00; enumerated conditions and formal bound independently replayed; two prose tokens corrected only","2026-08-16","Codex source replay","قالت العربية إن c لا يرد في B وإن عدد غودل لـc أصغر من عدد صيغة السطر j"
"the representability lemma states the uniqueness formula without saying that Q proves it","prefix the universally quantified uniqueness formula by \Th{Q}\Proves","source_q_representability_uniqueness_provability_restored_olp0291","قراءة صيغة التفرد بوصفها حقيقة ميتالغوية غير منسوبة للنظرية؛ تغيير الصيغة؛ حذف حجة التناقض","بند التمثيل المشار إليه هو قابلية إثبات التفرد في Q، والاستنتاج التالي يستعمل المنطق مع ما تثبته Q","commit 9620cc73f9c8e0ad003c514a5d3748f29611c4c0; pinned content/incompleteness/representability-in-q/representable-comp.tex lines 32--38; OLP-0291","confidence 1.00; cited representation clause and following proof step independently replayed; theory and provability marker restored only","2026-08-16","Codex source replay","سبقت العربية صيغة التفرد بـ\Th{Q}\Proves"
"the primitive-recursion paragraph names h with arguments x and vector z although the defining equations use vector x and y","write h(\vec x,y) in the signature sentence","source_primitive_recursion_h_argument_signature_corrected_olp0293","إبقاء متجه z غير المتسق والمتغير x المفرد؛ تغيير معادلتي العودية؛ تغيير رتبتي f وg","المعادلتان التاليتان تعرفان h على \vec x وy، مع f(\vec x) وg(\vec x,y,z)","commit 9620cc73f9c8e0ad003c514a5d3748f29611c4c0; pinned content/incompleteness/representability-in-q/prim-rec.tex lines 12--18; OLP-0293","confidence 1.00; displayed recursion equations and function arities independently replayed; signature arguments corrected only","2026-08-16","Codex source replay","كتبت العربية h(\vec x,y) في جملة التوقيع"
"axiomatizability / axiomatizable / c.e. / computably enumerable / decidable / represents; article-bearing text tokens","قابلية المحورة / قابلة للمحورة / قابلة للتعداد حسابيًا / قابلة للتعداد حسابيًا / قابلة للقرار / تمثّل؛ أداة التنكير فارغة","localized_texttoken_and_article_coverage_completed_through_olp0306","توريث البدائل الإنجليزية من إعداد المصدر؛ إبقاء a أو A قبل المصطلح العربي؛ حذف حوامل المصطلحات التنفيذية","أضيفت مفاتيح settexttoken الستة، وأضيفت بدائل a/A الفارغة لـdecidable وmain operator وoperator وundischarged وvariable مع إبقاء جميع المفاتيح العربية السابقة","Arabic glossary-carrier expansion and locale config through OLP-0306","48/48 localized settexttoken keys and all 30 article-bearing keys covered; bounded OLP-0283--0306 expansion has zero English fallback","2026-08-16","Codex source replay","حُفظت حوامل !! كما في المصدر، وتوسعت المواضع الـ241 في OLP-0283--0306 إلى بدائل عربية بلا رجوع إنجليزي"
"the composition exercise cites prop:rep2 for both proof obligations","cite prop:rep1 for the first obligation and prop:rep2 for the second","source_composition_exercise_first_reference_corrected_olp0295","إبقاء الإحالتين إلى القضية الثانية؛ تبديل الإحالة الثانية؛ حذف إحدى المهمتين","المطلوب الأول هو إثبات الوجود الذي تصرح به prop:rep1، أما المطلوب الثاني فهو إثبات التفرد الذي تصرح به prop:rep2","commit 9620cc73f9c8e0ad003c514a5d3748f29611c4c0; pinned content/incompleteness/representability-in-q/composition-representable.tex lines 92--99; OLP-0295","confidence 1.00; the two proposition statements and exercise obligations independently matched; first reference corrected only","2026-08-16","Codex source replay","أحالت العربية المهمة الأولى إلى prop:rep1 وأبقت الثانية محالة إلى prop:rep2"
"the successor-addition induction display attributes its final equality without the induction hypothesis and equality reasoning","justify the step by the induction hypothesis, Q5, and equality logic","source_successor_addition_induction_justification_completed_olp0296","نسبة الانتقال كله إلى Q5 وحدها؛ حذف فرض الاستقراء؛ تغيير معادلات الجمع","ينقل فرض الاستقراء مساواة a+b بالعدد الاسمي ثم تحول Q5 جمع الخلف إلى خلف الجمع، وتصل بينهما قواعد الهوية","commit 9620cc73f9c8e0ad003c514a5d3748f29611c4c0; pinned content/incompleteness/representability-in-q/minimization-representable.tex lines 50--59; OLP-0296","confidence 1.00; adjacent induction hypothesis, Q5, and equality chain independently replayed; justification completed only","2026-08-16","Codex source replay","نسبت العربية الخطوة إلى فرض الاستقراء والبديهية Q5 ومنطق المساواة"
"the trichotomy induction introduces witness c but later uses the unintroduced c-prime","retain c as the existential witness","source_trichotomy_existential_witness_corrected_olp0296","إدخال شاهد جديد غير مربوط؛ تغيير اتجاه المتباينة؛ حذف الوجود","الفقرة تختار c بحيث c-prime plus b equals numeral m ثم تستعمل المعادلة نفسها لإنتاج شاهد الحالة التالية","commit 9620cc73f9c8e0ad003c514a5d3748f29611c4c0; pinned content/incompleteness/representability-in-q/minimization-representable.tex lines 175--184, especially line 179; OLP-0296","confidence 1.00; witness introduction and subsequent Q5 transformation independently replayed; c-prime changed to c only","2026-08-16","Codex source replay","أبقت العربية c شاهدًا للوجود في الخطوات المتتابعة"
"the atomic-equality proof gives t2 the numeral for n although its value was named m","write t2 equals numeral m","source_atomic_completeness_second_term_value_corrected_olp0300","مساواة الحدين بالعدد الاسمي نفسه قبل فصل حالتي n=m وn لا يساوي m؛ تغيير تسمية القيم؛ حذف التعدي","الفرض المحلي يقرر أن قيمة t1 هي n وقيمة t2 هي m، ثم يقارن العددين الاسميين في الحالتين","commit 9620cc73f9c8e0ad003c514a5d3748f29611c4c0; pinned content/incompleteness/representability-in-q/sigma1-completeness.tex lines 112--121, especially line 116; OLP-0300","confidence 1.00; term valuations and following case split independently replayed; one numeral argument corrected only","2026-08-16","Codex source replay","كتبت العربية \Th{Q}\Proves\eq[t_2][\num m]"
"the positive atomic-less-than proof reverses the Q8 witness addends","use numeral k-prime plus numeral n, in that order","source_atomic_less_than_addend_order_corrected_olp0300","كتابة n ثم k-prime مع أن تعريف أقل من يضع الشاهد قبل الحد الأصغر؛ تغيير الشاهد؛ قلب طرفي المساواة","تعريف Q8 المستعمل هو x<y iff there exists z with z-prime+x=y، ولذلك يعوض z بالكاف وx بالنون","commit 9620cc73f9c8e0ad003c514a5d3748f29611c4c0; pinned content/incompleteness/representability-in-q/sigma1-completeness.tex lines 124--134, especially line 131; OLP-0300","confidence 1.00; displayed Q8 definition and substitution independently replayed; addend order corrected only","2026-08-16","Codex source replay","استعملت العربية \eq[{\num k}'+\num n][\num m]"
"the equal-value branch of the negative atomic-less-than proof states a negated successor-zero equation","derive the positive equation z-prime equals zero and contradict Q2","source_atomic_nonless_equal_case_equation_polarity_corrected_olp0300","إبقاء نفي المعادلة فلا ينشأ تناقض؛ تغيير حالة m=n؛ حذف Q2","من فرض الشاهد ومع m=n تستنتج المعادلة الموجبة التي تحظرها بديهية Q2 مباشرة","commit 9620cc73f9c8e0ad003c514a5d3748f29611c4c0; pinned content/incompleteness/representability-in-q/sigma1-completeness.tex lines 139--148, especially lines 145--147; OLP-0300","confidence 1.00; witness equation, equality case, and Q2 independently replayed; polarity and cited axiom corrected only","2026-08-16","Codex source replay","استنتجت العربية \eq[z'][\Obj 0] وصرحت بتناقضها مع Q2"
"the m-less-than-n branch invokes the wrong arithmetic axiom for its successor-zero contradiction","cite Q2 after Q5 yields a successor equal to zero","source_atomic_nonless_strict_case_contradiction_axiom_corrected_olp0300","نسبة التناقض النهائي إلى Q5؛ حذف تحويل Q5؛ تغيير ترتيب n وm","تستعمل Q5 أولًا لإعادة كتابة المجموع في صورة خلف، ثم تحظر Q2 مساواة أي خلف بالصفر","commit 9620cc73f9c8e0ad003c514a5d3748f29611c4c0; pinned content/incompleteness/representability-in-q/sigma1-completeness.tex lines 147--150; OLP-0300","confidence 1.00; Q5 rewrite and Q2 successor-zero axiom independently replayed; contradiction citation corrected only","2026-08-16","Codex source replay","قالت العربية إن المعادلة الناتجة بحسب Q5 تناقض Q2"
"the bounded-universal base case calls the k-equals-zero expansion an empty disjunction","call it an empty conjunction","source_bounded_universal_empty_conjunction_corrected_olp0300","الإبقاء على انفصال فارغ يساوي الكذب بدل اقتران فارغ يساوي الصدق؛ تغيير حالة الأساس؛ حذف التكافؤ","التوسع المعروض للصيغة الكلية المحدودة اقتران من الحالات الأصغر من k، وعند k=0 لا توجد عوامل","commit 9620cc73f9c8e0ad003c514a5d3748f29611c4c0; pinned content/incompleteness/representability-in-q/sigma1-completeness.tex lines 163--171, especially line 168; OLP-0300","confidence 1.00; bounded-universal expansion and zero bound independently replayed; connective name corrected only","2026-08-16","Codex source replay","سمت العربية حالة k=0 اقترانًا خاليًا"
"the fourth introductory list item leaves the theorem reference parenthesis unopened","restore the opening parenthesis before the reference","source_theories_computability_reference_parenthesis_restored_olp0302","إبقاء قوس إغلاق بلا مقابل؛ حذف الإحالة؛ تغيير عنصر القائمة","العناصر الثلاثة السابقة تحيط الإحالة بقوسين، والإغلاق موجود بعد هذه الإحالة أيضًا","commit 9620cc73f9c8e0ad003c514a5d3748f29611c4c0; pinned content/incompleteness/theories-computability/introduction.tex lines 23--29, especially line 28; OLP-0302","confidence 1.00; parallel list topology and delimiter balance independently checked; one opening parenthesis restored only","2026-08-16","Codex source replay","وضعت العربية قوس الفتح قبل \olref[req][rel]{thm:representing-rels}"
"the concluding reduction uses metalevel T inside two object-language existential sentences","use the representing object formula !A_T in both sentences","source_q_ce_object_formula_restored_olp0303","إدخال المحمول الميتالغوي في جملة لغة الحساب؛ تغيير علاقة كليني السابقة؛ حذف الاختزال","شفرة الاختزال يجب أن تكون لجملة من لغة الحساب، والصيغة !A_T هي التي عرّفت قبل ذلك بوصفها ممثلة للمحمول T","commit 9620cc73f9c8e0ad003c514a5d3748f29611c4c0; pinned content/incompleteness/theories-computability/q-is-ce.tex lines 47--51; OLP-0303","confidence 1.00; representing-formula introduction and coded-sentence requirement independently replayed; two formula markers restored only","2026-08-16","Codex source replay","استعملت العربية !A_T في وصف الجملة وفي تعريف الدالة المختزلة"
"the label thm:oconsis-q is attached to the omega-consistency definition rather than the following theorem","move the label into the theorem environment","source_omega_consistency_theorem_label_relocated_olp0304","إبقاء إحالات theorem على تعريف؛ تغيير اسم الوسم؛ حذف التعريف أو المبرهنة","الوسم يبدأ بـthm وتستعمله الوحدة التالية بوصفه المبرهنة التي تضعف فرضها إلى الاتساق العادي","commit 9620cc73f9c8e0ad003c514a5d3748f29611c4c0; pinned content/incompleteness/theories-computability/oconsis-ext-of-q-undec.tex lines 25--36; OLP-0304","confidence 1.00; environment boundaries and downstream theorem reference independently checked; label relocated only","2026-08-16","Codex source replay","وضعت العربية \ollabel{thm:oconsis-q} داخل بيئة thm"
"the universal-relation proof applies the metalevel relation S to numeral terms twice","write S(n) and not S(n), leaving numerals only inside the represented object formulas","source_universal_relation_meta_argument_corrected_olp0305","إسناد حد من لغة الموضوع إلى علاقة ميتالغوية؛ إزالة الأعداد الاسمية من D_S؛ تغيير متغير الحالة","العلاقة S معرفة على الأعداد الطبيعية n، أما D_S فهي الصيغة التي تأخذ العدد الاسمي \num n داخل النظرية","commit 9620cc73f9c8e0ad003c514a5d3748f29611c4c0; pinned content/incompleteness/theories-computability/extensions-of-q-not-decidable.tex lines 58--68, especially lines 60 and 65; OLP-0305","confidence 1.00; metalanguage/object-language levels independently replayed; two S arguments corrected only","2026-08-16","Codex source replay","كتبت العربية S(n) و\lnot S(n) وأبقت \num n في D_S"
"the axiomatizable-theory proof claims to decide membership by searching for a derivation","semidecide membership by that one-sided search","source_axiomatizable_membership_semidecision_corrected_olp0306","ادعاء قرار العضوية مع أن البحث قد لا يتوقف في حالة عدم الانتماء؛ حذف البحث؛ تغيير مجموعة البديهيات","وجود الاشتقاق شاهد منته يمكن البحث عنه، فيتوقف البحث عند الانتماء فقط ويثبت قابلية التعداد الحسابي المطلوبة","commit 9620cc73f9c8e0ad003c514a5d3748f29611c4c0; pinned content/incompleteness/theories-computability/computably-axiomatizable.tex lines 25--34, especially lines 26--27; OLP-0306","confidence 1.00; lemma conclusion and search behavior independently replayed; decision claim weakened to semidecision only","2026-08-16","Codex source replay","قالت العربية لشبه تقرير ما إذا كان !A\in T ابحث عن اشتقاق له"
"Arabic combining-mark order in المعرِّفة was not NFC","المعرِّفة","target_nfc_mark_order_normalized_olp0296","إبقاء الكسرة بعد الشدة في ترتيب التخزين؛ حذف العلامات؛ تغيير الكلمة","أعيد ترتيب الكسرة والشدة ترتيبًا قانونيًا من دون تغيير الحروف أو المعنى أو العرض المقصود","locale/ar/content/incompleteness/representability-in-q/minimization-representable.tex line 106; OLP-0296","exact two-codepoint canonical reordering; NFC and formal replay pass","2026-08-16","Codex paired replay","حُفظت الكلمة نفسها دلاليًا وصارت NFC"
"Arabic combining-mark order in لنسمِّ was not NFC","لنسمِّ","target_nfc_mark_order_normalized_olp0305","إبقاء الكسرة بعد الشدة في ترتيب التخزين؛ حذف العلامات؛ تغيير الفعل","أعيد ترتيب الكسرة والشدة ترتيبًا قانونيًا من دون تغيير الحروف أو المعنى أو العرض المقصود","locale/ar/content/incompleteness/theories-computability/extensions-of-q-not-decidable.tex line 70; OLP-0305","exact two-codepoint canonical reordering; NFC and formal replay pass","2026-08-16","Codex paired replay","حُفظ الفعل نفسه دلاليًا وصار NFC"
"the second simultaneous search omits the theory from which the derivation of not A is sought","say a derivation of \lnot !A from~\Th{T}","source_complete_decidable_negation_search_theory_restored_olp0307","إبقاء البحث الثاني بلا نظرية أصل؛ إسناده إلى نظرية أخرى؛ حذف البحث المتوازي","قرار العضوية يعتمد على البحث المتوازي عن اشتقاقي !A ونفيها من النظرية الكاملة نفسها T","commit 9620cc73f9c8e0ad003c514a5d3748f29611c4c0; pinned content/incompleteness/theories-computability/complete-decidable.tex lines 26--30, especially line 28; OLP-0307","confidence 1.00; parallel search and completeness argument independently replayed; from T restored only","2026-08-16","Codex source replay","قالت العربية إن البحث الثاني عن اشتقاق \lnot !A من~\Th{T}"
"the complement-membership paragraph calls A a formula although membership in a theory applies here to a sentence","use !!a{sentence} for !A","source_complete_decidable_complement_member_sort_corrected_olp0307","إبقاء حامل formula؛ حذف حامل النوع؛ تغيير الرمز !A","المجال في البرهان هو تقرير عضوية الجمل في النظرية، وتكافؤ عضوية !A مع عضوية نفيها في المتممة يقتضي جملة","commit 9620cc73f9c8e0ad003c514a5d3748f29611c4c0; pinned content/incompleteness/theories-computability/complete-decidable.tex lines 32--36, especially line 34; OLP-0307","confidence 1.00; theorem domain and complement equivalence independently replayed; carrier key corrected only","2026-08-16","Codex source replay","استعملت العربية الحامل التنفيذي !!a{sentence} مع !A"
"the proof assumes a complete axiomatized theory where the needed hypothesis is axiomatizability","use !!{axiomatizable}","source_first_incompleteness_axiomatizable_carrier_corrected_olp0308","إبقاء axiomatized بما يوحي بمجموعة بديهيات معيّنة؛ حذف فرض الفعالية؛ تغيير التمام","الاستلزام المستعمل هو أن النظرية التامة القابلة للمحورة قابلة للقرار، لا مجرد كونها مزودة ببديهيات ما","commit 9620cc73f9c8e0ad003c514a5d3748f29611c4c0; pinned content/incompleteness/theories-computability/first-incompleteness.tex lines 20--24, especially line 22; OLP-0308","confidence 1.00; preceding lemma and decidability implication independently replayed; carrier key corrected only","2026-08-16","Codex source replay","استعملت العربية الحامل التنفيذي !!{axiomatizable}"
"the metalanguage relation S is applied twice to object-language numeral terms","write S(n) and \lnot S(n)","source_inseparability_meta_relation_arguments_corrected_olp0309","إبقاء \num n وسيطًا لعلاقة ميتالغوية؛ حذف الأعداد الاسمية من الصيغ الممثلة؛ تغيير المتغير","العلاقة القابلة للحساب S تأخذ العدد الطبيعي n، أما الصيغة الممثلة D_S فتأخذ العدد الاسمي \num n داخل النظرية","commit 9620cc73f9c8e0ad003c514a5d3748f29611c4c0; pinned content/incompleteness/theories-computability/inseparability.tex lines 34--44, especially lines 36 and 41; OLP-0309","confidence 1.00; metalanguage/object-language levels independently replayed; two S arguments corrected only","2026-08-16","Codex source replay","كتبت العربية S(n) و\lnot S(n) وأبقت \num n في !D_S"
"the code of the representing formula inserts a numeral constructor around its free variable u","write \#(!D_S(u))","source_inseparability_formula_code_argument_corrected_olp0309","ترميز !D_S(\num u) مع أن u متغير صوري لا عدد ميتالغوي؛ تغيير دالة الاختزال؛ حذف الترميز","الدالة المختزلة ترسل y إلى شفرة الصيغة المفتوحة !D_S(u)، بينما الإحلال العددي يقع لاحقًا عند اختبار n","commit 9620cc73f9c8e0ad003c514a5d3748f29611c4c0; pinned content/incompleteness/theories-computability/inseparability.tex lines 34--45, especially line 45; OLP-0309","confidence 1.00; preceding representation equations and reduction variable independently replayed; numeral constructor removed only","2026-08-16","Codex source replay","استعملت العربية R(\#(!D_S(u)),y)"
"the ZFC corollary rules out every decidable extension rather than every consistent decidable extension","add consistent to the extension hypothesis","source_interpretability_zfc_extension_consistency_restored_olp0311","الإبقاء على الدعوى الأقوى الكاذبة؛ حذف شرط القرار؛ تغيير النظرية ZFC","لـZFC امتدادات غير متسقة قابلة للقرار، أما نقل عدم القرار عبر تفسير Q فيحتاج اتساق الامتداد","commit 9620cc73f9c8e0ad003c514a5d3748f29611c4c0; pinned content/incompleteness/theories-computability/interpretability.tex lines 33--38, especially line 37; OLP-0311","confidence 1.00; corollary context and inconsistent-extension counterexample independently checked; consistency restored only","2026-08-16","Codex source replay","قالت العربية إنه لا يوجد امتداد متسق قابل للقرار لـ\Th{ZFC}"
"the Presburger paragraph says sentences are true in the language of arithmetic","say they are true in the standard model","source_presburger_truth_structure_corrected_olp0311","إسناد الصدق إلى لغة بلا بنية تفسيرية؛ تغيير توقيع اللغة؛ تغيير قابلية القرار","الصدق الدلالي ينسب إلى نموذج، والنتيجة المقصودة هي نظرية البنية القياسية تحت التوقيع المعروض","commit 9620cc73f9c8e0ad003c514a5d3748f29611c4c0; pinned content/incompleteness/theories-computability/interpretability.tex lines 61--67, especially lines 65--66; OLP-0311","confidence 1.00; signature and Presburger decision result independently replayed; truth bearer corrected only","2026-08-16","Codex source replay","نسبت العربية صدق الجمل إلى النموذج القياسي"
"the section metadata misspells interpretability as intepretability","write % Section: interpretability","source_interpretability_section_metadata_corrected_olp0311","إبقاء التهجئة الخاطئة؛ تغيير معرّف القسم؛ حذف التعليق","اسم الملف وموضوع القسم كلاهما interpretability","commit 9620cc73f9c8e0ad003c514a5d3748f29611c4c0; pinned content/incompleteness/theories-computability/interpretability.tex line 3; OLP-0311","confidence 1.00; filename and section content independently matched; comment spelling corrected only","2026-08-16","Codex source replay","صححت العربية تعليق القسم إلى % Section: interpretability"
"the chapter metadata names first-incompleteness instead of incompleteness-provability","write % Chapter: incompleteness-provability","source_incompleteness_provability_chapter_metadata_corrected_olp0312","إبقاء اسم فصل آخر؛ تغيير مسارات الاستيراد؛ حذف التعليق","الوحدة هي ملف تجميع فصل incompleteness-provability وتستورد وحداته التسع","commit 9620cc73f9c8e0ad003c514a5d3748f29611c4c0; pinned content/incompleteness/incompleteness-provability/incompleteness-provability.tex line 2; OLP-0312","confidence 1.00; file path and imported chapter units independently matched; comment value corrected only","2026-08-16","Codex source replay","صححت العربية تعليق الفصل إلى % Chapter: incompleteness-provability"
"the informal second incompleteness statement omits consistency from the theory hypothesis","say no sufficiently strong consistent theory of arithmetic can prove its own consistency","source_second_incompleteness_consistency_hypothesis_restored_olp0313","الإبقاء على منع يشمل النظريات غير المتسقة؛ حذف القوة الكافية؛ تغيير نتيجة الاتساق","كل نظرية غير متسقة تثبت كل جملة ومنها صيغة اتساقها، لذلك شرط الاتساق لازم لصحة الصياغة","commit 9620cc73f9c8e0ad003c514a5d3748f29611c4c0; pinned content/incompleteness/incompleteness-provability/introduction.tex lines 28--35, especially lines 32--33; OLP-0313","confidence 1.00; inconsistent-theory counterexample and later theorem hypothesis independently checked; consistency restored only","2026-08-16","Codex source replay","قالت العربية لا تستطيع أي نظرية حساب متسقة وقوية بما يكفي أن تثبت اتساقها"
"the Rosser proof names the source theory as bare T rather than the theory macro","write from~\Th{T}","source_rosser_derivation_theory_macro_restored_olp0316","إبقاء T عاديًا بخلاف جميع أسماء النظرية المحيطة؛ تغيير مصدر الاشتقاق؛ حذف العبارة","الاشتقاق المفترض هو اشتقاق جملة روسر من النظرية \Th{T} التي يثبت البرهان عدم تمامها","commit 9620cc73f9c8e0ad003c514a5d3748f29611c4c0; pinned content/incompleteness/incompleteness-provability/rosser-thm.tex lines 66--69, especially line 67; OLP-0316","confidence 1.00; local theorem notation and represented proof relation independently matched; theory macro restored only","2026-08-16","Codex source replay","كتبت العربية من~\Th{T}"
"the PA provability formula existentially quantifies the metalevel proof relation rather than its representing object formula","use \OPrf[\Th{PA}] inside the object formula","source_pa_provability_object_proof_predicate_corrected_olp0318","إبقاء \Prf داخل صيغة لغة الموضوع؛ تغيير النظرية؛ حذف التكميم الوجودي","الفقرة تميز صراحة العلاقة القابلة للحساب Prf عن الصيغة OPrf التي تمثلها ثم تعرف OProv بصيغة موضوعية","commit 9620cc73f9c8e0ad003c514a5d3748f29611c4c0; pinned content/incompleteness/incompleteness-provability/provability-conditions.tex lines 31--36, especially line 35; OLP-0318","confidence 1.00; representation sentence and object-language definition independently replayed; proof predicate corrected only","2026-08-16","Codex source replay","عرّفت العربية \OProv[\Th{PA}](y) باستعمال \OPrf[\Th{PA}](x,y)"
"the executable !!{derive} carrier expands to an infinitive and requires an Arabic governing modal construction","govern !!{derive} with يمكن لـ / يكون في وسع / تستطيع / تتمكن من as syntax requires","arabic_derive_carrier_governance_corrected_olp0314_0315_0316_0318","ترك المصدر المنطقي العربي بلا عامل يسند المصدر؛ تغيير مفتاح الحامل أو ترتيبه؛ تحويله إلى نص خام","يحافظ الإصلاح على بايتات !!{derive} وترتيب الحوامل ويصحح الإسناد العربي فقط","locale/ar/content/incompleteness/incompleteness-provability/fixed-point-lemma.tex line 88; first-incompleteness-thm.tex line 94; rosser-thm.tex lines 62--63 and 92; provability-conditions.tex line 35; OLP-0314/0315/0316/0318","confidence 1.00; bounded paired expansion replay; six carrier-preserving grammar replacements","2026-08-16","Codex paired-QA replay","استعملت العربية يمكن لـ، يكون في وسع، تستطيع، وتتمكن من وفق سياق كل حامل"
"the second-incompleteness proof uses the metalevel provability relation inside an object-language formula","use \OProv instead of \Prov in the object formula","source_second_incompleteness_object_provability_predicate_corrected_olp0319","إبقاء \Prov في صيغة لغة الموضوع؛ تغيير النظرية؛ حذف النفي","السياق صيغة حسابية داخل ترميز غودل ويستعمل في بقية البرهان المحمول الموضوعي \OProv","commit 9620cc73f9c8e0ad003c514a5d3748f29611c4c0; pinned content/incompleteness/incompleteness-provability/second-incompleteness-thm.tex line 43; OLP-0319","confidence 1.00; object/metalevel distinction and surrounding formulas independently matched","2026-08-16","Codex source oracle","استعملت العربية \OProv في الصيغة الموضوعية"
"the second-incompleteness proof contains the duplicated connective phrase by from","remove the stray by and retain from","source_second_incompleteness_proof_annotation_typo_removed_olp0319","ترجمة الكلمتين معًا؛ حذف from؛ تغيير مرجع السطر","العبارة تقدم مصدر النتيجة في سلسلة الاشتقاق ولا تقبل by from نحويًا","commit 9620cc73f9c8e0ad003c514a5d3748f29611c4c0; pinned content/incompleteness/incompleteness-provability/second-incompleteness-thm.tex line 69; OLP-0319","confidence 1.00; local proof-annotation syntax independently replayed","2026-08-16","Codex source oracle","صاغت العربية الإحالة إلى المصدر بلا تكرار"
"the second-incompleteness proof sentence lacks its governing verb before just the derivability conditions","restore uses/involves just","source_second_incompleteness_logic_sentence_verb_restored_olp0319","إبقاء العبارة الاسمية المبتورة؛ إضافة ادعاء أقوى؛ تغيير شروط الاشتقاق","الفاعل والجملة التابعة يحتاجان فعلًا وتدل الحجة على الاقتصار على شروط الاشتقاق","commit 9620cc73f9c8e0ad003c514a5d3748f29611c4c0; pinned content/incompleteness/incompleteness-provability/second-incompleteness-thm.tex line 87; OLP-0319","confidence 1.00; grammar and proof dependency independently checked","2026-08-16","Codex source oracle","صرحت العربية بأن الحجة لا تستعمل إلا شروط الاشتقاق"
"the Gödel code in the second-incompleteness substitution omits the object-formula marker on G","write \gn{!G}","source_second_incompleteness_godel_code_marker_restored_olp0319","إبقاء \gn{G}؛ تغيير اسم الجملة؛ حذف عامل الترميز","جميع المواضع المجاورة ترمز الصيغة الموضوعية !G لا الرمز الميتالغوي العاري G","commit 9620cc73f9c8e0ad003c514a5d3748f29611c4c0; pinned content/incompleteness/incompleteness-provability/second-incompleteness-thm.tex line 94; OLP-0319","confidence 1.00; local substitution and fixed-point notation independently matched","2026-08-16","Codex source oracle","كتبت العربية \gn{!G}"
"the generalized consistency formula uses bare T instead of the theory macro","write \OCon[\Th{T}]","source_second_incompleteness_consistency_theory_macro_restored_olp0319","إبقاء T عاريًا؛ تغيير النظرية؛ حذف وسيط \OCon","المقطع يعمم النتيجة من PA إلى نظرية مسماة دائمًا بالماكرو \Th{T}","commit 9620cc73f9c8e0ad003c514a5d3748f29611c4c0; pinned content/incompleteness/incompleteness-provability/second-incompleteness-thm.tex line 102; OLP-0319","confidence 1.00; surrounding theory notation independently matched","2026-08-16","Codex source oracle","استعملت العربية \OCon[\Th{T}]"
"the introductory nonderivability claim in the Löb section omits the consistency hypothesis","qualify nonderivability by consistency of \Th{T}","source_lob_nonderivability_consistency_guard_restored_olp0320","إطلاق عدم الاشتقاق على النظرية غير المتسقة؛ حذف الجملة؛ اشتراط تمام أقوى","النظرية غير المتسقة تشتق كل جملة، لذلك يلزم الاتساق لصحة عدم الاشتقاق","commit 9620cc73f9c8e0ad003c514a5d3748f29611c4c0; pinned content/incompleteness/incompleteness-provability/lob-thm.tex line 18; OLP-0320","confidence 1.00; inconsistent-theory counterexample independently checked","2026-08-16","Codex source oracle","قيدت العربية عدم قابلية الاشتقاق باتساق \Th{T}"
"the statement of Löb's theorem does not sort !A as a sentence","state that !A is !!a{sentence}","source_lob_theorem_sentence_sort_restored_olp0320","ترك !A بلا قيد نحوي؛ تسميتها صيغة مفتوحة؛ تغيير فرض النظرية","مبرهنة لوب تتعلق بجملة ويستعمل برهانها ترميز غودل لها بلا تعيين","commit 9620cc73f9c8e0ad003c514a5d3748f29611c4c0; pinned content/incompleteness/incompleteness-provability/lob-thm.tex lines 48--52; OLP-0320","confidence 1.00; theorem use and fixed-point construction independently matched","2026-08-16","Codex source oracle","صرحت العربية بأن !A جملة"
"the Tarski proof calls the fixed-point witness a formula although the application requires a closed sentence","use sentence for !A","source_tarski_fixed_point_sentence_sort_corrected_olp0321","تسميتها صيغة قد تكون مفتوحة؛ تغيير الشاهد؛ حذف تطبيق لمّة النقطة الثابتة","الشاهد الناتج من لمّة النقطة الثابتة في هذا السياق جملة مغلقة","commit 9620cc73f9c8e0ad003c514a5d3748f29611c4c0; pinned content/incompleteness/incompleteness-provability/tarski-thm.tex line 90; OLP-0321","confidence 1.00; fixed-point sort and satisfaction use independently matched","2026-08-16","Codex source oracle","سمّت العربية !A جملة"
"the final Tarski paragraph says a the truth predicate","remove the duplicated indefinite article","source_tarski_truth_predicate_article_typo_removed_olp0321","ترجمة a the حرفيًا؛ حذف أداة التعريف؛ تغيير المصطلح","التركيب الإنجليزي خطأ طباعي ظاهر والمقصود محمول الصدق المعين للغة","commit 9620cc73f9c8e0ad003c514a5d3748f29611c4c0; pinned content/incompleteness/incompleteness-provability/tarski-thm.tex line 113; OLP-0321","confidence 1.00; grammatical correction only","2026-08-16","Codex source oracle","قالت العربية محمول الصدق للغة"
"the standard-semantics clause gives an n-place function the one-place domain \Domain{M}","use \Domain{M}^n \to \Domain{M}","source_sol_function_assignment_domain_power_restored_olp0324","إبقاء مجال الدالة \Domain{M}؛ تغيير المجال المقابل؛ تغيير رتبة الدالة","الدالة ذات n مواضع تأخذ n-tuples من عناصر المجال","commit 9620cc73f9c8e0ad003c514a5d3748f29611c4c0; pinned content/second-order-logic/syntax-and-semantics/introduction.tex lines 39--40; OLP-0324","confidence 1.00; arity signature independently checked","2026-08-16","Codex source oracle","كتبت العربية \Domain{M}^n إلى \Domain{M}"
"the final second-order example inconsistently omits \Obj around occurrences of v_0","normalize both arguments to \Obj{v_0}","source_sol_predicate_example_object_variable_normalized_olp0324","إبقاء \Obj v_0 وv_0 العاري؛ تغيير المتغير؛ تغيير المحمول","الصيغة النموذجية السابقة تستعمل \Obj{v_0} في الموضعين نفسيهما","commit 9620cc73f9c8e0ad003c514a5d3748f29611c4c0; pinned content/second-order-logic/syntax-and-semantics/introduction.tex lines 54--55; OLP-0324","confidence 1.00; parallel formula independently matched","2026-08-16","Codex source oracle","وحّدت العربية الوسيطين إلى \Obj{v_0}"
"the denumerable adjective carrier is incorrectly pluralized by an executable s suffix in two list items","remove the suffix and retain !!{denumerable}","source_sol_denumerable_carrier_plural_suffix_removed_olp0325","إبقاء !!{denumerable}s؛ حذف الحامل؛ تغيير المفتاح","المفتاح صفة ثابتة في إعداد العربية وصيغة الجمع التنفيذية تنتج صرفًا غير ملائم","commit 9620cc73f9c8e0ad003c514a5d3748f29611c4c0; pinned content/second-order-logic/syntax-and-semantics/terms-formulas.tex lines 25 and 27; OLP-0325","confidence 1.00; both parallel list items corrected identically","2026-08-16","Codex source oracle","استعملت العربية !!{denumerable} بلا لاحقة s في الموضعين"
"the second-order assignment definition gives n-place functions the one-place domain \Domain{M}","use \Domain{M}^n \to \Domain{M}","source_sol_assignment_function_domain_power_restored_olp0326","إبقاء \Domain{M} مجالًا للدالة؛ تغيير المجال المقابل؛ تغيير الرتبة","تعيين متغير دالي ذي n مواضع يجب أن يكون دالة على القوة الديكارتية n","commit 9620cc73f9c8e0ad003c514a5d3748f29611c4c0; pinned content/second-order-logic/syntax-and-semantics/satisfaction.tex lines 30--32; OLP-0326","confidence 1.00; arity semantics independently checked","2026-08-16","Codex source oracle","استعملت العربية \Domain{M}^n مجالًا للدوال ذات n مواضع"
"the structure-assignment prose conflates predicate symbols with their relation values","state that predicates receive relations and function symbols receive functions","source_sol_structure_assignment_predicate_relation_scope_restored_olp0326","إسناد محمول إلى محمول؛ حذف العلاقات؛ قلب إسناد الدوال والمحمولات","دلالة البنية تسند قيمًا دلالية من النوع الموافق لكل فئة من الرموز","commit 9620cc73f9c8e0ad003c514a5d3748f29611c4c0; pinned content/second-order-logic/syntax-and-semantics/satisfaction.tex lines 37--40; OLP-0326","confidence 1.00; semantic type signatures independently checked","2026-08-16","Codex source oracle","قالت العربية إن البنية تسند علاقات إلى المحمولات ودوالًا إلى الرموز الدالية"
"three substitution definitions put only the fresh variable y on the left-hand side","write \Subst{s}{m}{x}(y), \Subst{s}{R}{X}(y), and \Subst{s}{f}{u}(y)","source_sol_substitution_assignment_lhs_application_restored_olp0326","إبقاء \Subst{s}{m}{y} ونظيريه؛ تغيير الحالات اليمنى؛ حذف وسيط التطبيق","المعرّف هو التعيين المعدل مطبقًا على وسيط اعتباطي y","commit 9620cc73f9c8e0ad003c514a5d3748f29611c4c0; pinned content/second-order-logic/syntax-and-semantics/satisfaction.tex lines 69, 76, and 83; OLP-0326","confidence 1.00; all three parallel definitions repaired","2026-08-16","Codex source oracle","أعادت العربية أسماء التعيينات المعدلة كاملة في الجوانب اليسرى الثلاثة"
"the relation-variable substitution uses M both for the structure and for the relation value","rename the relation value consistently to R","source_sol_relation_assignment_value_symbol_corrected_olp0326","إبقاء M قيمةً للعلاقة؛ تغيير رمز البنية؛ استعمال رموز مختلفة داخل تعريف واحد","الفصل بين \Struct{M} وقيمة العلاقة يمنع تصادم النوع والرمز","commit 9620cc73f9c8e0ad003c514a5d3748f29611c4c0; pinned content/second-order-logic/syntax-and-semantics/satisfaction.tex lines 73--79 and 98--104; OLP-0326","confidence 1.00; declaration and both quantifier clauses normalized consistently","2026-08-16","Codex source oracle","استعملت العربية R لقيمة العلاقة في التعريف والبندين"
"the proper-subset example reuses M for both the structure and its subset","rename the subset witness to N","source_sol_example_subset_symbol_corrected_olp0326","إبقاء M للمجموعة والبنية معًا؛ تغيير المجال؛ حذف شرط الجزء الحقيقي","الشاهد مجموعة جزئية من \Domain{M} لا البنية نفسها","commit 9620cc73f9c8e0ad003c514a5d3748f29611c4c0; pinned content/second-order-logic/syntax-and-semantics/satisfaction.tex line 182; OLP-0326","confidence 1.00; witness occurrences changed consistently","2026-08-16","Codex source oracle","استعملت العربية N لشاهد المجموعة الجزئية"
"the conjunction encoding lacks grouping around the nested conditional antecedent","write ((!A \lif (!B \lif C)) \lif C) inside the universal closure","source_sol_conjunction_encoding_parentheses_restored_olp0326","إبقاء الأقواس الملتبسة؛ تغيير الروابط؛ حذف الإغلاق الكلي","الترميز القياسي للاجتماع يجعل الشرطية المتداخلة كلها مقدمًا للشرطية الخارجية","commit 9620cc73f9c8e0ad003c514a5d3748f29611c4c0; pinned content/second-order-logic/syntax-and-semantics/satisfaction.tex lines 203--204; OLP-0326","confidence 1.00; parse tree independently checked","2026-08-16","Codex source oracle","وضعت العربية الأقواس حول الشرطية المتداخلة كاملة"
"the injectivity formula uses the metalanguage arrow \to rather than the object-language conditional \lif","replace \to with \lif","source_sol_injectivity_implication_macro_corrected_olp0329","إبقاء \to داخل الصيغة؛ تغيير المساواة؛ حذف التكميم","الصيغة من لغة الموضوع وتستعمل \lif في النسخة الوجودية اللاحقة","commit 9620cc73f9c8e0ad003c514a5d3748f29611c4c0; pinned content/second-order-logic/syntax-and-semantics/inf-count.tex line 21; OLP-0329","confidence 1.00; parallel second-order formula independently matched","2026-08-16","Codex source oracle","استعملت العربية \lif"
"the converse infinitude proof treats s(u)=f itself as a variable assignment","choose a variable assignment s satisfying s(u)=f","source_sol_infinite_converse_assignment_constructed_olp0329","إبقاء المعادلة بوصفها تعيينًا؛ حذف الشاهد s؛ تغيير قيمة u","المعادلة خاصية للتعيين لا كائن من نوع التعيينات","commit 9620cc73f9c8e0ad003c514a5d3748f29611c4c0; pinned content/second-order-logic/syntax-and-semantics/inf-count.tex lines 55--56; OLP-0329","confidence 1.00; semantic types independently checked","2026-08-16","Codex source oracle","قالت العربية اختر تعيينًا s بحيث s(u)=f"
"the enumeration characterization assumes a base element even when the set is empty","guard the element/function characterization by nonemptiness of M","source_sol_enumeration_nonempty_guard_restored_olp0329","تطبيق التكافؤ على المجموعة الخالية؛ اشتراط اللانهائية؛ تغيير تعريف التعداد","لا يوجد z في المجموعة الخالية مع أن لها تعدادًا خاليًا وفق العبارة السابقة","commit 9620cc73f9c8e0ad003c514a5d3748f29611c4c0; pinned content/second-order-logic/syntax-and-semantics/inf-count.tex lines 59--65; OLP-0329","confidence 1.00; empty-set counterexample independently checked","2026-08-16","Codex source oracle","قيدت العربية التكافؤ بكون M غير خالية"
"the finite-enumeration construction omits the value of f at the last enumerated point","add f(m_k)=m_k when m_k is last","source_sol_finite_enumeration_last_point_case_restored_olp0329","ترك f غير كلية في الحالة المنتهية؛ اختيار نقطة خارج المجموعة؛ تغيير التعداد","الدالة المطلوبة من M إلى M ويجب تعريفها عند آخر عنصر","commit 9620cc73f9c8e0ad003c514a5d3748f29611c4c0; pinned content/second-order-logic/syntax-and-semantics/inf-count.tex line 87; OLP-0329","confidence 1.00; total-function requirement independently checked","2026-08-16","Codex source oracle","أضافت العربية f(m_k)=m_k في حالة آخر عنصر"
"the countability proof reuses M for the structure and for arbitrary subsets or generated orbits","rename the subset/orbit variable consistently to S","source_sol_countability_subset_orbit_symbol_corrected_olp0329","إبقاء M للمجال والمجموعة الفرعية معًا؛ تغيير البنية؛ استعمال رمزين مختلفين للشاهد نفسه","الفصل بين \Struct{M} والمجموعة S يزيل تصادم الرمز في الإحلال والاستنتاج","commit 9620cc73f9c8e0ad003c514a5d3748f29611c4c0; pinned content/second-order-logic/syntax-and-semantics/inf-count.tex lines 93--101 and 109--122; OLP-0329","confidence 1.00; all subset, orbit, substitution, and membership occurrences normalized","2026-08-16","Codex source oracle","استعملت العربية S للمجموعة الفرعية والمدار في البرهان"
"the Arabic config lacks a localized texttoken mapping for the intentional axiomatized carrier used in OLP-0319","map axiomatized to مؤكسمة","localized_axiomatized_texttoken_coverage_added_olp0319","ترك fallback الإنجليزي axiomatized؛ تغيير مفتاح المصدر؛ تعميم تعديل غير لازم","المصدر يستعمل !!{axiomatized} عمدًا ومصطلح مؤكسمة ثابت في الترجمة العربية","locale/ar/open-logic-config.sty; source carrier in pinned content/incompleteness/incompleteness-provability/second-incompleteness-thm.tex; OLP-0319","confidence 1.00; exact source carrier retained and localized","2026-08-16","Codex locale coverage","أضفت settexttoken لمفتاح axiomatized بصيغة مؤكسمة"
"Arabic has no independent indefinite article for the a-form axiomatizable carrier","define empty a and A overrides for axiomatizable","localized_axiomatizable_article_override_added_olp0320","وراثة a/A الإنجليزية؛ تغيير !!a إلى نص خام؛ حذف الحامل","الإعداد يترجم الاسم لكن يحتاج تجاوز أداة التنكير كي يتوسع !!a{axiomatizable} عربيًا خالصًا","locale/ar/open-logic-config.sty; pinned content/incompleteness/incompleteness-provability/lob-thm.tex line 50; OLP-0320","confidence 1.00; bounded carrier expansion coverage","2026-08-16","Codex locale coverage","أضفت definetoken فارغين للصيغتين a وA من axiomatizable"
"Arabic has no independent indefinite article for the a-form derivability carrier","define empty a and A overrides for derivability","localized_derivability_article_override_added_olp0320","وراثة a/A الإنجليزية؛ تغيير !!a إلى نص خام؛ حذف الحامل","الإعداد يترجم الاسم لكن يحتاج تجاوز أداة التنكير كي يتوسع !!a{derivability} عربيًا خالصًا","locale/ar/open-logic-config.sty; pinned content/incompleteness/incompleteness-provability/lob-thm.tex lines 141 and 151; OLP-0320","confidence 1.00; final bounded article-fallback coverage","2026-08-16","Codex locale coverage","أضفت definetoken فارغين للصيغتين a وA من derivability"
"the addition recursion quantifies w but recursively applies u to x and x-prime","replace u(x')=u(x)' with u(w')=u(w)'","source_sol_addition_recursion_bound_variable_corrected_olp0332","إبقاء x في بند مربوط بـw؛ تغيير متغيرات الجمع الحرة؛ حذف البند العودي","المتغير w هو متغير خطوة الاستقراء، أما x فهو قيمة البداية الحرة","commit 9620cc73f9c8e0ad003c514a5d3748f29611c4c0; pinned content/second-order-logic/metatheory/second-order-arithmetic.tex line 121; OLP-0332","confidence 1.00; quantified-variable binding and preceding prose independently matched","2026-08-16","Codex source oracle","استعملت العربية u(w')=u(w)'"
"the satisfaction expression closes math mode inside the second argument of \Sat","move the dollar delimiter after the closing brace","source_sol_satisfaction_math_delimiter_corrected_olp0333","إبقاء \Sat{M}{!P \lif !A$}؛ حذف الاستدعاء؛ تغيير الصيغة","الصورة الصحيحة هي تعبير رياضي كامل \Sat{M}{!P \lif !A}","commit 9620cc73f9c8e0ad003c514a5d3748f29611c4c0; pinned content/second-order-logic/metatheory/undecidability-and-axiomatizability.tex line 33; OLP-0333","confidence 1.00; TeX delimiter and macro-argument balance independently checked","2026-08-16","Codex source oracle","كتبت العربية $\Sat{M}{!P \lif !A}$"
"the compactness theorem reuses the undecidability theorem label","rename it thm:sol-not-compact","source_sol_compactness_theorem_label_corrected_olp0334","إبقاء thm:sol-undecidable؛ تغيير معرف الملف؛ حذف الوسم","الوسم يقع على مبرهنة عدم التراص، والاسم القديم يكرر وسم مبرهنة عدم القرار في الوحدة السابقة","commit 9620cc73f9c8e0ad003c514a5d3748f29611c4c0; pinned content/second-order-logic/metatheory/compactness.tex line 34; OLP-0334","confidence 1.00; theorem content and duplicate declaration independently checked","2026-08-16","Codex source oracle","استعملت العربية \ollabel{thm:sol-not-compact}"
"the compactness proof says no higher lower-bound sentence belongs to Gamma although Gamma contains all of them","test membership in the finite subset \Gamma_0","source_sol_compactness_finite_subset_membership_corrected_olp0334","إبقاء \Gamma في النفي؛ تغيير تعريف \Gamma؛ حذف اختيار k","بما أن \Gamma تحتوي !A^{\ge n} لكل n فالعبارة الأصلية كاذبة، بينما للجزء المنتهي \Gamma_0 حد أعلى","commit 9620cc73f9c8e0ad003c514a5d3748f29611c4c0; pinned content/second-order-logic/metatheory/compactness.tex lines 55--58; OLP-0334","confidence 1.00; finite-subset argument independently replayed","2026-08-16","Codex source oracle","كتبت العربية !A^{\ge n}\in\Gamma_0 في شرط الحد الأعلى"
"the Löwenheim--Skolem source metadata names the compactness section","write % Section: loewenheim-skolem","source_sol_loewenheim_section_metadata_corrected_olp0335","إبقاء compactness؛ تغيير معرف الوحدة؛ حذف التعليق","المسار والعنوان ومعرف الملف lst كلها تعين قسم loewenheim-skolem","commit 9620cc73f9c8e0ad003c514a5d3748f29611c4c0; pinned content/second-order-logic/metatheory/loewenheim-skolem.tex line 3; OLP-0335","confidence 1.00; path/title/file-id independently matched","2026-08-16","Codex source oracle","صححت العربية تعليق القسم إلى loewenheim-skolem"
"four set-theory section metadata comments use the obsolete chapter name sol-and-sets","write % Chapter: sol-and-set-theory","source_sol_set_theory_chapter_metadata_corrected_olp0337_0340","إبقاء الاسم القديم؛ تغيير مسارات الملفات؛ حذف التعليقات","ملف الفصل الجامع ومساره وبيان الفصل يستعمل sol-and-set-theory","commit 9620cc73f9c8e0ad003c514a5d3748f29611c4c0; pinned content/second-order-logic/sol-and-set-theory/{introduction,comparing-sets,cardinalities,power-of-continuum}.tex line 2; OLP-0337--0340","confidence 1.00; all four imported sections normalized to their manifest chapter","2026-08-16","Codex source oracle","صححت العربية تعليقات الفصل الأربعة إلى sol-and-set-theory"
"the set-theory introduction omits the subject in and is possible without","restore and this is possible without","source_sol_set_theory_introduction_subject_restored_olp0337","ترجمة العبارة المبتورة حرفيًا؛ حذف الاستقلال عن المفردات الخاصة؛ تغيير المقصود","الجملة الثانية تنسب إمكان التعبير بلا مفردات غير منطقية إلى الإجراء السابق","commit 9620cc73f9c8e0ad003c514a5d3748f29611c4c0; pinned content/second-order-logic/sol-and-set-theory/introduction.tex lines 16--18; OLP-0337","confidence 1.00; grammatical subject and paragraph semantics independently checked","2026-08-16","Codex source oracle","صرحت العربية بإمكان ذلك من دون مفردات خاصة"
"the equinumerosity formula requires u to be injective on the entire domain rather than on X","guard both arguments by X(x) and X(y)","source_sol_equinumerosity_injectivity_guard_restored_olp0338","إبقاء التباين الكلي؛ حذف شرط التباين؛ حراسة طرف واحد فقط","المطلوب تقابل بين X وY، وقد يفشل تمديد تقابل بين مجموعتين جزئيتين إلى دالة متباينة على المجال كله","commit 9620cc73f9c8e0ad003c514a5d3748f29611c4c0; pinned content/second-order-logic/sol-and-set-theory/comparing-sets.tex line 53; OLP-0338","confidence 1.00; counterexample X=N\\{0}, Y=N independently checked","2026-08-16","Codex source oracle","أضافت العربية X(x) وX(y) إلى مقدم شرط التباين"
"the proposed Inf(X) formula does not require u to map X into X","add \lforall[x][(X(x) \lif X(u(x)))]","source_sol_subset_infinitude_closure_restored_olp0339","إبقاء الدالة حرة في إخراج عناصر X؛ تغيير شرط عدم الشمول؛ حذف التباين","من دون الإغلاق قد تحقق مجموعة منتهية الصيغة باستعمال تبديل يخرج عناصرها","commit 9620cc73f9c8e0ad003c514a5d3748f29611c4c0; pinned content/second-order-logic/sol-and-set-theory/cardinalities.tex lines 23--25; OLP-0339","confidence 1.00; finite-subset counterexample independently checked","2026-08-16","Codex source oracle","أضافت العربية شرط إغلاق X تحت u"
"the proposed Count(X) formula excludes the empty set and requires every closed superset Y to equal X","add the empty-set disjunct and require X \subseteq Y","source_sol_subset_countability_empty_minimality_corrected_olp0339","إبقاء شاهد z للمجموعة الخالية؛ إبقاء X=Y؛ تغيير شرط الإغلاق","المجموعة الخالية قابلة للتعداد، وشرط الحد الأدنى يقتضي احتواء كل مجموعة مغلقة لـX لا مساواتها بها","commit 9620cc73f9c8e0ad003c514a5d3748f29611c4c0; pinned content/second-order-logic/sol-and-set-theory/cardinalities.tex lines 32--36; OLP-0339","confidence 1.00; empty case and Y=domain counterexample independently checked","2026-08-16","Codex source oracle","أضافت العربية حالة الخلو وكتبت X\subseteq Y مع تجميع صحيح"
"the proposed Aleph_1(X) definition admits finite X yet rejects every uncountable X at Y=X","require Inf(X) and allow subsets equinumerous with X","source_sol_aleph_one_definition_corrected_olp0339","إبقاء التعريف الذي يحقق للمجموعات المنتهية؛ حذف حالة Y=X؛ تغيير \aleph_0","المجموعة ذات الأصلية \aleph_1 لانهائية، وقد تكون لها مجموعات جزئية مساوية لها في الأصلية ومنها نفسها","commit 9620cc73f9c8e0ad003c514a5d3748f29611c4c0; pinned content/second-order-logic/sol-and-set-theory/cardinalities.tex lines 53--57; OLP-0339","confidence 1.00; finite-set and self-subset counterexamples independently checked","2026-08-16","Codex source oracle","أضافت العربية Inf(X) وحالة \cardeq{X}{Y}"
"the power-set coding explanation has plural subject agreement in two-place relations R relates","use a two-place relation R relates","source_sol_relation_agreement_corrected_olp0340","إبقاء عدم المطابقة؛ تغيير رتبة العلاقة؛ حذف الرمز R","السياق يقدم علاقة مفردة R ثم يواصل الإحالة إليها بالمفرد","commit 9620cc73f9c8e0ad003c514a5d3748f29611c4c0; pinned content/second-order-logic/sol-and-set-theory/power-of-continuum.tex line 29; OLP-0340","confidence 1.00; grammatical number correction only","2026-08-16","Codex source oracle","قالت العربية العلاقة الثنائية الموضع R تربط"
"the continuum proof says ruled out be the last conjunct","replace be with by","source_sol_continuum_proof_preposition_corrected_olp0340","ترجمة be حرفيًا؛ حذف الإحالة إلى الحد؛ تغيير البرهان","التركيب الاصطلاحي الصحيح هو ruled out by","commit 9620cc73f9c8e0ad003c514a5d3748f29611c4c0; pinned content/second-order-logic/sol-and-set-theory/power-of-continuum.tex line 118; OLP-0340","confidence 1.00; grammatical correction only","2026-08-16","Codex source oracle","قالت العربية يستبعد الحد الأخير هذا الاحتمال"
"the continuum proof says codes are subsets of s(Z) although X is the coded base set","replace s(Z) with s(X)","source_sol_continuum_proof_subset_symbol_corrected_olp0340","إبقاء s(Z) غير الحرة في هذا السياق؛ تغيير Y؛ حذف العلاقة R","Pow(Y,R,X) يقرر أن عناصر Y ترمز مجموعات جزئية من X","commit 9620cc73f9c8e0ad003c514a5d3748f29611c4c0; pinned content/second-order-logic/sol-and-set-theory/power-of-continuum.tex line 119; OLP-0340","confidence 1.00; defining formula and proof context independently matched","2026-08-16","Codex source oracle","كتبت العربية المجموعات الجزئية من s(X)"
"the domain-continuum characterization permits duplicate codes and does not require the injection range to lie in Y","add unique coding and \lforall[x][Y(u(x))]","source_sol_domain_continuum_bijection_conditions_restored_olp0340","إبقاء ترميز متعدد ودالة لا تقع قيمها في Y؛ حذف الشمول؛ تغيير مجموعة القوى","من دون الشرطين تصدق الصيغة في مجالات أكبر من المتصل ولا تقرر تكافؤ المجال مع Y","commit 9620cc73f9c8e0ad003c514a5d3748f29611c4c0; pinned content/second-order-logic/sol-and-set-theory/power-of-continuum.tex lines 126--127; OLP-0340","confidence 1.00; larger-domain and duplicate-code countermodels independently checked","2026-08-16","Codex source oracle","أضافت العربية وحدانية الترميز وشرط وقوع u(x) في Y"
"Arabic has no independent indefinite article for the a-form nonenumerable carrier","define empty a and A overrides for nonenumerable","localized_nonenumerable_article_override_added_olp0335","وراثة a/A الإنجليزية؛ تغيير !!a إلى نص خام؛ حذف الحامل","الإعداد يترجم الاسم لكن يحتاج تجاوز أداة التنكير كي يتوسع !!a{nonenumerable} عربيًا خالصًا","locale/ar/open-logic-config.sty; pinned content/second-order-logic/metatheory/loewenheim-skolem.tex line 21; OLP-0335","confidence 1.00; bounded carrier expansion coverage","2026-08-16","Codex locale coverage","أضفت definetoken فارغين للصيغتين a وA من nonenumerable"
"the Inf(X) definition leaves the outer existential conjunction parenthesis unclosed","close the parenthesis before the final existential body bracket","source_sol_subset_infinitude_parenthesis_restored_olp0339","إبقاء القوس مفتوحًا؛ حذف قوس داخلي؛ تغيير بنية الصيغة","الملف المصدر يحوي 37 قوس فتح و36 قوس إغلاق، والموضع الوحيد غير المغلق هو \lexists[u][(","commit 9620cc73f9c8e0ad003c514a5d3748f29611c4c0; pinned content/second-order-logic/sol-and-set-theory/cardinalities.tex lines 23--25; OLP-0339","confidence 1.00; bounded delimiter stack replay and intended formula parse independently checked","2026-08-16","Codex source oracle addendum","أغلقت العربية قوس اقتران الشاهد u قبل القوس المربع الأخير"
"the Pow(Y,R,X) second conjunct leaves its conditional parenthesis unclosed","close the parenthesis before the outer universal body bracket","source_sol_power_coding_parenthesis_restored_olp0340","إبقاء القوس مفتوحًا؛ حذف قوس داخلي؛ تغيير الحد الثاني","الملف المصدر يحوي 79 قوس فتح و78 قوس إغلاق، والموضع الوحيد غير المغلق هو جسم \lforall[x] في الحد الثاني","commit 9620cc73f9c8e0ad003c514a5d3748f29611c4c0; pinned content/second-order-logic/sol-and-set-theory/power-of-continuum.tex lines 62--64; OLP-0340","confidence 1.00; bounded delimiter stack replay and intended formula parse independently checked","2026-08-16","Codex source oracle addendum","أغلقت العربية قوس شرط الحد الثاني قبل القوس المربع الخارجي"
"bare derive and countability carriers require Arabic governance and gender agreement in OLP331, OLP335, and OLP340","يحقق اشتقاق؛ بنية ذات مجموعة حاملة غير قابلة للتعداد؛ بنية قابلة للتعداد","localized_carrier_governance_and_gender_replay_olp0331_0340","إبقاء اشتقاق اسمًا بلا عامل؛ إسناد الصفة المؤنثة إلى مجال مذكر؛ إبقاء ترتيب المصدر الإنجليزي","لم يتغير أي حامل أو ترتيب حامل؛ تغير النص المحيط فقط","locale/ar/content/second-order-logic/metatheory/introduction.tex; metatheory/loewenheim-skolem.tex; sol-and-set-theory/power-of-continuum.tex; OLP-0331/0335/0340","confidence 1.00; actual configured-token expansion replay","2026-08-16","Codex paired admission replay","ضبطت العربية عامل الاسم والتطابق النحوي مع إبقاء الحوامل المصدرية حرفيًا"
"lambda define; lambda defined; lambda definable","يعرّف بلامبدا؛ معرّفة بلامبدا؛ قابلة للتعريف بلامبدا","localized_lambda_calculus_carriers_added_olp0348","تعريف لامبدا بوصفه اسمًا مبهمًا؛ نقل اللفظ الإنجليزي؛ حذف الحوامل","ثلاثة مفاتيح مستقلة لأن المصدر يستعمل الفعل والوصفين في مواضع نحوية مختلفة","locale/ar/open-logic-config.sty; OLP-0348--0353","confidence 1.00; pinned carrier inventory and bounded expansion","2026-08-16","Codex locale production","تمنع الخرائط الثلاث أي ارتداد إنجليزي وتحافظ على التمييز النحوي"
"From example","For example","source_lambda_syntax_preposition_corrected_olp0344","ترجمة From حرفيًا؛ حذف العبارة؛ تغيير المثال","العبارة الافتتاحية للمثال تحتاج For لا From","commit 9620cc73f9c8e0ad003c514a5d3748f29611c4c0; pinned content/lambda-calculus/introduction/syntax.tex line 39; OLP-0344","confidence 1.00; grammatical correction only","2026-08-16","Codex source oracle","صاغت العربية الموضع بصيغة مثالًا الصحيحة"
"final curried substitution uses undefined P","replace P with the defined body N","source_currying_substitution_body_corrected_olp0347","إبقاء P غير المعرّفة؛ تغيير أحد الوسائط؛ حذف سطر الاختزال","الحد في بداية الاشتقاق جسمه N، ولذلك يجب أن ينتهي الإحلال المتداخل من N","commit 9620cc73f9c8e0ad003c514a5d3748f29611c4c0; pinned content/lambda-calculus/introduction/currying.tex line 63; OLP-0347","confidence 1.00; exact derivation replay","2026-08-16","Codex source oracle","استبدلت العربية P بـN فقط"
"lambda-definability definition calls f n-ary despite k arguments and prints F, before its application","k-ary; F\,","source_lambda_definability_arity_and_application_corrected_olp0348","إبقاء n-ary؛ قراءة الفاصلة بوصفها فصلًا بين F والمدخل؛ تغيير عدد الوسائط","الفهرسة x_0 إلى x_{k-1} تعطي k مواضع، وF يطبق مباشرة على الأعداد","commit 9620cc73f9c8e0ad003c514a5d3748f29611c4c0; pinned content/lambda-calculus/introduction/lambda-definability.tex lines 30 and 37; OLP-0348","confidence 1.00; arity and application syntax independently checked","2026-08-16","Codex source oracle","كتبت العربية k-موضعية وحذفت الفاصلة الإنجليزية من تطبيق F"
"a sequence primitive recursive functions and relations","a sequence of primitive recursive functions and relations","source_lambda_search_missing_of_corrected_olp0349","إبقاء حرف الجر محذوفًا؛ تغيير كونها متتالية؛ حذف العلاقات","الاسم sequence يحتاج of قبل عناصر المتتالية","commit 9620cc73f9c8e0ad003c514a5d3748f29611c4c0; pinned content/lambda-calculus/introduction/lambda-computable.tex line 31; OLP-0349","confidence 1.00; grammatical correction only","2026-08-16","Codex source oracle","صرحت العربية بمتتالية من الدوال والعلاقات العودية البدائية"
"The successor function Succ, is defined","delete the comma after Succ","source_lambda_successor_comma_corrected_olp0351","إبقاء الفاصلة بين الفاعل والخبر؛ حذف اسم الدالة؛ تغيير التعريف","الفاصلة تفصل الفاعل عن الفعل بلا مسوغ","commit 9620cc73f9c8e0ad003c514a5d3748f29611c4c0; pinned content/lambda-calculus/introduction/basic-pr-lambda.tex line 20; OLP-0351","confidence 1.00; grammatical correction only","2026-08-16","Codex source oracle","حذفت العربية الفاصلة بعد Succ"
"primitive-recursion construction has five inconsistent or undefined symbols","G', H'; F; h(x,...); v(vec z); fn{Succ}((u)_0)","source_lambda_primitive_recursion_symbols_corrected_olp0353","إبقاء G وH الأوليين؛ طلب حد H بدل F؛ إبقاء z غير المطابق؛ تطبيق v على u؛ إبقاء S غير المعرّفة","التصحيح الأدنى يوحّد الفرض مع G' وH'، والمطلوب مع F، ومعادلة العودية مع x، وتجريد المعلمات مع v(vec z)، والخلف مع الرمز المعرّف Succ","commit 9620cc73f9c8e0ad003c514a5d3748f29611c4c0; pinned content/lambda-calculus/introduction/primitive-recursion.tex lines 14--19, 38, and 98; OLP-0353","confidence 1.00; five exact local symbol repairs independently replayed","2026-08-16","Codex source oracle","طبقت العربية الإصلاحات الخمسة من دون تغيير بنية البرهان"
"Since f is primitive recursive","Since f is lambda definable","source_lambda_minimization_hypothesis_corrected_olp0355","إبقاء دعوى العودية البدائية الأقوى غير المفترضة؛ حذف خطوة البرهان؛ تغيير تعريف h","الفرض المتاح هو قابلية f للتعريف بلامبدا، وهو وحده المطلوب لبناء h_x","commit 9620cc73f9c8e0ad003c514a5d3748f29611c4c0; pinned content/lambda-calculus/introduction/minimization.tex line 33; OLP-0355","confidence 1.00; exact hypothesis correction implemented","2026-08-16","Codex source oracle","صرحت العربية بالفرض الفعلي من دون توسيع النتيجة"
"parameter","معلمة / معلمات","admitted_lambda_parameter_token_olp0357","إبقاء fallback الإنجليزي parameter؛ استعمال مؤثر منطقي؛ حذف المصطلح","معلمة مصطلح عربي مستقل لمتغير التجريد","content/lambda-calculus/syntax/terms.tex lines 32 and 42; OLP-0357","configuration mapping added; zero English fallback","2026-08-16","Codex terminology production","أضيف المفتاح المفرد والجمع إلى إعداد العربية"
"unique-readability proof omits P=P' case","if P differs it is a forbidden proper prefix; otherwise P=P' and Q=Q'","source_lambda_unique_readability_case_corrected_olp0358","إبقاء الاستنتاج بلا حالة المساواة؛ اختراع ترتيب مختلف؛ حذف Q=Q'","التقسيم المكتمل يحتاج حالة P≠P' ثم الحالة P=P'؛ وصححت بيانات الفصل إلى syntax","commit 9620cc73f9c8e0ad003c514a5d3748f29611c4c0; pinned content/lambda-calculus/syntax/unique-readability.tex lines 2 and 78--80; OLP-0358","confidence 1.00; metadata and proof case repaired","2026-08-16","Codex source oracle","حافظت العربية على بنية البرهان وأضافت الحالة المنطقية الناقصة"
"scope of lambda x is occurrence of N","scope is the corresponding occurrence of the body M","source_lambda_scope_object_corrected_olp0360","إبقاء N المحيط؛ جعل النطاق المتغير x؛ حذف تعريف النطاق","جسم التجريد هو M، لا الحد المحيط N؛ وصححت بيانات الفصل إلى syntax","commit 9620cc73f9c8e0ad003c514a5d3748f29611c4c0; pinned content/lambda-calculus/syntax/free-variables.tex lines 2 and 23--24; OLP-0360","confidence 1.00; object and metadata repaired","2026-08-16","Codex source oracle","عرّفت العربية النطاق بوقوع جسم التجريد الموافق"
"partial substitution and free-variable proof defects","undefined on capture; corrected side conditions, variables, parentheses, and set algebra","source_lambda_substitution_proof_corrected_olp0361","إنتاج lambda x[y] مع أسر المتغير؛ إبقاء Q غير المعرّفة؛ إبقاء y بدل x؛ إبقاء الجبر الخاطئ","التعريف جزئي عمدًا إلى حين تحويل ألفا؛ والشروط x≠y وy∉FV(N) وx∉FV(P) تجعل البرهان مضبوطًا","commit 9620cc73f9c8e0ad003c514a5d3748f29611c4c0; pinned content/lambda-calculus/syntax/substitution.tex lines 39--40, 76, 96, 105, 112--122; OLP-0361","confidence 1.00; exact formal repairs implemented","2026-08-16","Codex source oracle","طبقت العربية الإصلاحات الموضعية وحافظت على بنية الاشتقاق"
"alpha-conversion carrier and corollary defects","restore FV carriers and require Subst(M'',R'',y) in the second antecedent","source_lambda_alpha_formal_corrected_olp0362","إبقاء FV نصًا غير محمي؛ تكرار M'/R'؛ اختراع تمرين بدل النسخة المصدرية المكررة","حملت مواضع FV رسميًا وصححت الزوج الثاني؛ وأبقيت التمرينين المكررين مع وسمهما لترميم المصدر","commit 9620cc73f9c8e0ad003c514a5d3748f29611c4c0; pinned content/lambda-calculus/syntax/alpha.tex lines 106--109, 125, 134, 137, 244, 246, 273--275; OLP-0362","confidence 1.00; formal repairs replayed; duplicate source exercise preserved","2026-08-16","Codex source oracle","لم تُخترع مسألة بديلة غير مأذون بها"
"substitution on alpha classes returns a representative term","return the alpha-equivalence class containing the substituted representative","source_lambda_term_revisited_class_corrected_olp0364","إرجاع الحد الخام؛ إبقاء FV حرفيًا؛ إبقاء بيانات introduction","العملية على فئات التكافؤ يجب أن يكون مداها فئة تكافؤ؛ وصححت حوامل FV وبيانات syntax","commit 9620cc73f9c8e0ad003c514a5d3748f29611c4c0; pinned content/lambda-calculus/syntax/term-revisited.tex lines 2, 42, 45--53, 76; OLP-0364","confidence 1.00; class-valued definition restored","2026-08-16","Codex source oracle","صرحت العربية بفئة ألفا الحاوية للحد الناتج"
"beta file metadata and file ID point to introduction","metadata and olfileid point to syntax","source_lambda_beta_identity_corrected_olp0365","إبقاء lam/int/bet؛ تغيير معرف الوحدة اعتباطًا؛ حذف المعرف","الوحدة مستوردة من مشغل فصل syntax ومسارها تحته","commit 9620cc73f9c8e0ad003c514a5d3748f29611c4c0; pinned content/lambda-calculus/syntax/beta.tex lines 2 and 9; OLP-0365","confidence 1.00; metadata and file ID repaired","2026-08-16","Codex source oracle","استعملت العربية olfileid lam/syn/bet"
"eta rule lacks freshness and ext command is malformed","require x notin FV(M), use equal[ext], and restore FV carriers","source_lambda_eta_formal_corrected_olp0366","إبقاء قاعدة إيتا بلا شرط؛ إبقاء equal[ext] غير المحمي؛ إبقاء FV حرفيًا","شرط الجدة يمنع الأسر ويجعل تكافؤ إيتا صحيحًا؛ وحملت ext وFV رسميًا","commit 9620cc73f9c8e0ad003c514a5d3748f29611c4c0; pinned content/lambda-calculus/syntax/eta.tex lines 23, 40--44, 53, 81--82; OLP-0366","confidence 1.00; exact freshness and carrier repairs implemented","2026-08-16","Codex source oracle","حافظت العربية على بنية القاعدة وأضافت شرطها اللازم"
"Church--Rosser transitivity proof leaves P and Q unbound at the grid endpoints","start with M reducing to P and Q; bind P_m=P and Q_n=Q","source_lambda_cr_grid_endpoints_corrected_olp0368","استنتاج P وQ من دون ربطهما بآخر حدين؛ تغيير أبعاد الشبكة؛ حذف المسارين","ربط الطرفين يجعل N_{m,0}=P وN_{0,n}=Q مبرهنين لا مفترضين ضمنًا","commit 9620cc73f9c8e0ad003c514a5d3748f29611c4c0; pinned content/lambda-calculus/church-rosser/definitions-and-properties.tex lines 58--62; OLP-0368","confidence 1.00; endpoint bindings implemented exactly","2026-08-16","Codex source oracle","صرحت العربية بالفرضين وربطت P_m وQ_n بطرفيهما"
"parallel beta abstraction rule and substitution proof use the wrong relations or representatives","use bredpar in rule 2; substitute R' into N'; alpha-rename x fresh for y,R,R'","source_lambda_parallel_beta_formal_corrected_olp0369","إبقاء خطوة بيتا المفردة؛ إسقاط R'؛ تطبيق الاستبدال مع أسر محتمل","الاختزال المتوازي يجب أن يبقى متوازيًا في قاعدة التجريد، وحالة الاستبدال تحتاج الممثل المصحح وشروط الجدة","commit 9620cc73f9c8e0ad003c514a5d3748f29611c4c0; pinned content/lambda-calculus/church-rosser/parallel-beta-reduction.tex lines 20--21 and 79--99; OLP-0369","confidence 1.00; exact relation, representative, and freshness repairs implemented","2026-08-16","Codex source oracle","حافظت العربية على الاستقراء وأضافت إعادة تسمية ألفا الموضعية"
"parallel-to-beta proof lists M' where N' is required","replace the duplicated M' with N' in the rule-4 witness list","source_lambda_beta_rule4_witness_corrected_olp0370","إبقاء M' مكررًا؛ حذف شاهد جسم التجريد؛ تغيير Q'","المعادلة تستعمل N' بوصفه ناتج اختزال جسم N، ولذلك يجب أن يرد في قائمة الشهود","commit 9620cc73f9c8e0ad003c514a5d3748f29611c4c0; pinned content/lambda-calculus/church-rosser/beta-reduction.tex line 43; OLP-0370","confidence 1.00; exact witness-name repair implemented","2026-08-16","Codex source oracle","استبدلت العربية التكرار بـN' فقط"
"parallel beta-eta rules overlap and omit formal freshness carriers","use beredpar in rule 2; restrict the abstraction development clause; restore FV; alpha-rename x fresh for y,R,R'","source_lambda_parallel_beta_eta_formal_corrected_olp0371","إبقاء خطوة بيتا المفردة؛ تعريف متداخل غير حتمي؛ إبقاء FV حرفيًا؛ أسر المتغير","قيد صورة N يفصل حالة إيتا عن التجريد العام، والجدة تجعل استبدال حالة إيتا صحيحًا","commit 9620cc73f9c8e0ad003c514a5d3748f29611c4c0; pinned content/lambda-calculus/church-rosser/parallel-beta-eta-reduction.tex lines 22--23, 29, 50--56, 65--75, 87; OLP-0371","confidence 1.00; exact rule, clause, carrier, and freshness repairs implemented","2026-08-16","Codex source oracle","فصلت العربية حالتي التطوير وحملت FV رسميًا"
"beta-eta Church--Rosser transfer starts from beta-only reduction and omits proof cases","use beredone; cite eta rule 5 plus reflexivity; import the first four parallel cases; restore FV","source_lambda_beta_eta_transfer_corrected_olp0372","إبقاء bredone؛ الاستشهاد بالانعكاسية وحدها؛ حذف الحالات الأربع؛ إبقاء FV حرفيًا","العلاقة المبرهنة هي الاختزال المركب، وحالة إيتا تحتاج القاعدة الخامسة، بينما الحالات الباقية تتبع برهان بيتا المتوازي","commit 9620cc73f9c8e0ad003c514a5d3748f29611c4c0; pinned content/lambda-calculus/church-rosser/beta-eta-reduction.tex lines 21--36; OLP-0372","confidence 1.00; exact relation, references, cases, and carrier repair implemented","2026-08-16","Codex source oracle","صرحت العربية بالحالات والاستشهادين من دون تغيير معرفات المبرهنة"
"lambda-definability definition declares a total function and misnames its constant function","declare f partial with pto; use c_k(n)=k","source_lambda_definability_partiality_corrected_olp0374","إبقاء سهم الدالة الكلية مع حالة غير معرّفة؛ إبقاء c(n) مع تعريف c_k","شرط انعدام الصورة السوية يخص دالة جزئية، واسم الدالة الثابتة يجب أن يطابق c_k","commit 9620cc73f9c8e0ad003c514a5d3748f29611c4c0; pinned content/lambda-calculus/lambda-definability/introduction.tex lines 57--72; OLP-0374","confidence 1.00; exact partiality and identifier repairs implemented","2026-08-16","Codex source oracle","استعملت العربية سهم الدالة الجزئية والاسم c_k"
"arithmetical-functions metadata, reduction multiplicities, and multiplication iterator are inconsistent","fix chapter spelling; use red for multi-step displays; iterate Add b from num 0; preserve rep/ldf IDs pending closure-wide rename","source_lambda_arithmetic_formal_corrected_olp0375","إبقاء lambda-definablity؛ وسم اختزال متعدد بخطوة واحدة؛ تكرار Add a؛ إعادة تسمية rep منفردًا","التصحيحات تحفظ الحساب الصحيح؛ أما تعارض rep في OLP-0373/0375 مع ldf فمؤجل لأنه يحتاج إغلاق جميع المراجع لا إعادة تسمية معزولة","commit 9620cc73f9c8e0ad003c514a5d3748f29611c4c0; pinned content/lambda-calculus/lambda-definability/lambda-definability.tex and arithmetical-functions.tex lines 2, 9, 30, 72--80, 123--126; OLP-0373/0375","confidence 1.00; exact formal repairs implemented; coupled ID migration explicitly deferred","2026-08-16","Codex source oracle","صححت العربية البيانات والحساب وأبقت معرفي rep كما أذن المصدر"
"pair prose uses raw zeros where Church numerals are required","replace both tuple{0,0} prose occurrences with tuple{num 0,num 0}","source_lambda_pair_numerals_corrected_olp0376","قراءة الصفرين كعددين ميتالغويين؛ تغيير باني الزوج؛ حذف الحالة الابتدائية","حالة التكرار حد لامبدا، لذلك يجب أن تكون مركبتاها عددي تشيرش لا رمزي صفر خامين","commit 9620cc73f9c8e0ad003c514a5d3748f29611c4c0; pinned content/lambda-calculus/lambda-definability/pairs.tex lines 42--44; OLP-0376","confidence 1.00; both prose numeral repairs implemented","2026-08-16","Codex source oracle","كتبت العربية عددي تشيرش في الموضعين"
"truth-relation definition mixes n and k and duplicates zero","use R subseteq Nat^k; say IsZero holds of 0 only","source_lambda_truth_relation_corrected_olp0377","إبقاء الأس n مع k من الوسائط؛ القول إن العلاقة تتحقق في 0 و0؛ تغيير حد IsZero","المدخلات n_1 إلى n_k تحدد رتبة k، ومجموعة {0} تحوي عنصرًا واحدًا فقط","commit 9620cc73f9c8e0ad003c514a5d3748f29611c4c0; pinned content/lambda-calculus/lambda-definability/truth-values.tex lines 24--39; OLP-0377","confidence 1.00; exact arity and prose repairs implemented","2026-08-16","Codex source oracle","وحّدت العربية رتبة العلاقة وصرحت بأن الصفر وحده يحققها"
"primitive-recursion proof has an extra G_k and recurses with h instead of g","use G_0 through G_{k-1}; state h is defined by H; recurse via g; describe g-driven state update; identify n=1 specialization","source_lambda_primitive_recursion_clause_corrected_olp0378","إبقاء G_k الزائد؛ وصف H كدالة؛ تطبيق h بوسائط g؛ نسبة تحديث الحالة إلى h؛ إبهام التخصص","رتبة التركيب تعطي k حدود، ومعادلة العودية القياسية تستعمل دالة الخطوة g في الحالة الحالية","commit 9620cc73f9c8e0ad003c514a5d3748f29611c4c0; pinned content/lambda-calculus/lambda-definability/primitive-recursive-functions.tex lines 29--35 and 56--79; OLP-0378","confidence 1.00; exact composition, recurrence, prose, and specialization repairs implemented","2026-08-16","Codex source oracle","حافظت العربية على بنية البرهان وصححت دالة الخطوة والرتب"
"fixpoint chapter has the wrong multiplication iterator and conflates Turing's Y with Church's Y_C","iterate Add b from Church zero; use Y_Cg throughout the Church paragraph and state beta equality without forward reduction","source_lambda_fixpoint_combinators_corrected_olp0379","إبقاء Add a والصفر الخام؛ نسبة خاصية تشيرش إلى Y؛ الادعاء باختزال أمامي غير موجود","الضرب يكرر جمع b، ومركّب تشيرش يلتقي مع g(Y_Cg) في حد مشترك من دون أن يختزل إليه أماميًا","commit 9620cc73f9c8e0ad003c514a5d3748f29611c4c0; pinned content/lambda-calculus/lambda-definability/fixpoints.tex lines 24--28 and 165--179; OLP-0379","confidence 1.00; exact arithmetic and combinator repairs implemented","2026-08-16","Codex source oracle","استعملت العربية عدد تشيرش وصححت جميع إحالات Y_Cg"
"minimization lemma names g while its proof defines h and Search drops its function parameter","use h in the statement; recurse as g f vec{x} (Succ y); close all delimiters","source_lambda_search_recursion_corrected_olp0380","إبقاء g في النتيجة؛ نداء البحث بلا f؛ إبقاء قوس غير مغلق","حد النقطة الثابتة يحتاج تمرير F في كل نداء عودي، واسم الدالة يجب أن يطابق H والنتيجة النهائية","commit 9620cc73f9c8e0ad003c514a5d3748f29611c4c0; pinned content/lambda-calculus/lambda-definability/minimization.tex lines 21--35; OLP-0380","confidence 1.00; name, recursion argument, and delimiter repairs implemented","2026-08-16","Codex source oracle","وحّدت العربية الاسم وأبقت معامل الدالة في البحث"
"the source suffix pattern !!{lambda define}d leaks a literal English d after Arabic token expansion","use configured adjectival carrier !!{lambda defined} in both partial-recursion clauses","localized_lambda_defined_morphology_corrected_olp0381","إبقاء d الإنجليزية؛ حذف الحامل؛ إعادة صياغة المصطلح خارج نظام الرموز","خريطة lambda defined تعطي وصفًا عربيًا كاملًا ولا تعتمد على تصريف لاحقة إنجليزية","locale/ar/content/lambda-calculus/lambda-definability/partial-recursive-functions.tex; OLP-0381","confidence 1.00; exact actual-expansion morphology repair","2026-08-16","Codex paired token replay","استبدلت العربية الحاملين بالمفتاح الوصفي المهيأ"
"lambda-definable-recursive olfileid transposes ldf as dfl","use olfileid lam/ldf/ldr","source_lambda_recursive_fileid_corrected_olp0382","إبقاء dfl؛ تغيير معرف القسم منفردًا؛ حذف المعرف","جميع وحدات الفصل ومسارات إحالاته تستعمل ldf، والتبديل حرفي ظاهر","commit 9620cc73f9c8e0ad003c514a5d3748f29611c4c0; pinned content/lambda-calculus/lambda-definability/lambda-definable-recursive.tex line 9; OLP-0382","confidence 1.00; exact file ID repair implemented","2026-08-16","Codex source oracle","استعملت العربية المعرف lam/ldf/ldr"
"many-valued evaluation loses its logic parameter if the pValue index is omitted","retain [Log L] on the logic-relative pValue occurrences","source_mvl_pvalue_logic_index_preserved_olp0385","حذف فهرس المنطق؛ نقله إلى قيمة الصدق؛ افتراض دلالة كلاسيكية ضمنًا","قيمة الصيغة تعتمد على مصفوفة المنطق، ولذلك يجب أن يبقى فهرس Log L ظاهرًا في المواضع النسبية","commit 9620cc73f9c8e0ad003c514a5d3748f29611c4c0; pinned content/many-valued-logic/syntax-and-semantics/introduction.tex lines 35 and 55--58; OLP-0385","confidence 1.00; exact indexed pValue surfaces preserved","2026-08-16","Codex source oracle","أبقت العربية فهرس المنطق في جميع المواضع المصدرية"
"formula formation overlaps the zero-place constant clause when n is unrestricted","require n>0 in the n-place connective clause","source_mvl_formula_positive_arity_corrected_olp0387","السماح بـn=0 مرتين؛ حذف فقرة الثوابت؛ تغيير التعريف الاستقرائي","قيد الرتبة الموجبة يفصل بناء الصيغ المركبة عن الثوابت القضايا","commit 9620cc73f9c8e0ad003c514a5d3748f29611c4c0; pinned content/many-valued-logic/syntax-and-semantics/formulas.tex lines 21--24; OLP-0387","confidence 1.00; exact positive-arity condition implemented","2026-08-16","Codex source oracle","أضافت العربية الشرط n>0 من دون تغيير البنود"
"valuation recursion overlaps its zero-place connective clause when n is unrestricted","require n>0 in the n-place evaluation clause","source_mvl_valuation_positive_arity_corrected_olp0389","السماح بـn=0 في بندين؛ حذف تقييم الثوابت؛ تغيير دالة الصدق","قيد الرتبة الموجبة يجعل فرعي التعريف الاستقرائي متباينين","commit 9620cc73f9c8e0ad003c514a5d3748f29611c4c0; pinned content/many-valued-logic/syntax-and-semantics/valuations-sat.tex lines 25--31; OLP-0389","confidence 1.00; exact positive-arity condition implemented","2026-08-16","Codex source oracle","صرحت العربية بـn>0 في بند الروابط المركبة"
"sublogic proposition leaves its assignment hypothesis unquantified over variables in A","require pAssign v(p) classical for every p occurring in A","source_mvl_sublogic_assignment_scope_corrected_olp0391","تقييد متغير واحد غير معيّن؛ حذف مجال الشرط؛ تعميمه على جميع المتغيرات القضايا","الاستقراء البنيوي يحتاج الفرض لكل متغير قضايا يرد في A","commit 9620cc73f9c8e0ad003c514a5d3748f29611c4c0; pinned content/many-valued-logic/syntax-and-semantics/sublogics.tex; OLP-0391","confidence 1.00; exact assignment-scope repair implemented","2026-08-17","Codex source oracle","صرحت العربية بأن الشرط يصدق لكل p يرد في A"
"Lukasiewicz chapter contains a duplicated conjunction row and malformed indexed evaluation punctuation","replace second (False,Undef) by (Undef,False); close the parenthetical; canonicalize pValue logic indexes; remove surplus final parenthesis","source_mvl_lukasiewicz_formal_corrected_olp0394","إبقاء صف الاقتران المكرر؛ ترك القوس مفتوحًا؛ إبقاء فهرس المنطق بعد الصيغة؛ إبقاء قوس زائد","تماثل جدول الاقتران وتركيب pValue يحددان التصحيحات حرفيًا","commit 9620cc73f9c8e0ad003c514a5d3748f29611c4c0; pinned content/many-valued-logic/three-valued-logics/lukasiewicz.tex; OLP-0394","confidence 1.00; exact table, punctuation, and index repairs implemented","2026-08-17","Codex source oracle","صححت العربية الصف المتناظر والأقواس وموضع فهرسي المنطق"
"multiple-designation proof has malformed pValue indexes, false atomic equalities, and repeated B conjuncts","canonicalize logic indexes; state conditional False and True basis cases; use C in each second conjunct","source_mvl_multiple_designation_proof_corrected_olp0397","إبقاء الفهارس اللاحقة؛ مساواة القيمة بالقيمتين معًا؛ تكرار B بدل C","حالتا الأساس شرطيّتان، وحالتا الاقتران تحتاجان الحدين B وC","commit 9620cc73f9c8e0ad003c514a5d3748f29611c4c0; pinned content/many-valued-logic/three-valued-logics/multiple-designation.tex; OLP-0397","confidence 1.00; exact index, basis, and conjunct repairs implemented","2026-08-17","Codex source oracle","استعملت العربية الفهارس القانونية والحالتين الشرطيتين وB ثم C"
"infinite-valued-logics wrapper carries the wrong chapter metadata","set Chapter metadata to infinite-valued-logics","source_mvl_infinite_wrapper_metadata_corrected_olp0398","إبقاء بيانات فصل غير مطابق؛ حذف البيانات؛ تغيير معرف الملف","مسار الوحدة وبنية الاستيراد يثبتان اسم الفصل","commit 9620cc73f9c8e0ad003c514a5d3748f29611c4c0; pinned content/many-valued-logic/infinite-valued-logics/infinite-valued-logics.tex; OLP-0398","confidence 1.00; exact chapter metadata repair implemented","2026-08-17","Codex source oracle","صححت العربية بيانات الفصل فقط"
"truth-value carrier definitions permit a zero denominator and include the wrong V_m endpoint","add m>0 in V_infty and require n<m in V_m","source_mvl_truth_value_carriers_corrected_olp0399","السماح بـm=0؛ استعمال n<=m في V_m؛ تغيير صيغ الكسور","المقام يجب أن يكون موجبًا وV_m يحوي بالضبط m قيمة من 0 إلى 1","commit 9620cc73f9c8e0ad003c514a5d3748f29611c4c0; pinned content/many-valued-logic/infinite-valued-logics/introduction.tex; OLP-0399","confidence 1.00; exact denominator and endpoint repairs implemented","2026-08-17","Codex source oracle","أضافت العربية m>0 واستعملت n<m"
"infinite-valued Lukasiewicz section carries the wrong chapter metadata","set Chapter metadata to infinite-valued-logics","source_mvl_infinite_lukasiewicz_metadata_corrected_olp0400","إبقاء بيانات فصل غير مطابق؛ حذف البيانات؛ تغيير بيانات القسم","مسار الوحدة يثبت أنها ضمن فصل المنطقات اللانهائية القيم","commit 9620cc73f9c8e0ad003c514a5d3748f29611c4c0; pinned content/many-valued-logic/infinite-valued-logics/lukasiewicz.tex; OLP-0400","confidence 1.00; exact chapter metadata repair implemented","2026-08-17","Codex source oracle","صححت العربية بيانات الفصل مع إبقاء القسم"
"infinite-valued Goedel section has wrong metadata and nested math delimiters in cases","set Chapter to infinite-valued-logics and Section to goedel; remove inner dollar signs around 1 and 0","source_mvl_infinite_goedel_metadata_math_corrected_olp0401","إبقاء بيانات خاطئة؛ إبقاء $1$ و$0$ داخل رياضيات قائمة؛ تغيير قيم الدالة","البيانات تتبع المسار، ومحددات الرياضيات المتداخلة غير صالحة في TeX","commit 9620cc73f9c8e0ad003c514a5d3748f29611c4c0; pinned content/many-valued-logic/infinite-valued-logics/goedel.tex; OLP-0401","confidence 1.00; exact metadata and delimiter repairs implemented","2026-08-17","Codex source oracle","صححت العربية بيانات الفصل والقسم وحذفت المحددين الداخليين"
"sequent-calculus wrapper carries the wrong chapter metadata","set Chapter metadata to sequent-calculus","source_mvl_sequent_wrapper_metadata_corrected_olp0402","إبقاء بيانات فصل غير مطابق؛ حذف البيانات؛ تغيير معرف الملف","مسار الوحدة وبنية الاستيراد يثبتان اسم الفصل","commit 9620cc73f9c8e0ad003c514a5d3748f29611c4c0; pinned content/many-valued-logic/sequent-calculus/sequent-calculus.tex; OLP-0402","confidence 1.00; exact chapter metadata repair implemented","2026-08-17","Codex source oracle","صححت العربية بيانات الفصل فقط"
"many-valued sequent introduction mismatches the antecedent endpoint and drops a valuation argument","use A_m in the antecedent list and pValue v in the false disjunct","source_mvl_sequent_intro_endpoints_corrected_olp0403","إبقاء A_n مع اقتران ينتهي عند A_m؛ إبقاء pValue بلا v؛ تغيير حدود التالي","صيغة الاقتران تثبت الحد m، وعلاقة التقييم تحتاج معامل التقييم v في الطرفين","commit 9620cc73f9c8e0ad003c514a5d3748f29611c4c0; pinned content/many-valued-logic/sequent-calculus/introduction.tex; OLP-0403","confidence 1.00; exact endpoint and valuation repairs implemented","2026-08-17","Codex source oracle","استعملت العربية A_m وأعادت v إلى pValue"
"many-valued rules chapter has wrong metadata and malformed sequence, star, spacing, and indexed derivability surfaces","set Part many-valued-logic; use finite possibly-empty Gamma_i sequences; preserve exact star position; distinguish designated from nondesignated positions; restore spacing and canonical Log L index","source_mvl_sequent_rules_formal_corrected_olp0404","إبقاء first-order metadata وGamma_1؛ إبهام موضع star؛ قلب المواضع المعيّنة؛ حذف المسافة أو فهرس المنطق","تعريف التتابعية متعددة الجوانب يثبت الرتبة والمواضع، وعلاقة الاشتقاق نسبية إلى المنطق L","commit 9620cc73f9c8e0ad003c514a5d3748f29611c4c0; pinned content/many-valued-logic/sequent-calculus/rules-and-proofs.tex; OLP-0404","confidence 1.00; exact metadata, sequence, placement, spacing, and index repairs implemented","2026-08-17","Codex source oracle","صححت العربية البيانات وGamma_i والمواضع والفهرس من دون تغيير بنية التعريف"
"many-valued structural-rules section carries the wrong Part metadata","set Part metadata to many-valued-logic","source_mvl_structural_rules_part_corrected_olp0405","إبقاء many-valued-logics؛ حذف البيانات؛ تغيير بيانات الفصل","اسم الجزء القانوني في مسار الاستيراد هو many-valued-logic","commit 9620cc73f9c8e0ad003c514a5d3748f29611c4c0; pinned content/many-valued-logic/sequent-calculus/structural-rules.tex; OLP-0405","confidence 1.00; exact Part metadata repair implemented","2026-08-17","Codex source oracle","صححت العربية بيانات الجزء فقط"
"many-valued propositional-rules section carries first-order Part metadata","set Part metadata to many-valued-logic","source_mvl_propositional_rules_part_corrected_olp0406","إبقاء first-order-logic؛ حذف البيانات؛ تغيير بيانات الفصل","الوحدة جزء من حساب التتابعيات للمنطق متعدد القيم","commit 9620cc73f9c8e0ad003c514a5d3748f29611c4c0; pinned content/many-valued-logic/sequent-calculus/propositional-rules.tex; OLP-0406","confidence 1.00; exact Part metadata repair implemented","2026-08-17","Codex source oracle","صححت العربية بيانات الجزء فقط"
"modal-language conditional abbreviation has an unmatched parenthesis and protected token carriers must retain configured forms","write (lnot A lor B) with matched parentheses; retain !!{denumerable}s and use !!{formula} in all three atomic-formula clauses","source_modal_language_parenthesis_and_carriers_corrected_olp0410","إبقاء القوس الختامي بلا افتتاح؛ إسقاط denumerable؛ استعمال صيغة أداة نكرة في مواضع الاسم المحمي","الصيغة المختصرة تحتاج قوسين متطابقين، وإعادة تشغيل الرموز أثبتت الحوامل الصرفية القانونية","commit 9620cc73f9c8e0ad003c514a5d3748f29611c4c0; pinned content/normal-modal-logic/syntax-and-semantics/language-modal-logic.tex; OLP-0410","confidence 1.00; source repair plus exact paired carrier restoration","2026-08-17","Codex source oracle and paired carrier replay","صححت العربية القوس وأعادت !!{denumerable}s و!!{formula} في المواضع الثلاثة"
"simultaneous-substitution definition mis-tags biconditional and scopes two outer substitutions over fragments","use prvIff; scope each outer Subst over the entire formula at both examples; retain plural !!{formula}s carrier","source_modal_substitution_scope_corrected_olp0411","إبقاء prvIf للتكافؤ؛ إحلال الجزء الواقع بعد lif فقط؛ تسطيح حامل جمع formula","وسم الباني يجب أن يطابق liff، والإحلال المتكرر يعمل على الصيغة الناتجة كاملة","commit 9620cc73f9c8e0ad003c514a5d3748f29611c4c0; pinned content/normal-modal-logic/syntax-and-semantics/substitution.tex; OLP-0411","confidence 1.00; exact tag and scope repairs plus paired carrier restoration","2026-08-17","Codex source oracle and paired carrier replay","استعملت العربية prvIff ووسعت Subst إلى الصيغتين كاملتين وأعادت !!{formula}s"
"modal duality proof omits the world argument and a later universal formula carrier was flattened","add [w] to mSat slash M Box not A; retain the second plural !!{formula}s carrier","source_modal_truth_world_argument_corrected_olp0413","إبقاء علاقة الصدق بلا عالم؛ إسقاط حامل الجمع في المسألة الاستقرائية؛ تغيير النموذج","جميع علاقات الصدق في هذا البرهان نسبية إلى العالم w، وحامل الجمع جزء من التوطين المضبوط","commit 9620cc73f9c8e0ad003c514a5d3748f29611c4c0; pinned content/normal-modal-logic/syntax-and-semantics/truth-at-w.tex; OLP-0413","confidence 1.00; exact world argument plus paired carrier restoration","2026-08-17","Codex source oracle and paired carrier replay","أضافت العربية [w] وأعادت !!{formula}s في الموضع الجمعي الثاني"
"truth-in-model section omits its Part and Chapter headers","add Part normal-modal-logic and Chapter syntax-and-semantics before the Section header","source_modal_truth_model_headers_corrected_olp0414","إبقاء Section وحده؛ اختراع معرفات بديلة؛ تغيير olfileid","رؤوس الوحدات المجاورة ومسار الاستيراد يثبتان الجزءَ والفصلَ القانونيين","commit 9620cc73f9c8e0ad003c514a5d3748f29611c4c0; pinned content/normal-modal-logic/syntax-and-semantics/truth-in-model.tex; OLP-0414","confidence 1.00; exact Part and Chapter headers added","2026-08-17","Codex source oracle","أضافت العربية رأسي الجزء والفصل مع إبقاء رأس القسم"
"tautological-instance induction mislabels negation, cites propositional rather than modal satisfaction, and uses implication in the biconditional branch","use prvNot; cite the definition of mSat M at w; use B liff C in the biconditional antecedent","source_modal_tautological_instances_branches_corrected_olp0416","إبقاء وسم prvFalse؛ إحالة إلى pSat؛ استعمال lif في فرع التكافؤ","فروع الاستقراء تتحدد بالباني الجاري وتعريف الصدق الموجهي وبنية التكافؤ نفسها","commit 9620cc73f9c8e0ad003c514a5d3748f29611c4c0; pinned content/normal-modal-logic/syntax-and-semantics/tautological-instances.tex; OLP-0416","confidence 1.00; exact tag, satisfaction, and biconditional repairs implemented","2026-08-17","Codex source oracle","استعملت العربية prvNot والصدق الموجهي وliff في المواضع الثلاثة"
"schema table caption leaves an unresolved editorial alternative","write Valid and invalid schemas","source_modal_schema_caption_corrected_olp0417","إبقاء or?؛ حذف الوصف؛ ادعاء أن جميع المخططات صالحة","الجدول يعرض صراحة مخططات صالحة وأخرى غير صالحة","commit 9620cc73f9c8e0ad003c514a5d3748f29611c4c0; pinned content/normal-modal-logic/syntax-and-semantics/schemas.tex; OLP-0417","confidence 1.00; exact caption repair implemented","2026-08-17","Codex source oracle","صاغت العربية العنوان بوصفه مخططات صالحة وغير صالحة"
"entailment countermodel writes a model as an unstructured set rather than an ordered triple","replace set braces by tuple W prime, R prime, V prime","source_modal_entailment_model_tuple_corrected_olp0418","إبقاء أقواس المجموعة؛ تغيير مكونات النموذج؛ حذف التعيين","النموذج الموجهي ثلاثي مرتب وتحتاج الحجج اللاحقة إلى مواضع مكوناته","commit 9620cc73f9c8e0ad003c514a5d3748f29611c4c0; pinned content/normal-modal-logic/syntax-and-semantics/entailment.tex; OLP-0418","confidence 1.00; exact tuple repair and paired carrier restoration implemented","2026-08-17","Codex source oracle and paired carrier replay","استعملت العربية tuple وأعادت حامل الصيغة المنكرة من المصدر"
"frame-definability introduction overgeneralizes a valuation construction from p to arbitrary A and carries wrong chapter metadata","state Box p lif p and set Chapter metadata to frame-definability","source_modal_frame_intro_instance_metadata_corrected_olp0420","إبقاء Box A lif A؛ إبقاء frame-correspondence؛ تغيير البناء","البناء لا يضبط إلا V(p)، ومسار الوحدة يثبت فصل frame-definability","commit 9620cc73f9c8e0ad003c514a5d3748f29611c4c0; pinned content/normal-modal-logic/frame-definability/introduction.tex; OLP-0420","confidence 1.00; exact instance and metadata repairs plus paired carrier normalization implemented","2026-08-17","Codex source oracle and paired carrier replay","قيدت العربية المثال بـp وصححت بيانات الفصل وأزالت حاملًا تفسيريًا زائدًا"
"accessibility examples omit the empty relation and fail to exclude loops in the two-cycle","set R empty in the singleton example and set R exactly to the irreflexive two-cycle","source_modal_accessibility_examples_corrected_olp0421","إبقاء R غير محددة؛ ذكر الحافتين مع السماح بحلقات؛ تغيير العالمين","المثال الأول يحتاج غياب الحواف والثاني يحتاج علاقة مضبوطة بلا حلقات كي يثبت اللاإنعكاس","commit 9620cc73f9c8e0ad003c514a5d3748f29611c4c0; pinned content/normal-modal-logic/frame-definability/properties-accessibility.tex; OLP-0421","confidence 1.00; exact relation repairs plus paired carrier normalization implemented","2026-08-17","Codex source oracle and paired carrier replay","صرحت العربية بالعلاقة الخالية وبالدورة الثنائية الدقيقة وأزالت حاملًا زائدًا"
"frame-definability proof omits a world argument and treats an axiom label as a formula","add world w to mSat M Box A and replace Ax D by Box p lif Diamond p; correct chapter metadata","source_modal_frame_definability_satisfaction_corrected_olp0423","إبقاء الصدق بلا عالم؛ إرضاء اسم البديهية؛ إبقاء بيانات فصل قديم","علاقة الصدق موضعية، وموضوع الإرضاء هو صيغة البديهية لا اسمها","commit 9620cc73f9c8e0ad003c514a5d3748f29611c4c0; pinned content/normal-modal-logic/frame-definability/definability.tex; OLP-0423","confidence 1.00; exact world, formula, and metadata repairs implemented","2026-08-17","Codex source oracle","أضافت العربية العالم واستعملت صيغة D نفسها وصححت بيانات الفصل"
"first-order nondefinability compactness proof starts its indexed family at an unusable bound and assumes every finite subset has a maximum index","define A_n for n at least 2 and choose k at least 2 above every occurring index; correct chapter metadata","source_modal_first_order_compactness_indexing_corrected_olp0424","البدء عند n=1؛ افتراض وجود أكبر فهرس حتى بلا A_n؛ إبقاء بيانات الفصل القديمة","المجال من 1 إلى k يحتاج k لا يقل عن 2، والمجموعة الجزئية قد تخلو من الصيغ المفهرسة","commit 9620cc73f9c8e0ad003c514a5d3748f29611c4c0; pinned content/normal-modal-logic/frame-definability/first-order-definability.tex; OLP-0424","confidence 1.00; exact index, finite-subset, and metadata repairs plus paired carrier normalization implemented","2026-08-17","Codex source oracle and paired carrier replay","بدأت العربية عند 2 واختارت k مضبوطًا وصححت البيانات وأزالت حاملين تفسيريين زائدين"
"standard-translation section has a false-case induction tag, unconstrained expansion structures, an inconsistent accessibility predicate, and an assignment-free satisfaction claim","use the true case; quantify expansions with Q interpreted as R and unary P_i arbitrary; use Q throughout; add assignment s; correct metadata","source_modal_second_order_translation_corrected_olp0426","إبقاء حالة false؛ السماح ببنى لا تحقق Q=R؛ استعمال P للوصول؛ حذف s؛ إبقاء البيانات القديمة","الترجمة القياسية تحفظ الصدق فقط عند ربط Q بعلاقة الوصول ومع تعيين متغير صريح","commit 9620cc73f9c8e0ad003c514a5d3748f29611c4c0; pinned content/normal-modal-logic/frame-definability/second-order-definability.tex; OLP-0426","confidence 1.00; exact induction, expansion, predicate, assignment, metadata, and paired carrier repairs implemented","2026-08-17","Codex source oracle and paired carrier replay","صححت العربية حالة true وقيود التوسيع وQ والتعيين وأعادت حاملي الجمع"
"axioms-systems introduction has a wrong file ID and wraps the K axiom macro in math delimiters","set olfileid to nml/prf/int and use Ax K without surrounding dollar signs","source_modal_axioms_intro_id_math_corrected_olp0428","إبقاء axs؛ وضع Ax K داخل رياضيات أخرى؛ تغيير عنوان القسم","بنية الفصل تثبت معرّف prf وماكرو Ax يولد سطحه الرياضي بنفسه","commit 9620cc73f9c8e0ad003c514a5d3748f29611c4c0; pinned content/normal-modal-logic/axioms-systems/introduction.tex; OLP-0428","confidence 1.00; exact ID and delimiter repairs implemented","2026-08-17","Codex source oracle","استعملت العربية nml/prf/int وأزالت محددي الرياضيات الزائدين"
"normal-logics proposition calls K the smallest modal logic without the necessary normality qualification","state that K is the smallest normal modal logic","source_modal_normal_logic_qualification_corrected_olp0429","إبقاء أصغر منطق موجهي بإطلاق؛ تغيير اسم K؛ حذف الدعوى","النتيجة تقارن الأنظمة العادية التي تحتوي البديهيات والقواعد المحددة","commit 9620cc73f9c8e0ad003c514a5d3748f29611c4c0; pinned content/normal-modal-logic/axioms-systems/normal-logics.tex; OLP-0429","confidence 1.00; exact normality qualification implemented","2026-08-17","Codex source oracle","قيدت العربية الدعوى بالمنطقات الموجهية العادية"
"logics-proofs induction uses the wrong identity relation and tests membership of bare K instead of the K axiom","use B ident Box C and Ax K in Sigma","source_modal_logics_proofs_identity_axiom_corrected_olp0430","استعمال equiv؛ اختبار K المجرد؛ تغيير مجموعة البديهيات","الفرع يحدد هوية تركيبية للصيغة وعضوية مجموعة البديهيات تتعلق بماكرو Ax K","commit 9620cc73f9c8e0ad003c514a5d3748f29611c4c0; pinned content/normal-modal-logic/axioms-systems/logics-proofs.tex; OLP-0430","confidence 1.00; exact identity and axiom repairs implemented","2026-08-17","Codex source oracle","استعملت العربية ident وAx K في موضعيهما"
"proofs-in-K derivation carries three surplus closing parentheses","remove one terminal parenthesis from steps 6, 8, and 9","source_modal_proofs_K_parentheses_corrected_olp0431","إبقاء الأقواس الزائدة؛ حذف أقواس لازمة؛ تغيير خطوات الاشتقاق","كل خطوة من المواضع الثلاثة تزيد قوسًا واحدًا على بنية الصيغة المشتقة","commit 9620cc73f9c8e0ad003c514a5d3748f29611c4c0; pinned content/normal-modal-logic/axioms-systems/proofs-in-K.tex; OLP-0431","confidence 1.00; exact three delimiter repairs implemented","2026-08-17","Codex source oracle","حذفت العربية القوس الزائد من الخطوات 6 و8 و9 فقط"
"derived-rules proof has a surplus parenthesis, drops B's formula marker in substitution, and reverses the replacement gloss","remove the surplus parenthesis; substitute formula B for q; say B for A","source_modal_derived_rules_substitution_corrected_olp0432","إبقاء القوس؛ استعمال B بلا علامة الصيغة؛ قول A بدل B","الاشتقاق يعيد كتابة C(A) بوضع B مكان A، وتحتاج وسيطة Subst إلى الصيغة B كاملة","commit 9620cc73f9c8e0ad003c514a5d3748f29611c4c0; pinned content/normal-modal-logic/axioms-systems/derived-rules.tex; OLP-0432","confidence 1.00; exact delimiter, substitution, and direction repairs implemented","2026-08-17","Codex source oracle","صححت العربية القوس وSubst واتجاه الاستبدال"
"more-proofs-in-K ends a commutativity derivation with the disjuncts reversed relative to its stated conclusion","write Diamond A or Diamond B in the final line","source_modal_more_proofs_disjunction_order_corrected_olp0433","إبقاء B ثم A؛ تغيير النتيجة المعلنة؛ حذف السطر","السطر الختامي يجب أن يطابق حرفيًا ترتيب النتيجة التي يبرهنها الاشتقاق","commit 9620cc73f9c8e0ad003c514a5d3748f29611c4c0; pinned content/normal-modal-logic/axioms-systems/more-proofs-in-K.tex; OLP-0433","confidence 1.00; exact disjunction-order repair implemented","2026-08-17","Codex source oracle","رتبت العربية الحدين A ثم B في السطر الختامي"
"soundness induction omits the K axiom case and the conditional duality axiom case","add Ax K and the tagged Dual axiom-instance branches","source_modal_soundness_axiom_cases_restored_olp0436","إبقاء الاستقراء ناقصًا؛ إضافة فروع غير مرتبطة؛ تغيير القاعدة","برهان الصحة بالاستقراء يجب أن يغطي كل نوع من البديهيات التي يسمح بها تعريف الاشتقاق","commit 9620cc73f9c8e0ad003c514a5d3748f29611c4c0; pinned content/normal-modal-logic/axioms-systems/soundness.tex; OLP-0436","confidence 1.00; exact omitted axiom cases restored","2026-08-17","Codex source oracle","أضافت العربية حالتي Ax K وDual الشرطية إلى الاستقراء"
"systems-distinct confuses logic names with axiom macros and uses raw TeX implication in a modal formula","use Ax D, Ax 4, and Ax 5; use lif in Box p lif Box Box p","source_modal_systems_axioms_implication_corrected_olp0437","استعمال Log D/4/5؛ استعمال to؛ تغيير الصيغة المضادة","المواضع تسمي مخططات بديهيات لا أنظمة، والصيغة الموجهية تحتاج رابط lif القانوني","commit 9620cc73f9c8e0ad003c514a5d3748f29611c4c0; pinned content/normal-modal-logic/axioms-systems/systems-distinct.tex; OLP-0437","confidence 1.00; exact axiom-macro and implication repairs implemented","2026-08-17","Codex source oracle","استعملت العربية Ax D وAx 4 وAx 5 والرابط lif"
"modal Rule T chain begins with a raw to arrow instead of the object-language conditional","use lif for every link of the nested conditional","source_modal_ruleT_arrow_corrected_olp0439","إبقاء to في أول السلسلة؛ تغيير بقية الروابط؛ حذف قاعدة T","السلسلة كلها صيغة شرطية واحدة في لغة الموضوع، لذا يجب أن تستعمل الرابط lif على امتدادها","commit 9620cc73f9c8e0ad003c514a5d3748f29611c4c0; pinned content/normal-modal-logic/axioms-systems/provability-properties.tex; OLP-0439","confidence 1.00; exact first connective repaired","2026-08-17","Codex source oracle","استعملت العربية lif في أول السلسلة وأبقت سائر الصيغة"
"consistency proof writes a raw to arrow in one deduction-theorem conclusion","replace to by lif in A conditional false","source_modal_consistency_arrow_corrected_olp0440","إبقاء to؛ تغيير الطرفين؛ حذف الاستدلال","مبرهنة الاستنتاج تنتج شرطًا من لغة الموضوع، والسطر التالي يستعمل الصيغة نفسها داخل قضية صادقة تحليليًا","commit 9620cc73f9c8e0ad003c514a5d3748f29611c4c0; pinned content/normal-modal-logic/axioms-systems/consistency.tex; OLP-0440","confidence 1.00; exact connective repaired","2026-08-17","Codex source oracle","استعملت العربية lif في نتيجة مبرهنة الاستنتاج"
"completeness introduction adds Sigma as a left premise to a premise-free nonderivability claim","write Proves slash indexed Sigma not A with no left premise","source_modal_completeness_spurious_premise_removed_olp0442","إبقاء Sigma على يسار علاقة الاشتقاق؛ حذف الفهرس؛ تغيير التكافؤ","المتكافئ مع اتساق A هو عدم اشتقاق نفي A من النسق وحده، لا من Sigma بوصفها مجموعة فروض إضافية","commit 9620cc73f9c8e0ad003c514a5d3748f29611c4c0; pinned content/normal-modal-logic/completeness/introduction.tex; OLP-0442","confidence 1.00; spurious left premise removed only","2026-08-17","Codex source oracle","حذفت العربية المقدمة اليسرى الزائدة وأبقت فهرس النسق"
"complete-consistent-set proof reverses the negation case, starts the biconditional converse with lif, and omits the easy disjunction converse","infer not A in Gamma from A notin Gamma; use liff in the converse hypothesis; add the closure-based Or converse","source_modal_ccs_cases_completed_corrected_olp0443","إبقاء A بدل نفيها؛ استعمال lif في فرع liff؛ ترك إثبات iff أحادي الاتجاه","التمام يفرض أحد A ونفيها، وفرع التكافؤ يجب أن يطابق القضية، والإغلاق الاستنتاجي يثبت الاتجاه العكسي للفصل","commit 9620cc73f9c8e0ad003c514a5d3748f29611c4c0; pinned content/normal-modal-logic/completeness/complete-consistent-sets.tex; OLP-0443","confidence 1.00; three local proof repairs implemented","2026-08-17","Codex source oracle","صححت العربية نتيجة النفي وفرض liff وأضافت عكس حالة Or"
"Lindenbaum enumeration lists formulas of length exactly n and therefore is not exhaustive","list formulas of length at most n at stage n","source_modal_lindenbaum_enumeration_bound_corrected_olp0444","إبقاء الطول مساويًا n؛ تغيير مجموعة المتغيرات؛ افتراض الشمول بلا بناء","إدراج الصيغ ذات الطول n فقط يفوّت الصيغ القصيرة التي تستعمل متغيرات ذات فهارس ظهرت لاحقًا، أما الحد الأعلى فيضمن الشمول","commit 9620cc73f9c8e0ad003c514a5d3748f29611c4c0; pinned content/normal-modal-logic/completeness/lindenbaums-lemma.tex; OLP-0444","confidence 1.00; exact length bound repaired","2026-08-17","Codex source oracle","قالت العربية إن الطول لا يتجاوز n"
"modal closure lemma switches the terminal B subscript from k to n and drops the Sigma index once","use B_k and Box B_k at both terminal positions; restore Proves indexed Sigma","source_modal_ccs_terminal_index_system_restored_olp0445","إبقاء B_n؛ حذف فهرس Sigma؛ تغيير قائمة الشواهد","القائمة تبدأ وتنتهي عند k، وعلاقة الاشتقاق في اللمّة نسبية إلى النسق Sigma في جميع مراحلها","commit 9620cc73f9c8e0ad003c514a5d3748f29611c4c0; pinned content/normal-modal-logic/completeness/modalities-ccs.tex; OLP-0445","confidence 1.00; exact subscripts and system index restored","2026-08-17","Codex source oracle","استعملت العربية B_k وBox B_k وأعادت فهرس Sigma"
"Truth Lemma leaves Delta outside the canonical world set and misspells the conjunction problem tag","quantify Delta in W Sigma and use probAnd","source_modal_truth_lemma_domain_tag_corrected_olp0447","إطلاق Delta بلا مجال؛ إبقاء proband؛ تغيير نص اللمّة","علاقة الصدق في النموذج القانوني معرفة عند عوالمه، واسم الوسم يجب أن يطابق فرع prvAnd","commit 9620cc73f9c8e0ad003c514a5d3748f29611c4c0; pinned content/normal-modal-logic/completeness/truth-lemma.tex; OLP-0447","confidence 1.00; exact world domain and tag repaired","2026-08-17","Codex source oracle","قيدت العربية Delta بـW^Sigma واستعملت probAnd"
"weak-density proof uses a raw to arrow in a modal object-language formula","replace to by lif between the Diamond conjunction and the conjunction of Diamonds","source_modal_frame_completeness_arrow_corrected_olp0449","إبقاء to؛ تغيير الصيغة الجهية؛ حذف خطوة الاشتقاق","العبارة المعروضة صيغة من لغة الموضوع وتستعمل في الاستدلال اللاحق بوصفها قابلة للاشتقاق","commit 9620cc73f9c8e0ad003c514a5d3748f29611c4c0; pinned content/normal-modal-logic/completeness/frame-completeness.tex; OLP-0449","confidence 1.00; exact connective repaired","2026-08-17","Codex source oracle","استعملت العربية lif وأبقت طرفي الصيغة"
"filtrations chapter wrapper carries the wrong Part metadata","set Part metadata to normal-modal-logic","source_modal_filtrations_part_corrected_olp0450","إبقاء modal-logic؛ حذف التعليق؛ تغيير معرف الفصل","مسار الاستيراد والوحدات المجاورة يثبتان أن الفصل داخل الجزء normal-modal-logic","commit 9620cc73f9c8e0ad003c514a5d3748f29611c4c0; pinned content/normal-modal-logic/filtrations/filtrations.tex; OLP-0450","confidence 1.00; exact Part metadata repaired","2026-08-17","Codex source oracle","صححت العربية بيانات الجزء فقط"
"filtration introduction has a delimiter defect and misstates equivalence-class size and the universal quotient relation","balance the formula; distinguish finitely many classes from each class being finite or infinite; use universal accessibility and Box truth at every v","source_modal_filtration_intro_semantics_corrected_olp0451","إبقاء القوس؛ ادعاء أن كل صنف متناه؛ استعمال وصول غير كلي؛ تغيير شرط Box","عدد الأصناف متناه لا أحجامها، وعلاقة القسمة في المثال كلية فتتحقق Box بحسب جميع العوالم","content/normal-modal-logic/filtrations/introduction.tex; OLP-0451","confidence 1.00; exact delimiter and semantic repairs implemented","2026-08-17","Codex source oracle","وازنت العربية الصيغة وميزت عدد الأصناف عن أحجامها واستعملت الوصول الكلي"
"filtration preliminaries treats bracket w as a world rather than its equivalence block","state that [w] is the equivalence class or block containing w","source_modal_filtration_equivalence_block_corrected_olp0452","اعتبار [w] عالمًا منفردًا؛ تغيير التكافؤ؛ حذف تعريف الصنف","ترميز القسمة يحيل إلى كتلة التكافؤ لا إلى ممثلها وحده","content/normal-modal-logic/filtrations/preliminaries.tex; OLP-0452","confidence 1.00; exact quotient-carrier repair implemented","2026-08-17","Codex source oracle","صرحت العربية بأن [w] صنف التكافؤ الحاوي لـw"
"filtration examples assign p to all even integers including nonpositive points and let tree valuations escape the frame domain","use even positive integers and intersect each tree valuation with W","source_modal_filtration_example_valuations_corrected_olp0454","جميع الأعداد الزوجية؛ عدم تقاطع التعيين مع W؛ تغيير الشجرة","التعيين يجب أن يكون مجموعة جزئية من مجال الإطار والأمثلة تعد نقاطًا موجبة","content/normal-modal-logic/filtrations/examples-of-filtrations.tex; OLP-0454","confidence 1.00; exact valuation-domain repairs implemented","2026-08-17","Codex source oracle","قيدت العربية V(p) بالموجبة الزوجية وقاطعت تعيينات الشجرة مع W"
"S5 finite-model proof evaluates the quotient formula at w instead of its equivalence class","evaluate satisfaction at [w]","source_modal_S5_fmp_quotient_world_corrected_olp0456","استعمال w؛ تغيير النموذج؛ حذف علاقة القسمة","عوالم نموذج الترشيح أصناف تكافؤ وتمثيل العالم الأصلي فيه هو [w]","content/normal-modal-logic/filtrations/S5-fmp.tex; OLP-0456","confidence 1.00; exact quotient-world repair implemented","2026-08-17","Codex source oracle","استعملت العربية [w] في علاقة التحقق"
"S5 decidability argument omits finiteness from the universal-model search space","search finite universal models","source_modal_S5_decidability_finite_models_corrected_olp0457","البحث في نماذج كلية غير متناهية؛ حذف الكلية؛ تغيير الخوارزمية","قرارية البحث تتطلب فضاءً متناهي التمثيل من النماذج المتناهية","content/normal-modal-logic/filtrations/S5-decidable.tex; OLP-0457","confidence 1.00; exact finiteness qualification implemented","2026-08-17","Codex source oracle","قيدت العربية البحث بالنماذج الكلية المتناهية"
"euclidean-filtration section has wrong loops, quotient worlds, property order, axiom macro, and filtration extremum","restore both w2 loops; use [w2] and [w5]; order transitive euclidean symmetric; use Ax 4_Diamond; define the coarsest filtration through Gamma","source_modal_euclidean_filtration_bundle_corrected_olp0459","حلقات خاطئة؛ w بدل [w]؛ ترتيب خصائص مضطرب؛ Log بدل Ax؛ أخشن/أنعم معكوس","الرسم ونموذج القسمة وتعريف الترشيح يثبتان هذه المواضع معًا","content/normal-modal-logic/filtrations/euclidean-filtrations.tex; OLP-0459","confidence 1.00; exact coupled diagram, quotient, axiom, and extremum repairs implemented","2026-08-17","Codex source oracle","صححت العربية الحلقتين وعالمي القسمة وترتيب الخواص وماكرو البديهية والترشيح الأخشن"
"tableaux chapter wrapper carries wrong Chapter metadata","set Chapter metadata to tableaux","source_modal_tableaux_chapter_metadata_corrected_olp0460","إبقاء اسم فصل آخر؛ حذف البيانات؛ تغيير Part","مسار الوحدة ووارداتها تثبت اسم فصل tableaux","content/normal-modal-logic/tableaux/tableaux.tex; OLP-0460","confidence 1.00; exact Chapter metadata repair implemented","2026-08-17","Codex source oracle","صححت العربية بيانات الفصل فقط"
"tableaux introduction has an iftag call with its third argument missing","restore the third iftag argument","source_modal_tableaux_iftag_argument_corrected_olp0461","إبقاء وسيطين؛ حذف الشرط؛ تغيير الوسم","ماكرو iftag الثلاثي يحتاج فرعًا ثالثًا كي يبقى بناء TeX سليمًا","content/normal-modal-logic/tableaux/introduction.tex; OLP-0461","confidence 1.00; exact third argument restored","2026-08-17","Codex source oracle","أعادت العربية وسيط iftag الثالث"
"tableau rules for K confuse logic and axiom titles, overstate prefix formation, and cite the wrong false-Box rule number","use Log K in titles; state the prefix-only condition exactly; use TRule False Box[2]","source_modal_tableau_K_rules_corrected_olp0462","استعمال Ax K عنوانًا؛ توسيع دعوى البادئات؛ إحالة إلى قاعدة خاطئة","السياق يسمي المنطق K ويقيد البادئات، وجدول القواعد يثبت رقم قاعدة Box الكاذبة","content/normal-modal-logic/tableaux/rules-for-K.tex; OLP-0462","confidence 1.00; exact title, prefix, and rule-reference repairs implemented","2026-08-17","Codex source oracle","استعملت العربية Log K وقيدت دعوى البادئات وأحالت إلى القاعدة 2"
"tableau soundness proof has polarity, prefix, signed-formula, model-type, satisfaction, and consequence defects plus a stray tag","apply the bounded mSat polarity, sigma, B, mModel/mSat, Entails repairs and delete stray prvDiamond tag","source_modal_tableau_soundness_bundle_corrected_olp0464","إبقاء القطبية أو البادئة الخاطئة؛ A بدل B؛ Struct/Sat؛ Proves؛ الوسم الشارد","تعريف التفسير والحالات الاستقرائية ونتيجة الصحة تحدد الإصلاحات الموضعية كلها","content/normal-modal-logic/tableaux/soundness.tex; OLP-0464","confidence 1.00; exact soundness bundle and tag deletion implemented","2026-08-17","Codex source oracle","طبقت العربية جميع إصلاحات القطبية والبادئة والصيغة والنموذج واللزوم وحذفت الوسم الشارد"
"additional tableau rule is mislabeled as axiom 5 although its displayed theorem has a Box antecedent","state Box A lif Box Diamond A directly and remove the Ax 5 gloss","source_modal_tableau_more_rule_claim_corrected_olp0465","تسميته Ax 5؛ تغيير الجدول؛ حذف النتيجة","الجدول يبرهن الصيغة المعروضة لا مخطط 5 ذي المقدمة Diamond A","content/normal-modal-logic/tableaux/more-rules.tex; OLP-0465","confidence 1.00; exact theorem claim repair implemented","2026-08-17","Codex source oracle","حذفت العربية تسمية Ax 5 وأبقت النظرية التي يبرهنها الجدول"
"more-soundness proof mis-parenthesizes two prefix images and introduces the wrong signed modal formula","use f(sigma.n) at both loci and introduce F Diamond B at sigma","source_modal_more_soundness_prefix_formula_corrected_olp0466","استعمال f(sigma).n؛ إدخال T Box B؛ تغيير العالم","التفسير يطبق f على البادئة الممتدة كاملة والقاعدة المقابلة تحمل F Diamond B","content/normal-modal-logic/tableaux/more-soundness.tex; OLP-0466","confidence 1.00; exact prefix and signed-formula repairs implemented","2026-08-17","Codex source oracle","استعملت العربية f(sigma.n) وF Diamond B"
"tableau completeness proof has multiple polarity and operand defects and proves only finite completeness with an unrestricted statement","restore exact rule operands and polarities; use complete branches; correct B/C loci; state finite-premise completeness and satisfaction","source_modal_tableau_completeness_bundle_corrected_olp0468","إبقاء القطبيات والمعاملات الخاطئة؛ closed بدل complete؛ تعميم البرهان المتناهي؛ ادعاء مجموعة ملتبسة","بناء الجدول المتناهي يثبت نتيجة ذات مقدمات متناهية وتحدد القواعد والـTruth Lemma القطبيات الدقيقة","content/normal-modal-logic/tableaux/completeness.tex; OLP-0468","confidence 1.00; exact bounded completeness repair bundle implemented","2026-08-17","Codex source oracle","صححت العربية القواعد والقطبيات وB/C وقيدت النتيجة بالمقدمات المتناهية"
"countermodel tableaux use wrong formula markers, closed instead of complete tableaux, wrong Diamond signs, root formula, and prefix","restore !A; use complete tableaux; use F Diamond; correct root; use q at prefix 1.2","source_modal_tableau_countermodels_bundle_corrected_olp0469","إسقاط علامة الصيغة؛ closed؛ T Diamond؛ جذر أو بادئة خاطئة","استخراج النموذج المضاد يعمل من فرع كامل غير مغلق وتحدد القاعدة والإشارات الرسمَ والبادئات","content/normal-modal-logic/tableaux/countermodels.tex; OLP-0469","confidence 1.00; exact countermodel bundle implemented","2026-08-17","Codex source oracle","أعادت العربية علامات الصيغ والاكتمال وF Diamond والجذر والبادئة 1.2"
"sequent duality proofs label two left-negation steps as right-negation","use LeftR lnot at both loci","source_modal_sequent_duality_rule_labels_corrected_olp0473","RightR lnot؛ تغيير الصيغة؛ حذف الخطوة","موضع الصيغة في التتابعية يحدد أن القاعدة المستعملة هي قاعدة النفي اليسرى","content/normal-modal-logic/sequent-calculus/proofs-in-K.tex; OLP-0473","confidence 1.00; exact two rule-label repairs implemented","2026-08-17","Codex source oracle","استعملت العربية LeftR للنفي في الموضعين"
"temporal-logic chapter driver closes with a part hook","استعمال OLEndChapterHook بدل OLEndPartHook","source_temporal_logic_chapter_hook_corrected_olp0476","إبقاء OLEndPartHook؛ تغيير الواردات؛ حذف خطاف الإغلاق","بنية السائق فصل لا جزء","content/applied-modal-logic/temporal-logic/temporal-logic.tex; OLP-0476","confidence 1.00; exact chapter-hook repair implemented","2026-08-17","Codex source oracle","استعملت العربية خطاف نهاية الفصل مع إبقاء ترتيب الواردات"
"temporal semantics has wrong section metadata, pluralizes denumerable before set, and uses F instead of Ftemp","Section temporal-logic-semantics؛ !!{denumerable} set؛ Ftemp A","source_temporal_semantics_metadata_carrier_operator_corrected_olp0478","بيانات إبستيمية؛ denumerables set؛ F A","المسار والتعريف يثبتان البيانات والمفرد والمشغل الزمني","content/applied-modal-logic/temporal-logic/temporal-logic-semantics.tex; OLP-0478","confidence 1.00; exact metadata, carrier, and operator repairs implemented","2026-08-17","Codex source oracle","صححت العربية بيانات القسم وصيغة المفرد واستعملت Ftemp"
"epistemic-logic chapter driver closes with a part hook","استعمال OLEndChapterHook بدل OLEndPartHook","source_epistemic_logic_chapter_hook_corrected_olp0482","إبقاء OLEndPartHook؛ تغيير الواردات؛ حذف الخطاف","بنية السائق فصل","content/applied-modal-logic/epistemic-logic/epistemic-logic.tex; OLP-0482","confidence 1.00; exact chapter-hook repair implemented","2026-08-17","Codex source oracle","استعملت العربية خطاف نهاية الفصل"
"Jaako Hintikka","ياكو هينتيكا (Jaakko Hintikka)","source_hintikka_name_corrected_olp0483","Jaako Hintikka؛ حذف الاسم؛ تغيير الإحالة","تصحيح هجاء الاسم العلم","content/applied-modal-logic/epistemic-logic/introduction.tex; OLP-0483","confidence 1.00; exact proper-name repair implemented","2026-08-17","Codex source oracle","أثبتت العربية التهجئة Jaakko"
"epistemic syntax pluralizes denumerable and defines modal-free using one schematic agent only","!!{denumerable} set؛ no Knows_a for any a in G","source_epistemic_language_carrier_modal_free_corrected_olp0484","denumerables set؛ منع عامل وكيل واحد فقط","اللغة مفهرسة بمجموعة الوكلاء G","content/applied-modal-logic/epistemic-logic/language-epistemic-logic.tex; OLP-0484","confidence 1.00; exact singular-carrier and all-agents repairs implemented","2026-08-17","Codex source oracle","قيدت العربية الخلو النمطي بغياب Knows_a لكل a في G"
"epistemic model tuple fails to bind the indexed accessibility-relation family","M = tuple(W,{R_a}_{a in G},V)","source_epistemic_model_relation_family_corrected_olp0485","tuple(W,R,V) مع R_a غير مربوط؛ حذف فهرسة الوكلاء","كل وكيل a له علاقة R_a","content/applied-modal-logic/epistemic-logic/relational-models.tex; OLP-0485","confidence 1.00; exact indexed-family repair implemented","2026-08-17","Codex source oracle","ربطت العربية عائلة العلاقات المفهرسة في رباعية النموذج"
"bisimulation uses the formula metavariable A as the agent set and malformed indexed-relation subscripts","a in G؛ R_{1,a} and R_{2,a}","source_epistemic_bisimulation_agent_indices_corrected_olp0488","a in A؛ R_{1_a}/R_{2_a}؛ حذف الفهرسة","G هي مجموعة الوكلاء المعرفة","content/applied-modal-logic/epistemic-logic/bisimulations.tex; OLP-0488","confidence 1.00; exact agent-set and relation-index repairs implemented","2026-08-17","Codex source oracle","استعملت العربية G وفهارس العلاقات القياسية"
"public-announcement syntax has metadata/spelling/carrier/quotation defects and omits biconditional from its inventory","correct section and knowledge spelling؛ singular denumerable؛ add prvIff biconditional inventory؛ close quote","source_public_announcement_language_bundle_corrected_olp0489","بيانات خاطئة؛ knowlege؛ denumerables؛ حذف iff؛ اقتباس مفتوح","القواعد الاستقرائية تتضمن iff ولذلك يجب أن يسجله مخزون اللغة","content/applied-modal-logic/epistemic-logic/public-announcement-logic-lang.tex; OLP-0489","confidence 1.00; exact metadata, carrier, inventory, and punctuation repairs implemented","2026-08-17","Codex source oracle","أضافت العربية حامل biconditional وأصلحت بقية الحزمة"
"public-announcement semantics drops a formula marker and falsely identifies two different updated models","[!A]!B؛ distinguish the two updates and reason directly in the singleton update at w_1","source_public_announcement_semantics_model_update_corrected_olp0490","[!A]B؛ ادعاء تطابق النموذجين؛ الإبقاء على w prime بلا تعريف","إعلان صيغة مور يزيل عوالم إضافية ويجعل معرفة b صادقة في التحديث الأحادي","content/applied-modal-logic/epistemic-logic/public-announcement-logic-semantics.tex; OLP-0490","confidence 1.00; exact formula and model-update repairs implemented","2026-08-17","Codex source oracle","ميزت العربية التحديثين واستنتجت كذب الإعلان مباشرة"
"constructive-reasoning unit uses chapter class/section macro and omits the irrationality proof for log_3 4","open-logic-section and olsection؛ prove 3^m=4^n impossible by unique prime factorization","source_intuitionistic_constructive_unit_and_irrationality_corrected_olp0493","open-logic-chapter؛ section؛ افتراض لا عقلانية log_3 4 بلا برهان","إذا log_3 4=m/n فإن 3^m=2^{2n} وهو محال","content/intuitionistic-logic/introduction/constructive-reasoning.tex; OLP-0493","confidence 1.00; exact unit-class and proof repairs implemented","2026-08-17","Codex source oracle","استعملت العربية فئة القسم وبرهان التحليل الأولي"
"BHK discussion has terminology, formula-marker, and injection-coordinate defects","intuitionistic connectives؛ !C؛ h_1(M_1)=tuple(1,M_1)","source_bhk_marker_injection_corrected_olp0495","intuitionist connectives؛ C بلا علامة؛ h_1(M_1)=tuple(1,M_2)","حقن الفرع الأول يجب أن يحتفظ بمدخله M_1","content/intuitionistic-logic/introduction/bhk-interpretation.tex; OLP-0495","confidence 1.00; exact terminology, marker, and injection repairs implemented","2026-08-17","Codex source oracle","صححت العربية المواضع الثلاثة"
"natural-deduction conjunction repeats A_1 in both conjunct positions","!A_1 land !A_2","source_intuitionistic_nd_conjunction_indices_corrected_olp0496","!A_1 land !A_1؛ تغيير القاعدة؛ حذف الصيغة","القاعدة تجمع مقدمتين مختلفتين","content/intuitionistic-logic/introduction/natural-deduction.tex; OLP-0496","confidence 1.00; exact second-index repair implemented","2026-08-17","Codex source oracle","استعملت العربية A_2 في الحد الثاني"
"relational-model definition leaves monotonicity in a malformed enumeration","فصل شرط الرتابة عن عنصر دالة الإسناد","source_intuitionistic_model_enumeration_corrected_olp0500","عبارة such that معلقة؛ دمج شرطين بلا بنية","الرتابة شرط مستقل على الإسناد","content/intuitionistic-logic/semantics/relational-models.tex; OLP-0500","confidence 1.00; exact enumeration repair implemented","2026-08-17","Codex source oracle","فصلت العربية الشرطين بوضوح"
"local and global entailment proof cases are swapped","تصحيح البرهان الموضعي ثم تعميمه على كل عالم","source_intuitionistic_entailment_cases_corrected_olp0501","تبديل الحالتين؛ for all every","التعريف الموضعي يثبت الحالة الأولى مباشرة","content/intuitionistic-logic/semantics/semantic-notions.tex; OLP-0501","confidence 1.00; exact proof-case repair implemented","2026-08-17","Codex source oracle","أعادت العربية ترتيب الحالتين وحذفت العبارة الفاسدة"
"topological semantics confuses a space with its topology and excludes equality cases","فضاء طوبولوجي X؛ الطوبولوجيا O؛ subseteq","source_intuitionistic_topology_and_subset_corrected_olp0502","تسمية X طوبولوجيا؛ subset صارم","المساواة حالة مسموحة في الموضعين","content/intuitionistic-logic/semantics/topological-semantics.tex; OLP-0502","confidence 1.00; exact terminology and inclusion repairs implemented","2026-08-17","Codex source oracle","ميزت العربية الفضاء من طوبولوجيته واستعملت الاحتواء غير الصارم"
"soundness proof has malformed satisfaction arity","mSat(M,A_n)[w]","source_intuitionistic_soundness_satisfaction_corrected_olp0504","mSat(M,Gamma)(A_n)[w]","الصيغة المقيمة هي A_n عند العالم w","content/intuitionistic-logic/soundness-completeness/soundness-axd.tex; OLP-0504","confidence 1.00; exact satisfaction repair implemented","2026-08-17","Codex source oracle","صححت العربية بنية محمول الإشباع"
"natural-deduction soundness has a repeated conjunct, misplaced world argument, singleton omissions, and redundant derivation carriers","B land C؛ mSat(M,B)[w]؛ singleton braces؛ carrier sequence restored","source_intuitionistic_nd_soundness_corrected_olp0505","A land B؛ world خارج المحمول؛ اتحاد بصيغة مفردة؛ تكرار حوامل الاشتقاق","المقدمات الفرعية مجموعتان تضمان B وC كلًا في مجموعة أحادية","content/intuitionistic-logic/soundness-completeness/soundness-nd.tex; OLP-0505","confidence 1.00; exact formal and carrier repairs implemented","2026-08-17","Codex source oracle and paired replay","حافظت العربية على تسلسل الحوامل الأصلي بعد الإصلاح"
"Lindenbaum construction has two glossary-carrier substitutions","derivability-to-formula carrier order؛ bare formula carrier","source_intuitionistic_lindenbaum_carriers_corrected_olp0506","حامل derivability زائد؛ a-formula في غير موضعه","التسلسل الخام يطابق المصدر 11 من 11","content/intuitionistic-logic/soundness-completeness/lindenbaum.tex; OLP-0506","confidence 1.00; exact carrier replay implemented","2026-08-17","Codex paired replay","استعيد ترتيب الحوامل من دون تغيير البرهان"
"Truth Lemma negation case is malformed and incomplete","remove stray indcase bang؛ reduce negation to the conditional case with false","source_intuitionistic_truth_lemma_negation_corrected_olp0508","indcase!؛ حالة نفي فارغة","النفي اختصار لشرط ذي تالي false","content/intuitionistic-logic/soundness-completeness/truth-lemma.tex; OLP-0508","confidence 1.00; exact proof completion implemented","2026-08-17","Codex source oracle","قدمت العربية حجة الامتداد الأولي اللازمة"
"decidability proof uses an invalid atomic-valuation quotient and malformed satisfaction syntax","finite subformula filtration with implication-preserving relation؛ exact five glossary carriers","source_intuitionistic_decidability_filtration_corrected_olp0510","quotient by atomic valuations؛ فقدان حالات الصيغ الشرطية؛ حوامل ناقصة","الترشيح على إغلاق الصيغ الجزئية يعطي حدًا لا يتجاوز 2 أس حجم Sigma","content/intuitionistic-logic/soundness-completeness/decidability.tex; OLP-0510","confidence 1.00; proof replacement, satisfaction, cases environment, and carrier replay verified","2026-08-17","Codex source oracle and paired replay","استبدلت العربية البرهان غير الصحيح بترشيح قياسي محدود"
"intuitionistic tableaux introduction misclassifies formulas and names modal logic","a formula؛ formulas in intuitionistic logic؛ declarative fragment","source_intuitionistic_tableaux_introduction_corrected_olp0512","a sentence؛ formulas in modal logic؛ fragment بلا جملة رئيسة","التصنيف والفرع المنطقي يجب أن يطابقا الوحدة","content/intuitionistic-logic/tableaux/introduction.tex; OLP-0512","confidence 1.00; carrier and prose repairs implemented","2026-08-17","Codex source oracle","استبدلت العربية حامل sentence بحامل formula وصاغت المقطع خبريًا"
"tableau implication rule names and true-branch polarities are inverted","TRule True-or-False then lif؛ false A and true B on fresh prefix","source_intuitionistic_tableaux_rules_corrected_olp0513","lif before polarity؛ true A and false B","القاعدة المعروضة هي المرجع البنيوي للمقدمات","content/intuitionistic-logic/tableaux/rules.tex; OLP-0513","confidence 1.00; exact rule repairs implemented","2026-08-17","Codex source oracle","حافظت العربية على قطبية القاعدة الموثقة"
"tableau proof cites the wrong line for false conjunction","TRule False land line 7","source_intuitionistic_tableaux_proof_citations_corrected_olp0514","line 4","السطر السابع هو الذي يحمل مقدمة الاقتران الكاذب","content/intuitionistic-logic/tableaux/proofs.tex; OLP-0514","confidence 1.00; both citations repaired","2026-08-17","Codex source oracle","صححت العربية المرجعين إلى السطر 7"
"tableau soundness has polarity, model, prefix, witness-set, and consequence defects","negative satisfaction؛ relational models؛ complete witness pair؛ entailment","source_intuitionistic_tableaux_soundness_corrected_olp0515","positive root satisfaction؛ modal case؛ singleton false implication؛ proves","البرهان يتطلب شاهدًا يحقق B ويفشل C عند الامتداد نفسه","content/intuitionistic-logic/tableaux/soundness.tex; OLP-0515","confidence 1.00; exact multi-locus proof repairs implemented","2026-08-17","Codex source oracle","استعادت العربية الرتابة والقطبيات ومجموعة الشاهد والاستلزام الدلالي"
"material-conditional introduction contains a malformed learning phrase","we learn to symbolize","source_counterfactual_material_phrase_corrected_olp0518","we earn to symbolize","المقصود تعلّم الترميز لا كسبه","content/counterfactuals/introduction/material-conditional.tex; OLP-0518","confidence 1.00; exact copyedit implemented","2026-08-17","Codex source oracle","ترجمت العربية المعنى المقصود مباشرة"
"material-conditional paradoxes contains a malformed sentence opening","another example concerns","source_counterfactual_paradox_phrase_corrected_olp0519","another example of concerns","افتتاح الجملة لا يحتاج of","content/counterfactuals/introduction/paradoxes-material.tex; OLP-0519","confidence 1.00; exact copyedit implemented","2026-08-17","Codex source oracle","صاغت العربية الجملة صياغة سليمة"
"strict-conditional converse test negates the material conditional","not(A strictif B)","source_counterfactual_strict_converse_corrected_olp0520","not(A lif B)","الصيغة المادية تجعل عدم الاستلزام المذكور كاذبًا","content/counterfactuals/introduction/strict-conditional.tex; OLP-0520","confidence 1.00; exact connective repair implemented","2026-08-17","Codex source oracle","استعملت العربية الشرط الصارم في زوج العكس المقصود"
"counterfactuals discussion leaves a parenthesis open and capitalizes a mid-sentence word","close subjunctive-conditionals parenthesis؛ debated what","source_counterfactual_prose_delimiters_corrected_olp0521","open parenthesis؛ debated What","إصلاحان نحويان لا يغيران الحجة","content/counterfactuals/introduction/counterfactuals.tex; OLP-0521","confidence 1.00; exact prose repairs implemented","2026-08-17","Codex source oracle","أغلقت العربية القوس وصاغت الاستفهام غير المباشر طبيعيًا"
"sphere semantics names the wrong formula language and states vacuous persistence too broadly","propositional formulas؛ B-admitting subspheres؛ innermost B-admitting sphere if it exists","source_counterfactual_sphere_persistence_corrected_olp0524","modal formulas؛ كل الكرات الفرعية بلا قيد","الاستمرار لا يطبق على كرة لا تحتوي أي عالم يحقق B","content/counterfactuals/minimal-change-semantics/sphere-models.tex; OLP-0524","confidence 1.00; exact semantic repair implemented; con-prefix identifier deferred as coupled source issue","2026-08-17","Codex source oracle","قيدت العربية الدعوى بالكرات التي تقبل B"
"antecedent-strengthening examples alternate strike and light","all matching antecedents say strike","source_counterfactual_antecedent_examples_corrected_olp0526","light in matched strike cases","أمثلة المطابقة تستلزم ثبات الحدث المقارن","content/counterfactuals/minimal-change-semantics/antecedent-strengthening.tex; OLP-0526","confidence 1.00; exact antecedent repairs implemented","2026-08-17","Codex source oracle","وحدت العربية الحدث في جميع السوابق المطابقة"
"transitivity example has duplicated prose and assigns the wrong atom without world arguments","remove duplicated been be؛ q-to-r positive at every u in S prime with world arguments","source_counterfactual_transitivity_model_corrected_olp0527","been be؛ q بدل r؛ غياب وسيط العالم","النموذج المضاد يتطلب صدق r في كل عالم من S prime","content/counterfactuals/minimal-change-semantics/transitivity.tex; OLP-0527","confidence 1.00; exact prose and model repairs implemented","2026-08-17","Codex source oracle","صححت العربية الذرة ووسائط العوالم"
"contraposition unit has stale metadata, wrong center symbol, and wrong model name","Section contraposition؛ O_w؛ M_1 in example satisfactions","source_counterfactual_contraposition_metadata_model_corrected_olp0528","Section transitivity؛ O؛ M","المثال معرف على M_1 ومركزه يعتمد على w","content/counterfactuals/minimal-change-semantics/contraposition.tex; OLP-0528","confidence 1.00; exact metadata and model repairs implemented","2026-08-17","Codex source oracle","استعادت العربية بيانات الوحدة ورمز المركز واسم النموذج"
"Russell paradox relation reverses its arguments","R(x,z)","source_set_theory_russell_relation_corrected_olp0532","R(z,x)","اتجاه العلاقة يتبع تعريف المجموعة السابقة","content/set-theory/story/russells-paradox-again.tex; OLP-0532","confidence 1.00; exact argument-order repair implemented","2026-08-17","Codex source oracle","حافظت العربية على ترتيب وسيطي العلاقة"
"predicativity passage misdefines the Russell set and reverses the authors' stance","all and only non-self-membered sets؛ follow the authors by accepting the vicious-circle principle","source_set_theory_predicativity_claims_corrected_olp0533","تعريف أحادي الاتجاه؛ رفض المبدأ المنسوب إلى المؤلفين","التكافؤ والانتقال الخطابي كلاهما ضروريان للحجة","content/set-theory/story/predicativity.tex; OLP-0533","confidence 1.00; exact semantic repairs implemented","2026-08-17","Codex source oracle","صححت العربية التعريف الثنائي الاتجاه وموقف النص"
"urelement discussion uses a singular noun after excluding a class","excluding urelements","source_set_theory_urelements_number_corrected_olp0535","excluding urelement","السياق يستبعد أفراد الفئة بصيغة الجمع","content/set-theory/story/urelements.tex; OLP-0535","confidence 1.00; exact number repair implemented","2026-08-17","Codex source oracle","استعملت العربية صيغة الجمع المقصودة"
"Grundgesetze passage has a possessive typo and defines membership with equality","Russell formulated؛ membership biconditional with liff_df","source_set_theory_grundgesetze_definition_corrected_olp0536","Russell's formulated؛ equality_df","تعريف العضوية قضية تكافؤ لا مساواة بين كائنات","content/set-theory/story/grundgesetze.tex; OLP-0536","confidence 1.00; exact prose and connective repairs implemented","2026-08-17","Codex source oracle","صححت العربية الإسناد واستعملت التكافؤ التعريفي"
"Zermelo history misspells Shoenfield and omits a verb","Shoenfield؛ we gave them monikers","source_set_theory_z_history_prose_corrected_olp0538","Schoenfield؛ we simply monikers","اسم العلم والفعل كلاهما مستعادان","content/set-theory/z/story.tex; OLP-0538","confidence 1.00; exact name and verb repairs implemented","2026-08-17","Codex source oracle","اعتمدت العربية اسم شونفيلد وصاغت الجملة بفعل صريح"
"Separation discussion contains two malformed English clauses","the conception we have been describing؛ this avoids","source_set_theory_separation_prose_corrected_olp0539","conception we have been telling؛ this avoid","الإصلاح يحفظ المعنى المقصود دون تغيير formal content","content/set-theory/z/separation.tex; OLP-0539","confidence 1.00; exact prose repairs implemented","2026-08-17","Codex source oracle","صاغت العربية العبارتين صياغة سليمة"
"Infinity discussion says this significance instead of the significance","the significance","source_set_theory_infinity_significance_corrected_olp0543","this significance","اسم الإشارة غير سليم في هذا السياق","content/set-theory/z/infinity-again.tex; OLP-0543","confidence 1.00; exact copyedit implemented","2026-08-17","Codex source oracle","ترجمت العربية الدلالة المقصودة مباشرة"
"commented arbitrary-intersection proof uses lowercase c for class C","x in C","source_set_theory_arbintersections_case_corrected_olp0546","x in c","المتغير المعرف في البرهان هو C الكبير","content/set-theory/z/arbintersections.tex; OLP-0546","confidence 1.00; exact commented-proof repair implemented","2026-08-17","Codex source oracle","حافظت العربية على اتساق اسم الفئة حتى في البرهان المعلق"
"ordinals chapter wrapper has stale Naive metadata","Chapter ordinals","source_set_theory_ordinals_metadata_corrected_olp0547","Chapter Naive","المسار وغلاف الفصل كلاهما يحددان فصل الأعداد الترتيبية","content/set-theory/ordinals/ordinals.tex; OLP-0547","confidence 1.00; exact metadata repair implemented","2026-08-17","Codex source oracle","صححت العربية تعليق بيانات الفصل"
"well-order isomorphism proof has a malformed image set and reverses domain with range","{y in B | f inverse y less a}؛ B_b2 is the range or codomain of f","source_set_theory_ordinal_isomorphism_corrected_olp0551","unbound f inverse y in A؛ B_b2 called the domain","الصورة مقطع ابتدائي من B ومجال القيم هو B_b2","content/set-theory/ordinals/iso.tex; OLP-0551","confidence 1.00; exact set-builder and range repairs implemented","2026-08-17","Codex source oracle","استعادت العربية مجموعة الصورة واتجاه الدالة"
"von Neumann ordinal prose says go proxy for","act as proxies for","source_set_theory_ordinal_proxy_phrase_corrected_olp0552","go proxy for","الصياغة المقصودة هي النيابة عن الرتب الحسنة","content/set-theory/ordinals/vn.tex; OLP-0552","confidence 0.99; exact copyedit implemented","2026-08-17","Codex source oracle","صاغت العربية معنى النيابة طبيعيًا"
"transfinite-induction proof calls an element which is phi without defining the counterexample set","X={beta in alpha | phi(beta)}؛ least gamma؛ ordmemberord؛ phi(gamma) and no smaller witness","source_set_theory_ordinal_least_counterexample_corrected_olp0553","ill-typed element which is phi؛ missing set X","البرهان يحتاج مجموعة غير خالية محددة ثم عنصرها الأصغر","content/set-theory/ordinals/basic.tex; OLP-0553","confidence 1.00; complete least-counterexample repair implemented","2026-08-17","Codex source oracle","أكملت العربية حجة أصغر مثال مضاد وحافظت على حامل element"
"Replacement passage contains duplicated wording about introduced axioms","using only the axioms introduced so far","source_set_theory_ordinal_replacement_phrase_corrected_olp0554","only the Axioms we provided introduced so far","إزالة التكرار تحفظ دعوى القوة النظرية","content/set-theory/ordinals/replacement.tex; OLP-0554","confidence 0.99; exact copyedit implemented","2026-08-17","Codex source oracle","صاغت العربية العبارة دون تكرار"
"ordinal-type proof types a function into an ordered structure rather than its carrier","f: beta to B؛ order-isomorphism with tuple(B,lessdot)","source_set_theory_ordtype_function_type_corrected_olp0556","f: beta to tuple(B,lessdot)","الدالة الأساسية تتجه إلى الحامل B","content/set-theory/ordinals/ordtype.tex; OLP-0556","confidence 1.00; exact typing repair implemented","2026-08-17","Codex source oracle","ميزت العربية الدالة من بنية الترتيب التي تحفظها"
"ordinal-operations proofs stop before the three-case contradiction and least-upper-bound conclusion","contradict hypotheses 1-3؛ arbitrary strict upper bound gamma؛ supstrict(X) subset gamma hence at most gamma","source_set_theory_ordinal_operations_proofs_completed_olp0557","three cases merely listed؛ no arbitrary-upper-bound comparison","البرهانان يحتاجان خاتمتيهما الاستدلاليتين","content/set-theory/ordinals/opps.tex; OLP-0557","confidence 1.00; both proof completions implemented","2026-08-17","Codex source oracle","أكملت العربية حالات الاستقراء وبرهان الأصغرية"
"stage-hierarchy prose says particularly important in the follows","particularly important in the following","source_set_theory_stage_following_phrase_corrected_olp0559","in the follows","الصياغة الإنجليزية الأصلية غير سليمة","content/set-theory/spine/idea.tex; OLP-0559","confidence 1.00; exact copyedit implemented","2026-08-17","Codex source oracle","صاغت العربية الإحالة إلى ما يلي صياغة طبيعية"
"Simple Recursion passage has malformed wording and omits the empty-input branch","clear recursive definition with the empty input mapped to the empty set","source_set_theory_simple_recursion_empty_case_corrected_olp0560","malformed prose؛ no empty-input case","فرع الإدخال الخالي لازم لاكتمال التعريف التكراري","content/set-theory/spine/recursion.tex; OLP-0560","confidence 1.00; prose and empty-case repairs implemented","2026-08-17","Codex source oracle","أثبتت العربية حالة الأساس الخالية صراحة"
"stage-comparison proof conflates gamma less than beta with the reflexive gamma equals beta case and says Conversely","separate the strict case from the equality/reflexivity case and continue directly","source_set_theory_stage_comparison_cases_corrected_olp0561","gamma less than beta used for equality case؛ false converse marker","الحالة الصارمة وحالة المساواة تحتاجان حجتين منفصلتين","content/set-theory/spine/stagesbasics.tex; OLP-0561","confidence 1.00; exact case and connective repairs implemented","2026-08-17","Codex source oracle","فصلت العربية حالة الاحتواء الصارم عن الانعكاسية"
"Foundation argument uses lowercase b where the previously defined set B is required","B","source_set_theory_foundation_set_case_corrected_olp0562","b","البرهان عرّف المجموعة B الكبيرة","content/set-theory/spine/foundation.tex; OLP-0562","confidence 1.00; exact symbol repair implemented","2026-08-17","Codex source oracle","حافظت العربية على رمز المجموعة المعرّف"
"rank proof has the wrong membership polarity at the defining stage","x notin V_rank(x)","source_set_theory_rank_membership_corrected_olp0564","x in V_rank(x)","تعريف الرتبة يجعل x خارج المرحلة ذات الرتبة نفسها","content/set-theory/spine/rank.tex; OLP-0564","confidence 1.00; exact formal repair implemented","2026-08-17","Codex source oracle","أعادت العربية القطبية الصحيحة لعلاقة العضوية"
"Replacement-strength prose contains a duplicated comparative","single comparative wording","source_set_theory_replacement_strength_duplicate_corrected_olp0567","duplicated better wording","التكرار لا يضيف معنى","content/set-theory/replacement/strength.tex; OLP-0567","confidence 0.99; exact copyedit implemented","2026-08-17","Codex source oracle","حذفت العربية التكرار"
"limitation-of-size argument uses an unqualified surjective comparison that would require Choice and contains malformed prose","Choice-safe comparison with corrected explanatory prose","source_set_theory_limitation_size_choice_safe_corrected_olp0569","unqualified surjection comparison؛ malformed prose","المقارنة المصححة لا تفترض مبدأ الاختيار ضمنًا","content/set-theory/replacement/limofsize.tex; OLP-0569","confidence 1.00; exact logical and prose repairs implemented","2026-08-17","Codex source oracle","صاغت العربية البرهان دون افتراض اختيار غير مصرح به"
"absolute-infinity proof cites Shoenfield nontextually and invokes Separation before establishing potency","textual Shoenfield citation؛ establish potency before applying Separation","source_set_theory_absolute_infinity_order_corrected_olp0570","bare citation؛ premature Separation inference؛ prose slips","ترتيب الاستدلال المصحح يثبت شرط القوة قبل الفصل","content/set-theory/replacement/absinf.tex; OLP-0570","confidence 1.00; citation prose and proof-order repairs implemented","2026-08-17","Codex source oracle","أثبتت العربية شرط القوة قبل استعمال مخطط الفصل"
"Reflection proof contains five formula and referent defects","balanced implication؛ union over S_m؛ Reflection referent؛ closed image set-builder؛ normalized bounded unique existence","source_set_theory_reflection_proofs_corrected_olp0572","extra parenthesis؛ S_n index؛ Replacement referent؛ malformed set-builder and unique-existence syntax","الإصلاحات تعيد الصيغ المقصودة في برهان الانعكاس","content/set-theory/replacement/refproofs.tex; OLP-0572","confidence 1.00; all five exact repairs implemented","2026-08-17","Codex source oracle","حافظت العربية على البرهان مع الصيغ المصححة"
"finite-axiomatizability argument falsely ranges over arbitrary transitive sets","rank-initial stages throughout the Montague minimal-model argument","source_set_theory_finite_axiomatizability_stage_argument_corrected_olp0573","arbitrary transitive sets؛ wrong internal superscript and false Separation schema","المجموعات المتعدية العامة لا تحقق مخطط الفصل المطلوب","content/set-theory/replacement/finiteaxiomatizability.tex; OLP-0573","confidence 1.00; complete stage-based repair implemented","2026-08-17","Codex source oracle","أعادت العربية بناء الحجة على مراحل هرم الرتب"
"ordinal-addition construction has four domain and attribution errors","relation on the square؛ union of tagged components؛ correct zero case؛ uniqueness by Transfinite Recursion","source_set_theory_ordinal_addition_corrected_olp0576","relation on carrier only؛ disjoint sum of already tagged components؛ false zero identity؛ wrong uniqueness theorem","هذه التصحيحات لازمة لتعريف الجمع الترتيبي","content/set-theory/ord-arithmetic/addition.tex; OLP-0576","confidence 1.00; all formal repairs implemented","2026-08-17","Codex source oracle","أثبتت العربية المجال والحالة الصفرية ومصدر الوحدانية الصحيح"
"rank-of-product exercise cites the wrong construction and omits an equality sign","use exrankpow twice and exrankcup؛ rank product equality","source_set_theory_rank_product_corrected_olp0577","exranktuple citation؛ missing equals","برهان حد الرتبة يمر عبر مجموعتي القوة ثم الاتحاد","content/set-theory/ord-arithmetic/using-addition.tex; OLP-0577","confidence 1.00; references and equality repaired","2026-08-17","Codex source oracle","استعادت العربية الإحالات والمساواة"
"ordinal-exponentiation construction reverses finfun base and exponent","finfun(beta,alpha) for base alpha and exponent beta","source_set_theory_ordinal_exponentiation_finfun_corrected_olp0579","finfun(alpha,beta) defines beta to the alpha","تعريف finfun يجعل وسيطه الأول مجال الدالة","content/set-theory/ord-arithmetic/exponentiation.tex; OLP-0579","confidence 1.00; all affected argument orders repaired","2026-08-17","Codex source oracle","حافظت العربية على ترتيب وسيطي الدوال المنتهية الدعم"
"cardinal-comparison prose says With this is mind","With this in mind","source_set_theory_cardinal_comparison_copyedit_olp0581","With this is mind","تصحيح لغوي مباشر","content/set-theory/cardinals/cp.tex; OLP-0581","confidence 1.00; exact copyedit implemented","2026-08-17","Codex source oracle","صاغت العربية المعنى الطبيعي"
"finite-cardinal corollary gloss misstates the equivalence","card(A) is not a natural number iff A is infinite","source_set_theory_cardinal_finiteness_gloss_corrected_olp0584","misaligned cardinal and infinitude gloss","التكافؤ الصحيح يربط طبيعية الكاردينال بتناهي المجموعة","content/set-theory/cardinals/classing.tex; OLP-0584","confidence 1.00; exact logical gloss repaired","2026-08-17","Codex source oracle","استعادت العربية طرفي التكافؤ الصحيحين"
"powerset cardinality uses the wrong exponent base notation","card(Pow(A)) = cardexpo(2,card(A))","source_set_theory_cardinal_powerset_exponent_corrected_olp0587","wrong exponent ordering or carrier","مبرهنة كانتور تستعمل أساساً مقداره 2 وأساً هو كاردينال A","content/set-theory/card-arithmetic/opps.tex; OLP-0587","confidence 1.00; exact formula repair implemented","2026-08-17","Codex source oracle","ثبتت العربية صيغة أس مجموعة القوة"
"infinite-cardinal product proof omits the finite-gamma branch and has malformed prose","explicit finite gamma segment case plus corrected wording","source_set_theory_cardinal_product_finite_case_corrected_olp0588","no finite gamma case؛ malformed prose","الاستقراء يحتاج معالجة القطعة المنتهية قبل الحالة غير المنتهية","content/set-theory/card-arithmetic/simp.tex; OLP-0588","confidence 1.00; finite case and prose repairs implemented","2026-08-17","Codex source oracle","أضافت العربية حالة غاما المنتهية صراحة"
"cardinal exponentiation proof has title map domain notation reference and zero-exponent defects","plural title؛ bijection to ordered tuple؛ literal product domain؛ cardinal-exponent notation and Cantor references؛ require 0<n","source_set_theory_cardinal_exponentiation_corrected_olp0589","singular title؛ product codomain؛ cardtimes domain؛ wrong notation and references؛ includes n=0","الإصلاحات تحفظ تعريف الأس الكاردينالي وحالة الأس الموجب","content/set-theory/card-arithmetic/expotough.tex; OLP-0589","confidence 1.00; all formal and prose repairs implemented","2026-08-17","Codex source oracle","استعادت العربية الخرائط والرموز وشرط الأس الموجب"
"continuum-hypothesis chapter has faulty recursion uniqueness and lower-bound hypotheses","correct recursion referent؛ uniqueness from strict aleph growth؛ assume a infinite and 1<=b<a","source_set_theory_continuum_hypothesis_corrected_olp0590","wrong recursion referent؛ unsupported uniqueness؛ missing lower-bound conditions؛ prose slips","رتابة ألف الصارمة تعطي الوحدانية والحدود تحتاج فروضها كاملة","content/set-theory/card-arithmetic/ch.tex; OLP-0590","confidence 1.00; proof and prose repairs implemented","2026-08-17","Codex source oracle","أكملت العربية فروض الحد وبرهان الوحدانية"
"fixed-point discussion duplicates days and its class injection is not class-valued","remove duplicated days؛ tau_0(A)=cardSucc(card(A))","source_set_theory_cardinal_fixed_point_injection_corrected_olp0591","duplicated days؛ ill-typed class injection","تابع خلف الكاردينال يعطي قيمة مميزة وأكبر من كاردينال A","content/set-theory/card-arithmetic/fix.tex; OLP-0591","confidence 1.00; prose and class-function repairs implemented","2026-08-17","Codex source oracle","استعادت العربية حقن الفئة بواسطة تاو صفر"
"Choice introduction contains a grammar defect","naturalized grammatical sentence","source_set_theory_choice_introduction_copyedit_olp0593","malformed source grammar","تصحيح لغوي دون تغيير المعنى","content/set-theory/choice/introduction.tex; OLP-0593","confidence 0.99; exact copyedit implemented","2026-08-17","Codex source oracle","صاغت العربية العبارة سليمة"
"Tarski-Scott discussion lacks the explicit singleton counterexample and least-rank minimality","A={emptyset}؛ least alpha satisfying the defining property","source_set_theory_tarski_scott_minimality_corrected_olp0594","implicit A؛ alpha not stated least","المثال يحتاج مجموعة أحادية محددة والتعريف يحتاج رتبة صغرى","content/set-theory/choice/tarskiscott.tex; OLP-0594","confidence 1.00; singleton and minimality repairs implemented","2026-08-17","Codex source oracle","صرحت العربية بالمجموعة الأحادية وشرط الرتبة الصغرى"
"Hartogs comparison proof has a mistyped subset and malformed cardinal equivalence","B subseteq A; separate equinumerosities A disjointsum B with M and A times B with M","source_set_theory_hartogs_comparison_corrected_olp0595","B subseteq R; nested cardeq expression","الإصلاح يعيد مجال العلاقة ويصرح بالتساويين العدديين على نحو صحيح","content/set-theory/choice/hartogs.tex; OLP-0595","confidence 1.00; exact formal repairs implemented","2026-08-17","Codex source oracle","حافظت العربية على برهان هارتوغس بصيغتيه المصححتين"
"Choice-to-Well-Ordering proof mishandles the empty case stopping direction and bijection scope","dispatch A empty; choose from nonempty subsets; delta greater than or equal alpha; pre-stop injection; Hartogs on A; restrict g to alpha","source_set_theory_choice_wellordering_proof_corrected_olp0596","choice on Pow(A); reversed stop inequality; wrong carrier; global range claim","الحجة الصحيحة تفصل الحالة الخالية وتحصر الحقن والقيمة الحارسة في مجاليهما","content/set-theory/choice/wellorderingproblem.tex; OLP-0596","confidence 1.00; cohesive proof repair and paired scope correction implemented","2026-08-17","Codex paired replay","صححت العربية مجال دالة الاختيار إلى مجموعة الأجزاء غير الخالية"
"Countable Choice estimate uses the wrong indexed set in its finite union","bigcup over A_i for i<n","source_set_theory_countable_choice_index_corrected_olp0597","bigcup over repeated A_n","الحد يقتضي اتحاد المجموعات ذات الفهارس السابقة","content/set-theory/choice/countablechoice.tex; OLP-0597","confidence 1.00; exact index repair implemented","2026-08-17","Codex source oracle","استعادت العربية الفهرس المتغير الصحيح"
"Choice justification prose has number disagreement","every possible collection","source_set_theory_choice_justification_copyedit_olp0598","every possible collections","تصحيح لغوي مباشر","content/set-theory/choice/justifications.tex; OLP-0598","confidence 0.99; copyedit naturalized","2026-08-17","Codex source oracle","صيغت العبارة العربية سليمة"
"Banach discussion has a surplus tangent parenthesis and calls geometric translations transportations","balanced tangent formula; geometric translation terminology","source_set_theory_banach_translation_corrected_olp0599","extra parenthesis; transport terminology","الإزاحة هي الحركة الهندسية المقصودة","content/set-theory/choice/banach.tex; OLP-0599","confidence 1.00; formula and terminology repairs implemented","2026-08-17","Codex source oracle","استعملت العربية الإزاحة وحافظت على صيغة الظل المتوازنة"
"Vitali and Banach-Tarski sketch uses a non-group rotation set and omits the nonfree-action exception","rational multiples of a full turn; exact square maps for both halves; nonidentity fixed-point removal; absorption restoration; nonnegative measure split","source_set_theory_vitali_group_action_corrected_olp0600","rational radian angles; undefined basis claim; wrong group variables; direct free-action assumption","الإصلاحات تجعل مجموعة الدورانات زمرة وتسد استثناء النقاط الثابتة في حجة باناخ تارسكي","content/set-theory/choice/vitali.tex; OLP-0600","confidence 1.00; complete group action and measure repairs implemented","2026-08-17","Codex source oracle","أثبتت العربية الإغلاق وأزالت نقاط التثبيت ثم أعادتها بخطوة الامتصاص"
"Methods editorial has plural subject disagreement","plural planned items are also planned","source_methods_editorial_agreement_corrected_olp0601","plural subject with singular verb","تصحيح لغوي مباشر","content/methods/methods.tex; OLP-0601","confidence 0.99; copyedit naturalized","2026-08-17","Codex source oracle","صيغت الجملة العربية باتفاق سليم"
"Proofs chapter driver loads the section wrapper","open-logic-chapter wrapper","source_methods_proofs_wrapper_corrected_olp0602","open-logic-section wrapper with olchapter","نوع ملف القارئ يجب أن يطابق ماكرو الفصل","content/methods/proofs/proofs.tex; OLP-0602","confidence 1.00; wrapper repair implemented","2026-08-17","Codex source oracle","استعملت العربية غلاف الفصل الصحيح"
"Proofs introduction contains parallelism and article defects","parallel proving or showing; natural rigorous-proof article","source_methods_proofs_introduction_copyedit_olp0603","proving or show; missing article","تصحيحان لغويان لا يغيران المعنى","content/methods/proofs/introduction.tex; OLP-0603","confidence 0.99; prose naturalized","2026-08-17","Codex source oracle","صيغت العربية بتركيب متواز وطبيعي"
"Using Definitions carries the wrong Methods file-id prefix","olfileid mth prf def","source_methods_using_definitions_fileid_corrected_olp0605","olfileid mod prf def","المعرف المصحح يطابق جزء Methods ومسار الملف","content/methods/proofs/using-definitions.tex; OLP-0605","confidence 1.00; metadata repair implemented","2026-08-17","Codex source oracle","صححت العربية معرف الملف وطبعته إلى NFC"
"Inference-pattern examples contain malformed grammar missing subjects and a wrong nonempty-set variable","natural statement grammar; x in D and x in E; existential-object gloss; x in emptyset and x in A; A not equal emptyset","source_methods_inference_patterns_corrected_olp0606","source typos; bare membership predicates; x not equal emptyset","الإصلاحات تعيد المتغيرات والمحمولات المطلوبة مع إبقاء مثال المتغير المشترك الباطل مقصودا","content/methods/proofs/inference-patterns.tex; OLP-0606","confidence 1.00; exact formal and prose repairs implemented","2026-08-17","Codex source oracle","استعادت العربية موضوعات صيغ العضوية وشرط لاخلو A وطبع NFC"
"Example 1 contains a missing apostrophe in the proof-transition prose","naturalized proof-transition prose","source_methods_example1_copyedit_olp0607","Lets start","تصحيح لغوي مباشر دون تغيير الاستدلال","content/methods/proofs/example-1.tex; OLP-0607","confidence 0.99; copyedit naturalized and paired replay passed","2026-08-17","Codex source oracle","صيغ الانتقال في العربية صياغة سليمة"
"Example 2 has an unmatched parenthesis in the reverse inclusion","C subseteq A union (C setminus A)","source_methods_example2_inclusion_corrected_olp0608","missing closing parenthesis","الإصلاح يغلق صيغة الاحتواء العكسي المطلوبة لإثبات المساواة","content/methods/proofs/example-2.tex; OLP-0608","confidence 1.00; exact formal repair implemented and paired replay passed","2026-08-17","Codex source oracle","حافظت العربية على الاحتواء العكسي المتوازن"
"Proof by contradiction negates the wrong set-membership claim and has a conjunction typo","x notin A union B; A subseteq B and B subseteq A","source_methods_contradiction_union_corrected_olp0609","x notin C at the union locus; an instead of and","النفي الصحيح يتعلق باتحاد A وB والتعريف يحتاج طرفي الاحتواء","content/methods/proofs/proof-by-contradiction.tex; OLP-0609","confidence 1.00; formal and prose repairs implemented; NFC normalized; paired replay passed","2026-08-17","Codex paired replay","استعادت العربية نفي العضوية في الاتحاد وطرفي تعريف المساواة"
"Reading Proofs repeats absorption direction a as direction b and has a stray parenthesis","A subseteq A cap (A union B); balanced prose","source_methods_reading_proofs_absorption_corrected_olp0610","duplicated A cap (A union B) subseteq A; surplus parenthesis","الجزء الثاني من برهان المساواة يجب أن يثبت الاحتواء المعاكس","content/methods/proofs/reading-proofs.tex; OLP-0610","confidence 1.00; exact direction and delimiter repairs implemented; paired replay passed","2026-08-17","Codex source oracle","أثبتت العربية اتجاهي قانون الامتصاص"
"Resources section uses the raw section command instead of the project section macro","olsection","source_methods_resources_olsection_corrected_olp0612","raw section command","الماكرو المصحح يحافظ على ربط بنية مشروع المنطق المفتوح","content/methods/proofs/resources.tex; OLP-0612","confidence 1.00; metadata macro repair and link replay passed","2026-08-17","Codex source oracle","استعملت العربية ماكرو المبحث وحافظت على جميع الروابط"
"Induction chapter driver loads the section wrapper","open-logic-chapter wrapper with ordered imports","source_methods_induction_wrapper_corrected_olp0613","open-logic-section wrapper with olchapter","نوع ملف القارئ يجب أن يطابق ماكرو الفصل","content/methods/induction/induction.tex; OLP-0613","confidence 1.00; wrapper repair implemented and import order replayed","2026-08-17","Codex source oracle","استعملت العربية غلاف الفصل الصحيح وحافظت على ترتيب الاستيراد"
"Induction-on-N dice proof has the wrong base index and sequence typos","P(0); corrected k indices; balanced sequence equations","source_methods_induction_on_n_corrected_olp0615","P(1) base; wrong induction variable; dangling empty equality","الحالة الأساسية لعدد أحجار النرد تبدأ من الصفر وصيغ المتوالية تحتاج مؤشرات متسقة","content/methods/induction/induction-on-N.tex; OLP-0615","confidence 1.00; base index and formula repairs implemented; paired replay passed","2026-08-17","Codex source oracle","أثبتت العربية P(0) وصححت المؤشرات ومعادلات المتوالية"
"Strong induction explanation omits positivity and uses the wrong hypothesis predicate","k greater than 0; P(l) for every l less than k","source_methods_strong_induction_corrected_olp0616","unqualified k; P(k) in the lower-index hypothesis","الانتقال إلى السابق يتطلب k موجبا وصيغة الاستقراء القوي تتكمم على l الأصغر","content/methods/induction/strong-induction.tex; OLP-0616","confidence 1.00; exact bound and predicate repairs implemented; paired replay passed","2026-08-17","Codex source oracle","صرحت العربية بشرط الإيجابية وفرض P(l) الصحيح"
"Inductive Definitions has number agreement bracket terminology and new-term wording defects","plural strings; brackets; new nice terms; exact constructor lengths","source_methods_inductive_definitions_corrected_olp0617","singular string; parentheses for brackets; singular new term","المصطلحات والعدد يجب أن يطابقا السلاسل والبنية ذات الأقواس المربعة","content/methods/induction/inductive-definitions.tex; OLP-0617","confidence 1.00; prose and constructor repairs implemented; paired replay passed","2026-08-17","Codex source oracle","ميزت العربية السلاسل والأقواس والحدود الجديدة مع إبقاء الصيغ الدقيقة"
"Structural Induction has missing grammar a singular-operation mismatch and malformed alignment and bracket counts","is often called; one operation; o(s1,s2) &= constructor; explicit s1 and bracket counts","source_methods_structural_induction_corrected_olp0618","missing verb; operations are; = &; omitted s1 and malformed bracket-count wording","الإصلاحات تعيد وصف العملية الوحيدة ومحاذاة الصيغة وفرض الاستقراء لكل من s1 وs2","content/methods/induction/structural-induction.tex; OLP-0618","confidence 1.00; prose formula and bracket-count repairs implemented; paired replay passed","2026-08-17","Codex source oracle","حافظت العربية على العملية المفردة ومحاذاة &= وحساب الأقواس الصريح"
"Relations example has raw b tokens and four dangling equality signs","mathrm b; completed alignments; retained final conjunction","source_methods_relations_corrected_olp0619","raw b; plus-one equals line break; lost conjunction risk","الإصلاح يميز الرمز الرياضي ويغلق سلاسل المساواة من غير حذف المسألة الأخيرة","content/methods/induction/relations.tex; OLP-0619","confidence 1.00; exact formula repairs and final problem replay passed","2026-08-17","Codex source oracle","استعملت العربية الرمز الرياضي المصحح وحذفت علامات المساواة المعلقة"
"Cantor biography contains a broken concessive sentence fragment","complete factual sentence about his known birth and parents","source_history_cantor_fragment_corrected_olp0622","not true semicolon although fragment","الجملة المصححة تفصل الأسطورة عن حقيقة الميلاد من غير تناقض نحوي","content/history/biographies/georg-cantor.tex; OLP-0622","confidence 1.00; fragment repaired and citation/photo topology replayed","2026-08-17","Codex source oracle","صاغت العربية النفي وحقيقة الميلاد في جملة تامة"
"Church biography omits of in a two-year interval","after two years abroad","source_history_church_two_years_corrected_olp0623","after a couple years abroad","الفاصل الزمني يحتاج تركيب الإضافة الصحيح في الأصل وترجمة صريحة","content/history/biographies/alonzo-church.tex; OLP-0623","confidence 1.00; two-year wording repaired; paired replay passed","2026-08-17","Codex source oracle","صرحت العربية بأنه قضى عامين في الخارج"
"Gentzen biography has agreement and original-language wording defects","wrote poems; original German","source_history_gentzen_wording_corrected_olp0624","also write poems; in german","الإصلاح يحفظ زمن السرد واسم اللغة في وصف النص الأصلي","content/history/biographies/gerhard-gentzen.tex; OLP-0624","confidence 1.00; grammar and source-language wording repaired","2026-08-17","Codex source oracle","صححت العربية السرد وعبارة الألمانية الأصلية"
"Goedel biography contains a malformed marriage clause","complete contrast about age and marital status","source_history_goedel_clause_corrected_olp0625","not only was she older and already fragment","المقابلة تحتاج خبرين مكتملين كي لا ينقطع المعنى التاريخي","content/history/biographies/kurt-goedel.tex; OLP-0625","confidence 1.00; clause repaired; target NFC normalized; paired replay passed","2026-08-17","Codex source oracle","أكملت العربية طرفي المقابلة في وصف زواجه"
"Noether biography has policy resistance predicate and lecture-pronoun defects","updated policy; resistance; predicate; her lectures","source_history_noether_wording_corrected_olp0626","misbound policy and lecture pronouns","تصحيح المراجع الضميرية والمصطلحات يمنع نسبة المحاضرات أو السياسات إلى غير أصحابها","content/history/biographies/emmy-noether.tex; OLP-0626","confidence 1.00; all promoted biography repairs implemented","2026-08-17","Codex source oracle","ضبطت العربية السياسة والمقاومة والمحمول ومرجع ضمير المحاضرات"
"Peter biography misspells the birth name and university name","R\'ozsa Politzer; E\"otv\"os Lor\'and University","source_history_peter_names_corrected_olp0627","R\'osza Politzer; incomplete Lorand institution name","الأسماء التاريخية المثبتة تحفظ الهوية والإحالة المؤسسية بدقة","content/history/biographies/rozsa-peter.tex; OLP-0627","confidence 1.00; exact TeX names retained in both locales","2026-08-17","Codex source oracle","أثبتت العربية الاسمين المصححين مع الشكل اللاتيني الدقيق"
"Robinson biography has scar-tissue and academy-name defects","scar-tissue buildup; National Academy of Sciences","source_history_robinson_facts_corrected_olp0628","awkward buildup wording; singular Academy of Science","التفصيل الطبي والاسم المؤسسي يحتاجان صياغة دقيقة غير مختزلة","content/history/biographies/julia-robinson.tex; OLP-0628","confidence 1.00; medical and academy wording repaired","2026-08-17","Codex source oracle","صححت العربية تراكم النسيج الندبي واسم الأكاديمية الوطنية للعلوم"
"Russell biography has grammar award-title and home-of wording defects","Nobel Prize in Literature; home to the archive","source_history_russell_wording_corrected_olp0629","Nobel Prize for literature; home of","اسم الجائزة والعلاقة المكانية صيغتا بصورتهما الاصطلاحية الصحيحة","content/history/biographies/bertrand-russell.tex; OLP-0629","confidence 1.00; promoted wording repairs implemented","2026-08-17","Codex source oracle","استعملت العربية جائزة نوبل في الأدب وصياغة المقر الصحيحة"
"Tarski biography has a missing auxiliary and compound-volume defect","was written; four-volume collection","source_history_tarski_wording_corrected_olp0630","written without auxiliary; four volume","الإصلاح يكمل المبني للمجهول ويضبط وصف المجموعة ذات المجلدات الأربعة","content/history/biographies/alfred-tarski.tex; OLP-0630","confidence 1.00; both wording repairs implemented; paired replay passed","2026-08-17","Codex source oracle","أكملت العربية الفعل ووصفت السلسلة المؤلفة من أربعة مجلدات"
"Turing biography has copy and legal-name wording defects","correct biographical wording and legal names","source_history_turing_biography_corrected_olp0631","ambiguous copy and name wording","ضبط الأسماء القانونية وصياغة السيرة يمنع التباس الهوية والوقائع","content/history/biographies/alan-turing.tex; OLP-0631","confidence 1.00; promoted biography repairs implemented; paired replay passed","2026-08-17","Codex source oracle","حافظت العربية على الأسماء والوقائع المصححة"
"Zermelo biography has sisters honorary-title and qualification wording defects","sisters; honorary appointment; qualified status","source_history_zermelo_biography_corrected_olp0632","number and status wording defects","عدد الأخوات والصفة الفخرية والأهلية حقائق سيريّة مستقلة يجب ألا تختلط","content/history/biographies/ernst-zermelo.tex; OLP-0632","confidence 1.00; all promoted wording repairs implemented","2026-08-17","Codex source oracle","ميزت العربية عدد الأخوات والتعيين الفخري ووصف التأهل"
"Set-theory history driver loses book-title emphasis and risks a spurious hook","italic Open Set Theory title; no invented end hook","source_history_set_theory_driver_corrected_olp0633","plain title; non-source hook","عنوان الكتاب حامل دلالي مطبعي وبنية الملف لا تتضمن خطاف نهاية إضافيا","content/history/set-theory/set-theory.tex; OLP-0633","confidence 1.00; emphasis and exact driver topology replayed","2026-08-17","Codex source oracle","ترجمت العربية عنوان الكتاب داخل emph وحافظت على غياب الخطاف"
"Infinitesimals history has prose defects around the Berkeley quotation","naturalized prose with quotation preserved exactly","source_history_infinitesimals_prose_corrected_olp0634","awkward prose or altered quotation","الشاهد التاريخي المنقول يجب أن يبقى مستقرا مع إصلاح النثر المحيط به فقط","content/history/set-theory/infinitesimals.tex; OLP-0634","confidence 1.00; prose repaired and Berkeley quote topology preserved","2026-08-17","Codex source oracle","أصلحت العربية النثر وأبقت اقتباس بركلي وحوامله"
"Limits discussion omits the puncture and has related formula defects","0 < |x-c| < delta with coherent epsilon-delta formulas","source_history_limits_formulas_corrected_olp0635","unpunctured or malformed limit condition","تعريف النهاية يحتاج استبعاد نقطة المركز مع اتساق جميع حدود إبسيلون ودلتا","content/history/set-theory/limits.tex; OLP-0635","confidence 1.00; strict punctured condition and related formulas verified","2026-08-17","Codex source oracle","أثبتت العربية شرط النهاية المثقوب الصارم والصيغ التابعة"
"Pathologies history has date continuously and differentiability defects","correct date; continuously; differentiability","source_history_pathologies_wording_corrected_olp0636","wrong date and malformed analytic terminology","الدقة التاريخية والمصطلحات التحليلية ضرورية في وصف الأمثلة المرضية","content/history/set-theory/pathologies.tex; OLP-0636","confidence 1.00; date and terminology repairs implemented","2026-08-17","Codex source oracle","صححت العربية التاريخ وصيغتي الاستمرار وقابلية الاشتقاق"
"Set-theory mythology contains a malformed appositive","complete appositive identifying the cited figure","source_history_mythology_appositive_corrected_olp0637","broken appositive clause","البدل المكتمل يمنع انقطاع هوية الشخص أو العمل في السرد","content/history/set-theory/mythology.tex; OLP-0637","confidence 1.00; appositive repaired; paired replay passed","2026-08-17","Codex source oracle","أكملت العربية البدل التفسيري في موضعه"
"Cantor-plane discussion confuses binary and terminating expansions","binary expansion and terminating case distinguished","source_history_cantor_plane_expansions_corrected_olp0638","ambiguous binary or termination wording","التمثيل الثنائي والحالة المنتهية يحتاجان تمييزا لحماية حجة الحقن والشمول","content/history/set-theory/cantor-plane.tex; OLP-0638","confidence 1.00; expansion terminology and formulas verified","2026-08-17","Codex source oracle","ميزت العربية التوسع الثنائي والمنتهي مع إبقاء البرهان"
"Hilbert-curve source omits a rigorous convergence continuity and surjectivity argument","uniform O(2^-n) bound; uniform-limit continuity; compact-subsequence surjectivity","source_history_hilbert_curve_proof_completed_olp0639","pointwise-limit assertion without adequate proof","الإكمال يثبت التقارب المنتظم ثم الاتصال ثم الشمول ولا يكتفي بالرسم الحدسي","content/history/set-theory/hilbert-curve.tex; OLP-0639","confidence 1.00; full proof completion verified in both locales","2026-08-17","Codex source oracle","أضافت العربية حد التقارب المنتظم وبرهان الاتصال وبرهان الشمول بالتراص"
"Greek-alphabet reference metadata contains a filename suffix","section metadata without .tex and exact glyph table","source_reference_greek_metadata_corrected_olp0641","section name ending in .tex","بيانات المبحث تستعمل المعرف المستقر لا اسم الملف الفيزيائي","content/reference/greek-alphabet/greek-alphabet.tex; OLP-0641","confidence 1.00; metadata and glyph carriers replayed","2026-08-17","Codex source oracle","حذفت العربية لاحقة الملف من البيانات وحافظت على جدول الرموز"
"Fraktur-alphabet reference metadata contains a filename suffix","section metadata without .tex and exact glyph table","source_reference_fraktur_metadata_corrected_olp0642","section name ending in .tex","المعرف الدلالي للمبحث مستقل عن لاحقة ملف المصدر","content/reference/fraktur-alphabet/fraktur-alphabet.tex; OLP-0642","confidence 1.00; metadata and glyph carriers replayed","2026-08-17","Codex source oracle","حذفت العربية لاحقة الملف من البيانات وحافظت على جدول الحروف"
"Provability properties omit a proof and reuse an ambiguous label and reference","added biconditional proof; distinct properties label and ref; correct lnot conclusion","source_fol_provability_proof_labels_corrected_olp0643","missing proof; reused prop:provability; wrong positive conclusion","الإصلاح يفصل القضية الجامعة عن خواصها ويثبت الاتجاهين ويعيد النتيجة المنفية الصحيحة","content/first-order-logic/axiomatic-deduction/provability.tex; OLP-0643","confidence 1.00; added proof and exact label ref formula deltas replayed","2026-08-17","Codex source oracle","أضافت العربية البرهان ووسم الخصائص المستقل وصححت نتيجة النفي"
"Composition representation has malformed nested existential quantifiers and brackets","exists z0 through z{k-1} with one balanced conjunction","source_incompleteness_composition_formula_corrected_olp0647","z0-dots as one variable and mismatched brackets","تمثيل التركيب يحتاج متغيرا وسيطا مستقلا لكل دالة داخل اقتران واحد متوازن","content/incompleteness/representability-in-q/c-representable.tex; OLP-0647","confidence 1.00; exact quantified composition formula verified","2026-08-17","Codex source oracle","أعادت العربية سلسلة الكميات الوجودية والأقواس الصحيحة"
"Conversion source has stale chapter ID and ends after an unfinished colon","syntax chapter ID and minimal alpha-conversion definition with bound-renaming example","source_lambda_conversion_completed_olp0651","introduction ID; truncated paragraph","الإكمال المحافظ يقتصر على إعادة التسمية المتسقة للمتغيرات المقيدة والمثال المعطى","content/lambda-calculus/syntax/conversion.tex; OLP-0651","confidence 1.00; authorized minimal completion and topology replayed","2026-08-17","Codex source oracle","صححت العربية معرف فصل النحو وأكملت تعريف تحويل ألفا بأقل صياغة لازمة"
"Many-valued proof-theory proposition cites the first-order path","mvl seq prf prop:incons reference","source_mvl_proof_notions_reference_corrected_olp0652","fol seq ptn prop:incons reference","المحال إليه يقع في فصل حساب التتابع متعدد القيم لا في مسار منطق الرتبة الأولى","content/many-valued-logic/sequent-calculus/proof-theoretic-notions.tex; OLP-0652","confidence 1.00; corrected cross-reference replayed","2026-08-17","Codex source oracle","استعملت العربية مسار الإحالة متعدد القيم الصحيح"
"Nonstandard arithmetic has language domain quantifier and successor-order defects","L_N; Domain(M)^2; exists x in parity; x-star less than y","source_model_theory_nonstandard_arithmetic_corrected_olp0653","L; M^2; free x; repeated x less than y","الإصلاحات تربط التفسير باللغة والمجال الصحيحين وتغلق التكميم وخطوة ترتيب الخلف","content/model-theory/basics/nonstandard-arithmetic.tex; OLP-0653","confidence 1.00; arithmetic formula repairs verified in both locales","2026-08-17","Codex source oracle","صححت العربية اللغة ومجال العلاقة والكم الوجودي ومتباينة الخلف"
"Normal modal logic leaves the first MP premise outside membership and uses a raw label","A in L and A implies B in L; project ollabel","source_modal_normal_logic_mp_label_corrected_olp0654","A without membership; raw label","قاعدة القياس الشرطي تحتاج انتماء المقدمتين ويجب أن يستعمل التعريف وسم المشروع","content/normal-modal-logic/syntax-and-semantics/normal-modal-logics.tex; OLP-0654","confidence 1.00; MP membership and label repair replayed","2026-08-17","Codex source oracle","صرحت العربية بانتماء المقدمتين واستعملت وسم المنطق المفتوح"
"Largest-cut proof has rule naming context and local-reference defects","reserve R for the target rule; call the actual last inference S; use Delta-prime and local maximal-cut lemmas","source_cut_elimination_largest_repairs_olp0655","reuse R for two roles; Delta equals Delta; wrong external or conjunction reference","تفصل الصياغة بين القاعدة المنطقية المستهدفة وآخر استدلال فعلي وتربط الاختزال باللمتين المحليتين","content/proof-theory/cut-elimination/ce-largest.tex; OLP-0655","confidence 1.00; rule/context/reference repairs replayed","2026-08-17","Codex source oracle","طبقت العربية تمييز R وS وصححت السياق والإحالتين"
"Topmost-cut proof has premise context rank and conclusion defects","pi1 in the alternative axiom case; retain the common existential; Delta-prime; cutrank; final Gamma sequent Delta","source_cut_elimination_topmost_repairs_olp0656","pi2; lost existential; Delta; cutr; conclusion retains B","تصلح الحزمة أشجار البرهان من غير حذف العرضين الأصلي والبديل","content/proof-theory/cut-elimination/ce-topmost.tex; OLP-0656","confidence 1.00; exact proof-tree repairs replayed","2026-08-17","Codex source oracle","حافظت العربية على طوبولوجيا الأشجار وصححت المقدمات والسياقات والرتبة والنتيجة"
"Interpolation chapter has proof-tree language and Beth-combination defects","formal proof of A sequent B; Left implication label; exact Maehara language bound; combine both directions into a biconditional","source_interpolation_beth_repairs_olp0658","proof of entailment; missing rule label; undefined L1/L2; one implication treated as biconditional","يشمل الإصلاح أيضا نطاق الحد المتغير أو الثابت وموضوع غاما الثانية والتعريف الصريح للمحمول R","content/proof-theory/cut-elimination/interpolation.tex; OLP-0658","confidence 1.00; interpolation and Beth repairs replayed","2026-08-17","Codex source oracle","صانت العربية شجرة ماهارا واستعادت التقاطع اللغوي والتكافؤ واتجاهي حجة بيث"
"Cut-elimination introduction has a split proof carrier and wrong context-sharing-cut label","join !!a{proof}; use CutCS; repair proof-theoretic terminology","source_cut_elimination_introduction_repairs_olp0659","split !! newline a{proof}; Cut label","الإصلاح يحفظ حامل المصطلح الخام ويستعمل وسم قطع السياق المشترك","content/proof-theory/cut-elimination/introduction.tex; OLP-0659","confidence 1.00; carrier and rule-label repair replayed","2026-08-17","Codex source oracle","وصلت العربية الحامل واستعملت CutCS مع الصياغة الاصطلاحية الصحيحة"
"Bare intuitionistic cut fragment has duplicated contexts and malformed proof formulas","B formula; corrected pi2 triple-prime context; contracted Gamma Pi sequent Delta Lambda; cutrank","source_intuitionistic_cut_fragment_repairs_olp0660","malformed B; duplicated Pi Lambda; cutr","يبقى الملف شذرة مساعدة بلا غلاف مستحدث وتصحح داخله أشجار القطع فقط","content/proof-theory/cut-elimination/intuitionistic.tex; OLP-0660","confidence 1.00; bare-fragment topology and formulas replayed","2026-08-17","Codex source oracle","أبقت العربية الشذرة عارية وصححت الصيغ والسياقات والانكماش ورتبة القطع"
"Midsequent extraction switches subproof names introduces a stray bang and changes the matrix letter","pi1; remove stray bang before Gamma-prime; retain matrix B throughout Herbrand proof","source_midsequent_herbrand_repairs_olp0661","pi1-prime; bang Gamma-prime; matrix A","يوحد الإصلاح البرهان مع نص المبرهنة ويحافظ على شجرتي المبرهنتين","content/proof-theory/cut-elimination/midsequent.tex; OLP-0661","confidence 1.00; extraction and matrix repairs replayed","2026-08-17","Codex source oracle","صححت العربية اسم البرهان الجزئي وحذفت العلامة الزائدة وأبقت المصفوفة B"
"Natural-deduction grafting uses the wrong implication conclusion proof system and height variable","B implies A; delta2 is an N2 proof; induction on height of delta1","source_natural_deduction_grafting_repairs_olp0662","B implies C; N1 proof; undefined delta height","تربط الحزمة تعريف التطعيم بنظام N2 والبرهان الأول الذي يجري عليه الاستقراء","content/proof-theory/natural-deduction/grafting.tex; OLP-0662","confidence 1.00; grafting formulas and induction replayed","2026-08-17","Codex source oracle","صححت العربية نتيجة الشرط ونوع البرهان ومقياس الاستقراء"
"Natural-deduction introduction gives the wrong entailment conclusion for implication introduction","Gamma plus A entails B implies Gamma entails A implies B","source_natural_deduction_introduction_entailment_corrected_olp0663","concludes merely B","قراءة قاعدة إدخال الشرط يجب أن تنتج الشرط نفسه لا تاليه وحده","content/proof-theory/natural-deduction/introduction.tex; OLP-0663","confidence 1.00; entailment formula replayed","2026-08-17","Codex source oracle","أعادت العربية نتيجة الشرط كاملة في القراءة الدلالية"
"Quantifier substitution proof copies an unrelated universal-introduction tree into the existential-elimination case","substituted major existential and discharged minor assumption feed a corrected binary Elim-exists tree","source_quantifier_elim_exists_tree_corrected_olp0665","copied forall-introduction display","يتطلب الإصلاح شرط المتغير المميز للنتيجة والافتراضات المفتوحة بعد الاستبدال","content/proof-theory/natural-deduction/quantifiers.tex; OLP-0665","confidence 1.00; corrected Elim-exists tree and eigencondition replayed","2026-08-17","Codex source oracle","استبدلت العربية الشجرة المنسوخة بشجرة حذف الوجود الصحيحة مع شرط المتغير المميز"
"N1 rules table states an impossible eigencondition for existential elimination","eigenconstant absent from major premise conclusion and open assumptions other than discharged A(a)^x","source_n1_exists_eigencondition_corrected_olp0666","claims a must not occur in the discharged minor assumption","الافتراض المصروف يحتوي الثابت بالضرورة ولذلك يستثنى وحده من قيد الافتراضات المفتوحة","content/proof-theory/natural-deduction/rules-N1.tex; OLP-0666","confidence 1.00; table eigencondition replayed","2026-08-17","Codex source oracle","صححت العربية شرط الثابت المميز من غير تغيير طوبولوجيا الجدول"
"Partial-formula phrase duplicated the localized formula carrier","!!{formula} جزئية","target_carrier_morphology_corrected_olp0661","صيغة !!{formula} جزئية","الحامل نفسه يتوسع إلى صيغة ولذلك حذفت الكلمة المكررة فقط","locale/ar/content/proof-theory/cut-elimination/midsequent.tex; OLP-0661","confidence 1.00; independent Arabic replay and exact carrier check","2026-08-17","Codex paired Arabic QA","أزال التصحيح تكرار صيغة مع إبقاء الحامل الخام وترتيبه"
"Assumption-formulas phrase duplicated the localized plural formula carrier","!!{formula}s فرض مختلفة","target_carrier_morphology_corrected_olp0662","صيغتا فرض !!{formula}s مختلفتان","الحامل الجمعي يتوسع إلى صيغ فتعاد صياغة العبارة حوله من غير حامل إضافي","locale/ar/content/proof-theory/natural-deduction/grafting.tex; OLP-0662","confidence 1.00; independent Arabic replay and exact carrier check","2026-08-17","Codex paired Arabic QA","صححت العربية اتفاق الجمع ومنعت ازدواج اسم الصيغة"
"System variant was mistranslated as a variable","أحد تنويعاتها","target_semantic_wording_corrected_olp0663","أحد المتغيرات","variant refers to a presentation of the natural-deduction system not a logical variable","locale/ar/content/proof-theory/natural-deduction/introduction.tex; OLP-0663","confidence 1.00; independent Arabic semantic replay","2026-08-17","Codex paired Arabic QA","استعادت العربية مرجع التنويع النظامي بدل المتغير المنطقي"
