This is LuaHBTeX, Version 1.25.7 (MiKTeX 26.5) (format=lualatex 2026.5.26)  12 JUL 2026 02:00
 restricted system commands enabled.
 file:line:error style messages enabled.
**open-logic-closure-supplement-ar-screen.tex
(./open-logic-closure-supplement-ar-screen.tex
LaTeX2e <2025-11-01>
L3 programming layer <2026-03-20>
Lua module: luaotfload 2024-12-03 v3.29 Lua based OpenType font support
Lua module: lualibs 2023-07-13 v2.76 ConTeXt Lua standard libraries.
Lua module: lualibs-extended 2023-07-13 v2.76 ConTeXt Lua libraries -- extended 
collection.
luaotfload | conf : Root cache directory is "<USER_HOME>/AppData/Local/MiKTe
X/luatex-cache/generic/names".
luaotfload | init : Loading fontloader "fontloader-2023-12-28.lua" from kpse-res
olved path "<USER_HOME>/AppData/Local/Programs/MiKTeX/tex/luatex/luaotfload/
fontloader-2023-12-28.lua".
Lua-only attribute luaotfload@noligature = 1
luaotfload | init : Context OpenType loader version 3.134
Inserting `luaotfload.node_processor' in `pre_linebreak_filter'.
Inserting `luaotfload.node_processor' in `hpack_filter'.
Inserting `luaotfload.glyph_stream' in `glyph_stream_provider'.
Inserting `luaotfload.define_font' in `define_font'.
Lua-only attribute luaotfload_color_attribute = 2
luaotfload | conf : Root cache directory is "<USER_HOME>/AppData/Local/MiKTe
X/luatex-cache/generic/names".
Inserting `luaotfload.harf.strip_prefix' in `find_opentype_file'.
Inserting `luaotfload.harf.strip_prefix' in `find_truetype_file'.
Removing  `luaotfload.glyph_stream' from `glyph_stream_provider'.
Inserting `luaotfload.harf.glyphstream' in `glyph_stream_provider'.
Inserting `luaotfload.harf.finalize_vlist' in `post_linebreak_filter'.
Inserting `luaotfload.harf.finalize_hlist' in `hpack_filter'.
Inserting `luaotfload.cleanup_files' in `wrapup_run'.
Inserting `luaotfload.harf.finalize_unicode' in `finish_pdffile'.
Inserting `luaotfload.glyphinfo' in `glyph_info'.
Lua-only attribute luaotfload.letterspace_done = 3
Inserting `luaotfload.aux.set_sscale_dimens' in `luaotfload.patch_font'.
Inserting `luaotfload.aux.set_font_index' in `luaotfload.patch_font'.
Inserting `luaotfload.aux.patch_cambria_domh' in `luaotfload.patch_font'.
Inserting `luaotfload.aux.fixup_fontdata' in `luaotfload.patch_font_unsafe'.
Inserting `luaotfload.aux.set_capheight' in `luaotfload.patch_font'.
Inserting `luaotfload.aux.set_xheight' in `luaotfload.patch_font'.
Inserting `luaotfload.rewrite_fontname' in `luaotfload.patch_font'.
Inserting `tracingstacklevels' in `input_level_string'.
\OLScreenInterpolationAlign=\count273
(./open-logic-closure-supplement-ar.tex
(<USER_HOME>/AppData/Local/Programs/MiKTeX/tex/latex/memoir/memoir.cls
Document Class: memoir 2025/11/04 v3.8.4b configurable book, report, article do
cument class
(<USER_HOME>/AppData/Local/Programs/MiKTeX/tex/latex/xpatch/xpatch.sty
(<USER_HOME>/AppData/Local/Programs/MiKTeX/tex/latex/l3kernel/expl3.sty
Package: expl3 2026-03-20 L3 programming layer (loader) 

(<USER_HOME>/AppData/Local/Programs/MiKTeX/tex/latex/l3backend/l3backend-lu
atex.def
File: l3backend-luatex.def 2026-02-18 L3 backend support: PDF output (LuaTeX)
\l__color_backend_stack_int=\count274
Inserting `l3color' in `luaotfload.parse_color'.))
Package: xpatch 2020/03/25 v0.3a Extending etoolbox patching commands

(<USER_HOME>/AppData/Local/Programs/MiKTeX/tex/latex/l3packages/xparse/xpar
se.sty
Package: xparse 2025-10-09 L3 Experimental document command parser
)
(<USER_HOME>/AppData/Local/Programs/MiKTeX/tex/latex/etoolbox/etoolbox.sty
Package: etoolbox 2025/10/02 v2.5m e-TeX tools for LaTeX (JAW)
\etb@tempcnta=\count275
))
\onelineskip=\skip49
\lxvchars=\skip50
\xlvchars=\skip51
\@memcnta=\count276
\c@@memmarkcntra=\count277
 (<USER_HOME>/AppData/Local/Programs/MiKTeX/tex/generic/iftex/iftex.sty
Package: iftex 2024/12/12 v1.0g TeX engine tests
)
\trimtop=\skip52
\trimedge=\skip53

(<USER_HOME>/AppData/Local/Programs/MiKTeX/tex/latex/memoir/mem14.clo
File: mem14.clo 2022/07/29 v0.5 memoir class 14pt size option
luaotfload | db : Font names database loaded from <USER_HOME>/AppData/Local/
MiKTeX/luatex-cache/generic/names/luaotfload-names.luc.gz)
\binding=\skip54
\spinemargin=\skip55
\foremargin=\skip56
\uppermargin=\skip57
\lowermargin=\skip58
\headdrop=\skip59
\normalrulethickness=\skip60
\mem@maxheadheight=\skip61
\mem@maxfootheight=\skip62
\headwidth=\skip63
\c@storedpagenumber=\count278
\memPD=\dimen149
\m@mabparskip=\skip64
\thanksmarkwidth=\skip65
\thanksmarksep=\skip66
\droptitle=\skip67
\c@book=\count279
\c@part=\count280
\c@chapter=\count281
\c@section=\count282
\c@subsection=\count283
\c@subsubsection=\count284
\c@paragraph=\count285
\c@subparagraph=\count286
\beforechapskip=\skip68
\midchapskip=\skip69
\afterchapskip=\skip70
\chapindent=\skip71
\bottomsectionskip=\skip72
\secindent=\skip73
\beforesecskip=\skip74
\aftersecskip=\skip75
\subsecindent=\skip76
\beforesubsecskip=\skip77
\aftersubsecskip=\skip78
\subsubsecindent=\skip79
\beforesubsubsecskip=\skip80
\aftersubsubsecskip=\skip81
\paraindent=\skip82
\beforeparaskip=\skip83
\afterparaskip=\skip84
\subparaindent=\skip85
\beforesubparaskip=\skip86
\aftersubparaskip=\skip87
\pfbreakskip=\skip88
\c@@ppsavesec=\count287
\c@@ppsaveapp=\count288
\ragrparindent=\dimen150
\everylistparindent=\dimen151
\parsepi=\skip89
\topsepi=\skip90
\itemsepi=\skip91
\parsepii=\skip92
\topsepii=\skip93
\topsepiii=\skip94
\itemsepii=\skip95
\itemsepiii=\skip96
\partopsepii=\skip97
\partopsepiii=\skip98
\m@msavetopsep=\skip99
\m@msavepartopsep=\skip100
\@enLab=\toks17
\abstitleskip=\skip101
\absleftindent=\skip102
\abs@leftindent=\dimen152
\absrightindent=\skip103
\absparindent=\skip104
\absparsep=\skip105
\c@vslineno=\count289
\c@poemline=\count290
\c@modulo@vs=\count291
\c@memfvsline=\count292
\vleftskip=\skip106
\vrightskip=\skip107
\stanzaskip=\skip108
\versewidth=\skip109
\vgap=\skip110
\vindent=\skip111
\vleftmargin=\dimen153
\c@verse=\count293
\c@chrsinstr=\count294
\beforepoemtitleskip=\skip112
\afterpoemtitleskip=\skip113
\c@poem=\count295
\beforePoemTitleskip=\skip114
\midPoemTitleskip=\skip115
\afterPoemTitleskip=\skip116

(<USER_HOME>/AppData/Local/Programs/MiKTeX/tex/latex/tools/array.sty
Package: array 2025/09/25 v2.6n Tabular extension package (FMi)
\col@sep=\dimen154
\ar@mcellbox=\box53
\extrarowheight=\dimen155
\NC@list=\toks18
\extratabsurround=\skip117
\backup@length=\skip118
\ar@cellbox=\box54
)
(<USER_HOME>/AppData/Local/Programs/MiKTeX/tex/latex/tools/dcolumn.sty
Package: dcolumn 2025/10/21 v1.06 decimal alignment package (DPC)
)
(<USER_HOME>/AppData/Local/Programs/MiKTeX/tex/latex/tools/delarray.sty
Package: delarray 2014/10/28 v1.01 array delimiter package (DPC)
)
(<USER_HOME>/AppData/Local/Programs/MiKTeX/tex/latex/tools/tabularx.sty
Package: tabularx 2023/12/11 v2.12a `tabularx' package (DPC)
\TX@col@width=\dimen156
\TX@old@table=\dimen157
\TX@old@col=\dimen158
\TX@target=\dimen159
\TX@delta=\dimen160
\TX@cols=\count296
\TX@ftn=\toks19
)
(<USER_HOME>/AppData/Local/Programs/MiKTeX/tex/latex/booktabs/booktabs.sty
Package: booktabs 2020/01/12 v1.61803398 Publication quality tables
\heavyrulewidth=\dimen161
\lightrulewidth=\dimen162
\cmidrulewidth=\dimen163
\belowrulesep=\dimen164
\belowbottomsep=\dimen165
\aboverulesep=\dimen166
\abovetopsep=\dimen167
\cmidrulesep=\dimen168
\cmidrulekern=\dimen169
\defaultaddspace=\dimen170
\@cmidla=\count297
\@cmidlb=\count298
\@aboverulesep=\dimen171
\@belowrulesep=\dimen172
\@thisruleclass=\count299
\@lastruleclass=\count300
\@thisrulewidth=\dimen173
)
\ctableftskip=\skip119
\ctabrightskip=\skip120
\abovecolumnspenalty=\count301
\@linestogo=\count302
\@cellstogo=\count303
\@cellsincolumn=\count304
\crtok=\toks20
\@mincolumnwidth=\dimen174
\c@newflo@tctr=\count305
\mem@margin@floatbox=\box55
\@contcwidth=\skip121
\@contindw=\skip122
\abovecaptionskip=\skip123
\belowcaptionskip=\skip124
\subfloattopskip=\skip125
\subfloatcapskip=\skip126
\subfloatcaptopadj=\skip127
\subfloatbottomskip=\skip128
\subfloatlabelskip=\skip129
\subfloatcapmargin=\dimen175
\c@@contsubnum=\count306
\m@mscap@capbox=\box56
\m@mscap@fbox=\box57
\sidecapsep=\dimen176
\sidecapwidth=\dimen177
\m@m@tempdima=\dimen178
\m@mscapraise=\dimen179
\sidecapraise=\dimen180
\m@mscapmainwidth=\dimen181
\m@mscaplkern=\dimen182
\beforeepigraphskip=\skip130
\afterepigraphskip=\skip131
\epigraphwidth=\skip132
\epigraphrule=\skip133
(<USER_HOME>/AppData/Local/Programs/MiKTeX/tex/latex/hyperref/nameref.sty
Package: nameref 2026-01-29 v2.58 Cross-referencing by name of section

(<USER_HOME>/AppData/Local/Programs/MiKTeX/tex/latex/refcount/refcount.sty
Package: refcount 2019/12/15 v3.6 Data extraction from label references (HO)

(<USER_HOME>/AppData/Local/Programs/MiKTeX/tex/generic/ltxcmds/ltxcmds.sty
Package: ltxcmds 2023-12-04 v1.26 LaTeX kernel commands for general use (HO)
)
(<USER_HOME>/AppData/Local/Programs/MiKTeX/tex/generic/infwarerr/infwarerr.
sty
Package: infwarerr 2019/12/03 v1.5 Providing info/warning/error messages (HO)
))
(<USER_HOME>/AppData/Local/Programs/MiKTeX/tex/generic/gettitlestring/getti
tlestring.sty
Package: gettitlestring 2019/12/15 v1.6 Cleanup title references (HO)

(<USER_HOME>/AppData/Local/Programs/MiKTeX/tex/latex/kvoptions/kvoptions.st
y
Package: kvoptions 2022-06-15 v3.15 Key value format for package options (HO)
 (<USER_HOME>/AppData/Local/Programs/MiKTeX/tex/latex/graphics/keyval.sty
Package: keyval 2022/05/29 v1.15 key=value parser (DPC)
\KV@toks@=\toks21
)
(<USER_HOME>/AppData/Local/Programs/MiKTeX/tex/latex/kvsetkeys/kvsetkeys.st
y
Package: kvsetkeys 2022-10-05 v1.19 Key value parser (HO)
)))
\c@section@level=\count307
)
\tocentryskip=\skip134
\tocbaseline=\skip135
\cftparskip=\skip136
\cftbeforebookskip=\skip137
\cftbookindent=\dimen183
\cftbooknumwidth=\dimen184
\cftbeforepartskip=\skip138
\cftpartindent=\skip139
\cftpartnumwidth=\skip140
\cftbeforechapterskip=\skip141
\cftchapterindent=\skip142
\cftchapternumwidth=\skip143
\cftbeforesectionskip=\skip144
\cftsectionindent=\skip145
\cftsectionnumwidth=\skip146
\cftbeforesubsectionskip=\skip147
\cftsubsectionindent=\skip148
\cftsubsectionnumwidth=\skip149
\cftbeforesubsubsectionskip=\skip150
\cftsubsubsectionindent=\skip151
\cftsubsubsectionnumwidth=\skip152
\cftbeforeparagraphskip=\skip153
\cftparagraphindent=\skip154
\cftparagraphnumwidth=\skip155
\cftbeforesubparagraphskip=\skip156
\cftsubparagraphindent=\skip157
\cftsubparagraphnumwidth=\skip158
\prechapterprecisshift=\dimen185
\c@maxsecnumdepth=\count308
\bibindent=\dimen186
\bibitemsep=\skip159
\indexcolsep=\skip160
\indexrule=\skip161
\indexmarkstyle=\toks22
\@indexbox=\insert252
LaTeX Info: Redefining \raggedbottom on input line 8095.
LaTeX Info: Redefining \flushbottom on input line 8099.
\glossarycolsep=\dimen187
\glossaryrule=\dimen188
\sideparvshift=\skip162
\sideins=\insert251
\sidebartopsep=\skip163
\sidebarhsep=\skip164
\sidebarvsep=\skip165
\sidebarwidth=\skip166
\footmarkwidth=\skip167
\footmarksep=\skip168
\footparindent=\skip169
\footinsdim=\skip170
\footinsv@r=\insert250
\@mpfootinsv@r=\insert249
\m@m@k=\count309
\m@m@h=\dimen189
\m@mipn@skip=\skip171
\sidefootins=\insert248
\sidefootadjust=\skip172
\sidefootheight=\skip173
\sidefoothsep=\skip174
\sidefootvsep=\skip175
\sidefootwidth=\skip176
\m@mdownsf=\skip177
\c@sidefootnote=\count310
\sidefootmarkwidth=\skip178
\sidefootmarksep=\skip179
\sidefootparindent=\skip180
\c@pagenote=\count311
\c@pagenoteshadow=\count312
\mem@pn@lastkern=\skip181

(<USER_HOME>/AppData/Local/Programs/MiKTeX/tex/latex/tools/verbatim.sty
Package: verbatim 2024-01-22 v1.5x LaTeX2e package for verbatim enhancements
\every@verbatim=\toks23
\verbatim@line=\toks24
\verbatim@in@stream=\read2
)
\verbatimindent=\skip182
\verbatim@out=\write3

(<USER_HOME>/AppData/Local/Programs/MiKTeX/tex/latex/base/shortvrb.sty
Package: shortvrb 2024/12/25 v3.0q Standard LaTeX documentation package V3 (FMi
)
)
\bvboxsep=\skip183
\c@memfbvline=\count313
\c@bvlinectr=\count314
\bvnumlength=\skip184
\fb@frw=\dimen190
\fb@frh=\dimen191
\FrameRule=\dimen192
\FrameSep=\dimen193
\c@cp@cntr=\count315
\c@ism@mctr=\count316
\c@xsm@mctr=\count317
\c@csm@mctr=\count318
\c@ksm@mctr=\count319
\c@xksm@mctr=\count320
\c@cksm@mctr=\count321
\c@msm@mctr=\count322
\c@xmsm@mctr=\count323
\c@cmsm@mctr=\count324
\c@bsm@mctr=\count325
\c@workm@mctr=\count326
\c@sheetsequence=\count327
\c@lastsheet=\count328
\c@lastpage=\count329
\c@figure=\count330
\c@lofdepth=\count331
\cftbeforefigureskip=\skip185
\cftfigureindent=\skip186
\cftfigurenumwidth=\skip187
\c@table=\count332
\c@lotdepth=\count333
\cftbeforetableskip=\skip188
\cfttableindent=\skip189
\cfttablenumwidth=\skip190
Package abstract [2008/07/23] emulated by memoir.
Package appendix [2008/07/23] emulated by memoir.
Package ccaption [2008/07/23] emulated by memoir.
Package changepage [2008/07/23] emulated by memoir.
Package chngcntr [2008/07/23] emulated by memoir.
Package chngpage [2008/07/23] emulated by memoir.
Package crop emulated by memoir.
Package enumerate [2008/07/23] emulated by memoir.
Package epigraph [2008/07/23] emulated by memoir.
Package ifmtarg [2008/07/23] emulated by memoir.
Package index [2008/07/23] emulated by memoir.
Package makeidx [2008/07/23] emulated by memoir.
Package moreverb [2008/07/23] emulated by memoir.
Package needspace [2008/07/23] emulated by memoir.
Package newfile [2008/07/23] emulated by memoir.
Package nextpage [2008/07/23] emulated by memoir.
Package pagenote [2008/07/23] emulated by memoir.
Package parskip [2008/07/23] emulated by memoir.
Package patchcmd [2008/07/23] emulated by memoir.
Package setspace [2008/07/23] emulated by memoir.
Package showidx [2008/07/23] emulated by memoir.
Package titleref [2008/07/23] emulated by memoir.
Package titling [2008/07/23] emulated by memoir.
Package tocbibind [2008/07/23] emulated by memoir.
Package tocloft [2008/07/23] emulated by memoir.
Package tocvsec2 [2008/07/23] emulated by memoir.
Package verse [2008/07/23] emulated by memoir.
)

******************************************************
Stock height and width: 794.96999pt by 614.295pt
Top and edge trims: 0pt and 0pt
Page height and width: 794.96999pt by 614.295pt
Text height and width: 679.4pt by 469pt
Spine and edge margins: 72.26999pt and 72.26999pt
Upper and lower margins: 61.42993pt and 54.14006pt
Headheight and headsep: 22pt and 19.42993pt
Footskip: 24pt
Columnsep and columnseprule: 10pt and 0pt
Marginparsep and marginparwidth: 7pt and 58.26999pt
Sidecapsep and sidecapwidth: 7pt and 9pt
Sidebarhsep and sidebarwidth: 7pt and 9pt
Sidebarvsep and sidebartopsep: 17.5pt and 0pt
Sidebarheight: 537.24994pt
Sidefoothsep and sidefootwidth: 7pt and 9pt
Sidefootvsep and sidefootheight: 17.5pt and 537.24994pt
******************************************************

(<USER_HOME>/AppData/Local/Programs/MiKTeX/tex/latex/fontspec/fontspec.sty
Package: fontspec 2025/09/29 v2.9g Font selection for XeLaTeX and LuaLaTeX
Lua module: fontspec 2025/09/29 v2.9g Font selection for XeLaTeX and LuaLaTeX
(<USER_HOME>/AppData/Local/Programs/MiKTeX/tex/latex/fontspec/fontspec-luat
ex.sty
Package: fontspec-luatex 2025/09/29 v2.9g Font selection for XeLaTeX and LuaLaT
eX
\l__fontspec_script_int=\count334
\l__fontspec_language_int=\count335
\l__fontspec_strnum_int=\count336
\l__fontspec_tmp_int=\count337
\l__fontspec_tmpa_int=\count338
\l__fontspec_tmpb_int=\count339
\l__fontspec_tmpc_int=\count340
\l__fontspec_em_int=\count341
\l__fontspec_emdef_int=\count342
\l__fontspec_strong_int=\count343
\l__fontspec_strongdef_int=\count344
\l__fontspec_tmpa_dim=\dimen194
\l__fontspec_tmpb_dim=\dimen195
\l__fontspec_tmpc_dim=\dimen196

(<USER_HOME>/AppData/Local/Programs/MiKTeX/tex/latex/base/fontenc.sty
Package: fontenc 2025/07/18 v2.1d Standard LaTeX package
)
(<USER_HOME>/AppData/Local/Programs/MiKTeX/tex/latex/fontspec/fontspec.cfg))
)
(<USER_HOME>/AppData/Local/Programs/MiKTeX/tex/latex/gitinfo2/gitinfo2.sty
Package: gitinfo2 2015/11/22 v2.0.7 git revision information

(<USER_HOME>/AppData/Local/Programs/MiKTeX/tex/latex/xstring/xstring.sty
(<USER_HOME>/AppData/Local/Programs/MiKTeX/tex/generic/xstring/xstring.tex
\xs_counta=\count345
\xs_countb=\count346
)
Package: xstring 2023/08/22 v1.86 String manipulations (CT)
) (<USER_HOME>/AppData/Local/Programs/MiKTeX/tex/latex/eso-pic/eso-pic.sty
Package: eso-pic 2025/12/10 v3.0d eso-pic (RN)
\ESO@tempdima=\dimen197
\ESO@tempdimb=\dimen198

(<USER_HOME>/AppData/Local/Programs/MiKTeX/tex/latex/xcolor/xcolor.sty
Package: xcolor 2024/09/29 v3.02 LaTeX color extensions (UK)

(<USER_HOME>/AppData/Local/Programs/MiKTeX/tex/latex/graphics-cfg/color.cfg
File: color.cfg 2016/01/02 v1.6 sample color configuration
)
Package xcolor Info: Driver file: luatex.def on input line 274.

(<USER_HOME>/AppData/Local/Programs/MiKTeX/tex/latex/graphics-def/luatex.de
f
File: luatex.def 2025/09/29 v1.2f Graphics/color driver for luatex
)
(<USER_HOME>/AppData/Local/Programs/MiKTeX/tex/latex/graphics/mathcolor.ltx
)
Package xcolor Info: Model `cmy' substituted by `cmy0' on input line 1349.
Package xcolor Info: Model `hsb' substituted by `rgb' on input line 1353.
Package xcolor Info: Model `RGB' extended on input line 1365.
Package xcolor Info: Model `HTML' substituted by `rgb' on input line 1367.
Package xcolor Info: Model `Hsb' substituted by `hsb' on input line 1368.
Package xcolor Info: Model `tHsb' substituted by `hsb' on input line 1369.
Package xcolor Info: Model `HSB' substituted by `hsb' on input line 1370.
Package xcolor Info: Model `Gray' substituted by `gray' on input line 1371.
Package xcolor Info: Model `wave' substituted by `hsb' on input line 1372.
))

Package gitinfo2 Warning: I can't find the file '.git/gitHeadInfo.gin'.
(gitinfo2)                All git metadata has been set to '(None)'.

)
luaotfload | cache : Lookup cache loaded from <USER_HOME>/AppData/Local/MiKT
eX/luatex-cache/generic/names/luaotfload-lookup-cache.luc.

Package fontspec Info: 
(fontspec)             Font family 'TeXGyrePagella(0)' created for font 'TeX
(fontspec)             Gyre Pagella' with options [Ligatures=TeX].
(fontspec)              
(fontspec)              This font family consists of the following NFSS
(fontspec)             series/shapes:
(fontspec)              
(fontspec)             - 'normal' (m/n) with NFSS spec.: <->"name:TeX Gyre
(fontspec)             Pagella:mode=node;script=latn;language=dflt;+tlig;"
(fontspec)             - 'small caps'  (m/sc) with NFSS spec.: <->"name:TeX
(fontspec)             Gyre
(fontspec)             Pagella:mode=node;script=latn;language=dflt;+tlig;+smcp;
"
(fontspec)             - 'bold' (b/n) with NFSS spec.: <->"name:TeX Gyre
(fontspec)             Pagella/B:mode=node;script=latn;language=dflt;+tlig;"
(fontspec)             - 'bold small caps'  (b/sc) with NFSS spec.:
(fontspec)             <->"name:TeX Gyre
(fontspec)             Pagella/B:mode=node;script=latn;language=dflt;+tlig;+smc
p;"
(fontspec)             - 'italic' (m/it) with NFSS spec.: <->"name:TeX Gyre
(fontspec)             Pagella/I:mode=node;script=latn;language=dflt;+tlig;"
(fontspec)             - 'italic small caps'  (m/scit) with NFSS spec.:
(fontspec)             <->"name:TeX Gyre
(fontspec)             Pagella/I:mode=node;script=latn;language=dflt;+tlig;+smc
p;"
(fontspec)             - 'bold italic' (b/it) with NFSS spec.: <->"name:TeX
(fontspec)             Gyre
(fontspec)             Pagella/BI:mode=node;script=latn;language=dflt;+tlig;"
(fontspec)             - 'bold italic small caps'  (b/scit) with NFSS spec.:
(fontspec)             <->"name:TeX Gyre
(fontspec)             Pagella/BI:mode=node;script=latn;language=dflt;+tlig;+sm
cp;"


Package fontspec Info: 
(fontspec)             Font family 'TeXGyreHeros(0)' created for font 'TeX
(fontspec)             Gyre Heros' with options [Ligatures=TeX].
(fontspec)              
(fontspec)              This font family consists of the following NFSS
(fontspec)             series/shapes:
(fontspec)              
(fontspec)             - 'normal' (m/n) with NFSS spec.: <->"name:TeX Gyre
(fontspec)             Heros:mode=node;script=latn;language=dflt;+tlig;"
(fontspec)             - 'small caps'  (m/sc) with NFSS spec.: <->"name:TeX
(fontspec)             Gyre
(fontspec)             Heros:mode=node;script=latn;language=dflt;+tlig;+smcp;"
(fontspec)             - 'bold' (b/n) with NFSS spec.: <->"name:TeX Gyre
(fontspec)             Heros/B:mode=node;script=latn;language=dflt;+tlig;"
(fontspec)             - 'bold small caps'  (b/sc) with NFSS spec.:
(fontspec)             <->"name:TeX Gyre
(fontspec)             Heros/B:mode=node;script=latn;language=dflt;+tlig;+smcp;
"
(fontspec)             - 'italic' (m/it) with NFSS spec.: <->"name:TeX Gyre
(fontspec)             Heros/I:mode=node;script=latn;language=dflt;+tlig;"
(fontspec)             - 'italic small caps'  (m/scit) with NFSS spec.:
(fontspec)             <->"name:TeX Gyre
(fontspec)             Heros/I:mode=node;script=latn;language=dflt;+tlig;+smcp;
"
(fontspec)             - 'bold italic' (b/it) with NFSS spec.: <->"name:TeX
(fontspec)             Gyre
(fontspec)             Heros/BI:mode=node;script=latn;language=dflt;+tlig;"
(fontspec)             - 'bold italic small caps'  (b/scit) with NFSS spec.:
(fontspec)             <->"name:TeX Gyre
(fontspec)             Heros/BI:mode=node;script=latn;language=dflt;+tlig;+smcp
;"


Package fontspec Info: 
(fontspec)             Could not resolve font "Latin Modern Mono/BI" (it
(fontspec)             probably doesn't exist).


Package fontspec Info: 
(fontspec)             Could not resolve font "Latin Modern Mono/B" (it
(fontspec)             probably doesn't exist).


Package fontspec Info: 
(fontspec)             Font family 'LatinModernMono(0)' created for font
(fontspec)             'Latin Modern Mono' with options
(fontspec)             [WordSpace={1,0,0},HyphenChar=None,PunctuationSpace=Word
Space].
(fontspec)              
(fontspec)              This font family consists of the following NFSS
(fontspec)             series/shapes:
(fontspec)              
(fontspec)             - 'normal' (m/n) with NFSS spec.: <->"name:Latin Modern
(fontspec)             Mono:mode=node;script=latn;language=dflt;"
(fontspec)             - 'italic' (m/it) with NFSS spec.: <->"name:Latin
(fontspec)             Modern Mono/I:mode=node;script=latn;language=dflt;"


(<USER_HOME>/AppData/Local/Programs/MiKTeX/tex/latex/hyperref/xr-hyper.sty
Package: xr-hyper 2026-04-24 v7.01q eXternal References (DPC)
)
Package xr Info: IMPORTING LABELS FROM open-logic-complete-ar-screen.aux on inp
ut line 31.
(../../sty/open-logic.sty
(<USER_HOME>/AppData/Local/Programs/MiKTeX/tex/generic/babel/babel.sty
Package: babel 2026/04/15 v26.6 The multilingual framework for LuaLaTeX, pdfLaT
eX and XeLaTeX

(<USER_HOME>/AppData/Local/Programs/MiKTeX/tex/generic/babel/luababel.def
\bbl@readstream=\read3
\l@afrikaans=\language2
Package babel Info: Non-standard hyphenation setup on input line 118.
\l@ancientgreek=\language3
\l@armenian=\language4
\l@assamese=\language5
\l@basque=\language6
\l@belarusian=\language7
\l@bengali=\language8
\l@bokmal=\language9
\l@bulgarian=\language10
\l@catalan=\language11
\l@churchslavonic=\language12
\l@classiclatin=\language13
\l@coptic=\language14
\l@croatian=\language15
\l@czech=\language16
\l@danish=\language17
\l@dutch=\language18
\l@esperanto=\language19
\l@estonian=\language20
\l@ethiopic=\language21
\l@finnish=\language22
\l@french=\language23
\l@friulan=\language24
\l@galician=\language25
\l@georgian=\language26
\l@german=\language27
\l@greek=\language28
\l@gujarati=\language29
\l@hindi=\language30
\l@hungarian=\language31
\l@icelandic=\language32
\l@indonesian=\language33
\l@interlingua=\language34
\l@irish=\language35
\l@italian=\language36
\l@kannada=\language37
\l@kurmanji=\language38
\l@latin=\language39
\l@latvian=\language40
\l@lithuanian=\language41
\l@liturgicallatin=\language42
\l@macedonian=\language43
\l@malayalam=\language44
\l@marathi=\language45
\l@mongolian=\language46
\l@mongolianlmc=\language47
\l@monogreek=\language48
\l@ngerman=\language49
\l@nynorsk=\language50
\l@occitan=\language51
\l@oriya=\language52
\l@pali=\language53
\l@panjabi=\language54
\l@piedmontese=\language55
\l@polish=\language56
\l@portuguese=\language57
\l@romanian=\language58
\l@romansh=\language59
\l@russian=\language60
\l@sanskrit=\language61
\l@serbian=\language62
\l@serbianc=\language63
\l@slovak=\language64
\l@slovenian=\language65
\l@spanish=\language66
\l@swedish=\language67
\l@swissgerman=\language68
\l@tamil=\language69
\l@telugu=\language70
\l@thai=\language71
\l@turkish=\language72
\l@turkmen=\language73
\l@ukenglish=\language74
\l@ukrainian=\language75
\l@uppersorbian=\language76
\l@usenglishmax=\language77
\l@welsh=\language78
\babelcatcodetablenum=\catcodetable14
\bbl@pattcodes=\catcodetable15
)
\babel@savecnt=\count347
LaTeX Encoding Info:    Redeclaring text command \ij (encoding OT1) on input li
ne 2078.
LaTeX Encoding Info:    Redeclaring text command \IJ (encoding OT1) on input li
ne 2080.
LaTeX Encoding Info:    Redeclaring text command \ij (encoding T1) on input lin
e 2082.
LaTeX Encoding Info:    Redeclaring text command \IJ (encoding T1) on input lin
e 2083.
LaTeX Encoding Info:    Ignoring declaration for text command \ij (encoding ?) 
on input line 2084.
LaTeX Encoding Info:    Ignoring declaration for text command \IJ (encoding ?) 
on input line 2086.
LaTeX Encoding Info:    Ignoring declaration for text command \SS (encoding ?) 
on input line 2111.
\U@D=\dimen199
\l@unhyphenated=\language79

(<USER_HOME>/AppData/Local/Programs/MiKTeX/tex/generic/babel/luababel.def
\bbl@attr@locale=\attribute4

(<USER_HOME>/AppData/Local/Programs/MiKTeX/tex/luatex/luatexbase/luatexbase
.sty
Package: luatexbase 2015/10/04 v1.3 luatexbase interface to LuaTeX 

(<USER_HOME>/AppData/Local/Programs/MiKTeX/tex/luatex/ctablestack/ctablesta
ck.sty
Package: ctablestack 2015/10/01 v1.0 Catcode table stable support
\@catcodetablestackcnt=\count348
)
\CatcodeTableOther=\catcodetable16
\CatcodeTableExpl=\catcodetable17
)
Removing  `luaotfload.node_processor' from `pre_linebreak_filter'.
Inserting `Babel.pre_otfload_v' in `pre_linebreak_filter'.
Inserting `luaotfload.node_processor' in `pre_linebreak_filter'.
Removing  `luaotfload.node_processor' from `hpack_filter'.
Removing  `luaotfload.harf.finalize_hlist' from `hpack_filter'.
Inserting `Babel.pre_otfload_h' in `hpack_filter'.
Inserting `luaotfload.node_processor' in `hpack_filter'.
Inserting `luaotfload.harf.finalize_hlist' in `hpack_filter'.
\bbl@attr@dir=\attribute5
)
Package babel Info: Configuration files are deprecated, as
(babel)             they can break document portability.
(babel)             Reported on input line 4206.

*************************************
* Local config file bblopts.cfg used
*
(<USER_HOME>/AppData/Local/Programs/MiKTeX/tex/latex/arabi/bblopts.cfg
File: bblopts.cfg 2005/09/08 v0.1 add Arabic and Farsi to "declared" options of
 babel
)
(<USER_HOME>/AppData/Local/Programs/MiKTeX/tex/generic/babel/locale/en/babe
l-english.tex)
(<USER_HOME>/AppData/Local/Programs/MiKTeX/tex/generic/babel/locale/ar/babe
l-arabic.tex)
Package babel Info: Importing font and identification data for english
(babel)             from babel-en.ini. Reported on input line 4330.

(<USER_HOME>/AppData/Local/Programs/MiKTeX/tex/latex/babel-english/english.
ldf
Language: english 2017/06/06 v3.3r English support from the babel system
Package babel Info: Hyphen rules for 'canadian' set to \l@english
(babel)             (\language0). Reported on input line 102.
Package babel Info: Hyphen rules for 'australian' set to \l@ukenglish
(babel)             (\language74). Reported on input line 105.
Package babel Info: Hyphen rules for 'newzealand' set to \l@ukenglish
(babel)             (\language74). Reported on input line 108.
)
Package babel Info: Importing data for arabic
(babel)             from babel-ar.ini. Reported on input line 4330.
\bbl@readsubstream=\read4
Package babel Info: Hyphen rules for 'arabic' set to \l@english
(babel)             (\language0). Reported on input line 4330.

(<USER_HOME>/AppData/Local/Programs/MiKTeX/tex/generic/babel/babel-ca-islam
ic.tex))
(<USER_HOME>/AppData/Local/Programs/MiKTeX/tex/latex/amsmath/amsmath.sty
Package: amsmath 2025/07/09 v2.17z AMS math features
\@mathmargin=\skip191

For additional information on amsmath, use the `?' option.
(<USER_HOME>/AppData/Local/Programs/MiKTeX/tex/latex/amsmath/amstext.sty
Package: amstext 2024/11/17 v2.01 AMS text

(<USER_HOME>/AppData/Local/Programs/MiKTeX/tex/latex/amsmath/amsgen.sty
File: amsgen.sty 1999/11/30 v2.0 generic functions
\@emptytoks=\toks25
\ex@=\dimen256
))
(<USER_HOME>/AppData/Local/Programs/MiKTeX/tex/latex/amsmath/amsbsy.sty
Package: amsbsy 1999/11/29 v1.2d Bold Symbols
\pmbraise@=\dimen257
)
(<USER_HOME>/AppData/Local/Programs/MiKTeX/tex/latex/amsmath/amsopn.sty
Package: amsopn 2022/04/08 v2.04 operator names
)
\inf@bad=\count349
LaTeX Info: Redefining \frac on input line 235.
\uproot@=\count350
\leftroot@=\count351
LaTeX Info: Redefining \overline on input line 398.
LaTeX Info: Redefining \colon on input line 409.
\classnum@=\count352
\DOTSCASE@=\count353
LaTeX Info: Redefining \ldots on input line 495.
LaTeX Info: Redefining \dots on input line 498.
LaTeX Info: Redefining \cdots on input line 619.
\Mathstrutbox@=\box58
\strutbox@=\box59
LaTeX Info: Redefining \big on input line 721.
LaTeX Info: Redefining \Big on input line 722.
LaTeX Info: Redefining \bigg on input line 723.
LaTeX Info: Redefining \Bigg on input line 724.
\big@size=\dimen258
LaTeX Font Info:    Redeclaring font encoding OML on input line 742.
LaTeX Font Info:    Redeclaring font encoding OMS on input line 743.
\macc@depth=\count354
LaTeX Info: Redefining \bmod on input line 904.
LaTeX Info: Redefining \pmod on input line 909.
LaTeX Info: Redefining \smash on input line 939.
LaTeX Info: Redefining \relbar on input line 969.
LaTeX Info: Redefining \Relbar on input line 970.
\c@MaxMatrixCols=\count355
\dotsspace@=\muskip17
\c@parentequation=\count356
\dspbrk@lvl=\count357
\tag@help=\toks26
\row@=\count358
\column@=\count359
\maxfields@=\count360
\andhelp@=\toks27
\eqnshift@=\dimen259
\alignsep@=\dimen260
\tagshift@=\dimen261
\tagwidth@=\dimen262
\totwidth@=\dimen263
\lineht@=\dimen264
\@envbody=\toks28
\multlinegap=\skip192
\multlinetaggap=\skip193
\mathdisplay@stack=\toks29
LaTeX Info: Redefining \[ on input line 2950.
LaTeX Info: Redefining \] on input line 2951.
)
(<USER_HOME>/AppData/Local/Programs/MiKTeX/tex/latex/amsfonts/amssymb.sty
Package: amssymb 2013/01/14 v3.01 AMS font symbols

(<USER_HOME>/AppData/Local/Programs/MiKTeX/tex/latex/amsfonts/amsfonts.sty
Package: amsfonts 2013/01/14 v3.01 Basic AMSFonts support
\symAMSa=\mathgroup4
\symAMSb=\mathgroup5
LaTeX Font Info:    Redeclaring math symbol \hbar on input line 98.
LaTeX Font Info:    Overwriting math alphabet `\mathfrak' in version `bold'
(Font)                  U/euf/m/n --> U/euf/b/n on input line 106.
))
(<USER_HOME>/AppData/Local/Programs/MiKTeX/tex/latex/extarrows/extarrows.st
y
Package: extarrows 2020/03/12 v1.2.0 Some extensible arrows
)
(<USER_HOME>/AppData/Local/Programs/MiKTeX/tex/generic/mathdots/mathdots.st
y
Package: mathdots 2014/06/11 v0.9 Improve and add various macros for dots in ma
th.
\MDo@unit=\dimen265
\MDo@dotsbox=\box60
\MDoprekern=\muskip18
\MDopostkern=\muskip19
\MDodotkern=\muskip20
) (<USER_HOME>/AppData/Local/Programs/MiKTeX/tex/latex/isomath/isomath.sty
Package: isomath 2012/09/04 v0.6.1 ISO math style
(<USER_HOME>/AppData/Local/Programs/MiKTeX/tex/latex/fixmath/fixmath.sty
Package: fixmath 2022/10/06 v0.9.1 (WaS)
LaTeX Font Info:    Redeclaring math symbol \Gamma on input line 27.
LaTeX Font Info:    Redeclaring math symbol \Delta on input line 28.
LaTeX Font Info:    Redeclaring math symbol \Theta on input line 29.
LaTeX Font Info:    Redeclaring math symbol \Lambda on input line 30.
LaTeX Font Info:    Redeclaring math symbol \Xi on input line 31.
LaTeX Font Info:    Redeclaring math symbol \Pi on input line 32.
LaTeX Font Info:    Redeclaring math symbol \Sigma on input line 33.
LaTeX Font Info:    Redeclaring math symbol \Upsilon on input line 34.
LaTeX Font Info:    Redeclaring math symbol \Phi on input line 35.
LaTeX Font Info:    Redeclaring math symbol \Psi on input line 36.
LaTeX Font Info:    Redeclaring math symbol \Omega on input line 37.
LaTeX Font Info:    Redeclaring math symbol \alpha on input line 38.
LaTeX Font Info:    Redeclaring math symbol \beta on input line 39.
LaTeX Font Info:    Redeclaring math symbol \gamma on input line 40.
LaTeX Font Info:    Redeclaring math symbol \delta on input line 41.
LaTeX Font Info:    Redeclaring math symbol \epsilon on input line 42.
LaTeX Font Info:    Redeclaring math symbol \zeta on input line 43.
LaTeX Font Info:    Redeclaring math symbol \eta on input line 44.
LaTeX Font Info:    Redeclaring math symbol \theta on input line 45.
LaTeX Font Info:    Redeclaring math symbol \iota on input line 46.
LaTeX Font Info:    Redeclaring math symbol \kappa on input line 47.
LaTeX Font Info:    Redeclaring math symbol \lambda on input line 48.
LaTeX Font Info:    Redeclaring math symbol \mu on input line 49.
LaTeX Font Info:    Redeclaring math symbol \nu on input line 50.
LaTeX Font Info:    Redeclaring math symbol \xi on input line 51.
LaTeX Font Info:    Redeclaring math symbol \pi on input line 52.
LaTeX Font Info:    Redeclaring math symbol \rho on input line 53.
LaTeX Font Info:    Redeclaring math symbol \sigma on input line 54.
LaTeX Font Info:    Redeclaring math symbol \tau on input line 55.
LaTeX Font Info:    Redeclaring math symbol \upsilon on input line 56.
LaTeX Font Info:    Redeclaring math symbol \phi on input line 57.
LaTeX Font Info:    Redeclaring math symbol \chi on input line 58.
LaTeX Font Info:    Redeclaring math symbol \psi on input line 59.
LaTeX Font Info:    Redeclaring math symbol \omega on input line 60.
LaTeX Font Info:    Redeclaring math symbol \varepsilon on input line 61.
LaTeX Font Info:    Redeclaring math symbol \vartheta on input line 62.
LaTeX Font Info:    Redeclaring math symbol \varpi on input line 63.
LaTeX Font Info:    Redeclaring math symbol \varphi on input line 64.
LaTeX Font Info:    Redeclaring math symbol \varrho on input line 65.
LaTeX Font Info:    Redeclaring math symbol \varsigma on input line 66.
)
LaTeX Font Info:    Overwriting math alphabet `\mathsfit' in version `bold'
(Font)                  OML/cmbr/m/it --> OML/cmbr/bx/it on input line 201.
)
(<USER_HOME>/AppData/Local/Programs/MiKTeX/tex/latex/mfirstuc/mfirstuc.sty
Package: mfirstuc 2025/04/03 v2.09 (NLCT)
\@glsmfirst=\toks30
\@glsmrest=\toks31
) (<USER_HOME>/AppData/Local/Programs/MiKTeX/tex/latex/subfiles/subfiles.st
y
Package: subfiles 2020/11/14 v2.2 Multi-file projects (package)
(<USER_HOME>/AppData/Local/Programs/MiKTeX/tex/latex/import/import.sty
Package: import 2020/04/01  v 6.2
))
(<USER_HOME>/AppData/Local/Programs/MiKTeX/tex/latex/framed/framed.sty
Package: framed 2011/10/22 v 0.96: framed or shaded text with page breaks
\OuterFrameSep=\skip194
\fb@frw=\dimen266
\fb@frh=\dimen267
)
(<USER_HOME>/AppData/Local/Programs/MiKTeX/tex/latex/graphics/graphicx.sty
Package: graphicx 2024/12/31 v1.2e Enhanced LaTeX Graphics (DPC,SPQR)

(<USER_HOME>/AppData/Local/Programs/MiKTeX/tex/latex/graphics/graphics.sty
Package: graphics 2024/08/06 v1.4g Standard LaTeX Graphics (DPC,SPQR)

(<USER_HOME>/AppData/Local/Programs/MiKTeX/tex/latex/graphics/trig.sty
Package: trig 2023/12/02 v1.11 sin cos tan (DPC)
)
(<USER_HOME>/AppData/Local/Programs/MiKTeX/tex/latex/graphics-cfg/graphics.
cfg
File: graphics.cfg 2016/06/04 v1.11 sample graphics configuration
)
Package graphics Info: Driver file: luatex.def on input line 106.
)
\Gin@req@height=\dimen268
\Gin@req@width=\dimen269
)
(<USER_HOME>/AppData/Local/Programs/MiKTeX/tex/latex/multirow/multirow.sty
Package: multirow 2024/11/12 v2.9 Span multiple rows of a table
\multirow@colwidth=\skip195
\multirow@cntb=\count361
\multirow@dima=\skip196
\bigstrutjot=\dimen270
) (<USER_HOME>/AppData/Local/Programs/MiKTeX/tex/latex/tools/longtable.sty
Package: longtable 2025-10-13 v4.24 Multi-page Table package (DPC)
\LTleft=\skip197
\LTright=\skip198
\LTpre=\skip199
\LTpost=\skip256
\LTchunksize=\count362
\LTcapwidth=\dimen271
\LT@head=\box61
\LT@firsthead=\box62
\LT@foot=\box63
\LT@lastfoot=\box64
\LT@gbox=\box65
\LT@cols=\count363
\LT@rows=\count364
\c@LT@tables=\count365
\c@LT@chunks=\count366
\LT@p@ftn=\toks32
)
(<USER_HOME>/AppData/Local/Programs/MiKTeX/tex/latex/units/nicefrac.sty
Package: nicefrac 1998/08/04 v0.9b Nice fractions
\L@UnitsRaiseDisplaystyle=\skip257
\L@UnitsRaiseTextstyle=\skip258
\L@UnitsRaiseScriptstyle=\skip259

(<USER_HOME>/AppData/Local/Programs/MiKTeX/tex/latex/base/ifthen.sty
Package: ifthen 2024/03/16 v1.1e Standard LaTeX ifthen package (DPC)
))
(<USER_HOME>/AppData/Local/Programs/MiKTeX/tex/latex/graphics/rotating.sty
Package: rotating 2025/01/14 v2.16e rotated objects in LaTeX
\c@r@tfl@t=\count367
\rotFPtop=\skip260
\rotFPbot=\skip261
\rot@float@box=\box66
\rot@mess@toks=\toks33
) (<USER_HOME>/AppData/Local/Programs/MiKTeX/tex/latex/natbib/natbib.sty
Package: natbib 2010/09/13 8.31b (PWD, AO)
\bibhang=\skip262
\bibsep=\skip263
LaTeX Info: Redefining \cite on input line 694.
\c@NAT@ctr=\count368
)
(<USER_HOME>/AppData/Local/Programs/MiKTeX/tex/latex/pgf/frontendlayer/tikz
.sty
(<USER_HOME>/AppData/Local/Programs/MiKTeX/tex/latex/pgf/basiclayer/pgf.sty

(<USER_HOME>/AppData/Local/Programs/MiKTeX/tex/latex/pgf/utilities/pgfrcs.s
ty
(<USER_HOME>/AppData/Local/Programs/MiKTeX/tex/generic/pgf/utilities/pgfuti
l-common.tex
\pgfutil@everybye=\toks34
\pgfutil@tempdima=\dimen272
\pgfutil@tempdimb=\dimen273
)
(<USER_HOME>/AppData/Local/Programs/MiKTeX/tex/generic/pgf/utilities/pgfuti
l-latex.def
\pgfutil@abb=\box67
)
(<USER_HOME>/AppData/Local/Programs/MiKTeX/tex/generic/pgf/utilities/pgfrcs
.code.tex
(<USER_HOME>/AppData/Local/Programs/MiKTeX/tex/generic/pgf/pgf.revision.tex
)
Package: pgfrcs 2025-08-29 v3.1.11a (3.1.11a)
))
Package: pgf 2025-08-29 v3.1.11a (3.1.11a)

(<USER_HOME>/AppData/Local/Programs/MiKTeX/tex/latex/pgf/basiclayer/pgfcore
.sty
(<USER_HOME>/AppData/Local/Programs/MiKTeX/tex/latex/pgf/systemlayer/pgfsys
.sty
(<USER_HOME>/AppData/Local/Programs/MiKTeX/tex/generic/pgf/systemlayer/pgfs
ys.code.tex
Package: pgfsys 2025-08-29 v3.1.11a (3.1.11a)

(<USER_HOME>/AppData/Local/Programs/MiKTeX/tex/generic/pgf/utilities/pgfkey
s.code.tex
\pgfkeys@pathtoks=\toks35
\pgfkeys@temptoks=\toks36

(<USER_HOME>/AppData/Local/Programs/MiKTeX/tex/generic/pgf/utilities/pgfkey
slibraryfiltered.code.tex
\pgfkeys@tmptoks=\toks37
))
\pgf@x=\dimen274
\pgf@y=\dimen275
\pgf@xa=\dimen276
\pgf@ya=\dimen277
\pgf@xb=\dimen278
\pgf@yb=\dimen279
\pgf@xc=\dimen280
\pgf@yc=\dimen281
\pgf@xd=\dimen282
\pgf@yd=\dimen283
\w@pgf@writea=\write4
\r@pgf@reada=\read5
\c@pgf@counta=\count369
\c@pgf@countb=\count370
\c@pgf@countc=\count371
\c@pgf@countd=\count372
\t@pgf@toka=\toks38
\t@pgf@tokb=\toks39
\t@pgf@tokc=\toks40
\pgf@sys@id@count=\count373

(<USER_HOME>/AppData/Local/Programs/MiKTeX/tex/generic/pgf/systemlayer/pgf.
cfg
File: pgf.cfg 2025-08-29 v3.1.11a (3.1.11a)
)
Driver file for pgf: pgfsys-luatex.def

(<USER_HOME>/AppData/Local/Programs/MiKTeX/tex/generic/pgf/systemlayer/pgfs
ys-luatex.def
File: pgfsys-luatex.def 2025-08-29 v3.1.11a (3.1.11a)

(<USER_HOME>/AppData/Local/Programs/MiKTeX/tex/generic/pgf/systemlayer/pgfs
ys-common-pdf.def
File: pgfsys-common-pdf.def 2025-08-29 v3.1.11a (3.1.11a)
)))
(<USER_HOME>/AppData/Local/Programs/MiKTeX/tex/generic/pgf/systemlayer/pgfs
yssoftpath.code.tex
File: pgfsyssoftpath.code.tex 2025-08-29 v3.1.11a (3.1.11a)
\pgfsyssoftpath@smallbuffer@items=\count374
\pgfsyssoftpath@bigbuffer@items=\count375
)
(<USER_HOME>/AppData/Local/Programs/MiKTeX/tex/generic/pgf/systemlayer/pgfs
ysprotocol.code.tex
File: pgfsysprotocol.code.tex 2025-08-29 v3.1.11a (3.1.11a)
))
(<USER_HOME>/AppData/Local/Programs/MiKTeX/tex/generic/pgf/basiclayer/pgfco
re.code.tex
Package: pgfcore 2025-08-29 v3.1.11a (3.1.11a)

(<USER_HOME>/AppData/Local/Programs/MiKTeX/tex/generic/pgf/math/pgfmath.cod
e.tex
(<USER_HOME>/AppData/Local/Programs/MiKTeX/tex/generic/pgf/math/pgfmathutil
.code.tex)
(<USER_HOME>/AppData/Local/Programs/MiKTeX/tex/generic/pgf/math/pgfmathpars
er.code.tex
\pgfmath@dimen=\dimen284
\pgfmath@count=\count376
\pgfmath@box=\box68
\pgfmath@toks=\toks41
\pgfmath@stack@operand=\toks42
\pgfmath@stack@operation=\toks43
)
(<USER_HOME>/AppData/Local/Programs/MiKTeX/tex/generic/pgf/math/pgfmathfunc
tions.code.tex)
(<USER_HOME>/AppData/Local/Programs/MiKTeX/tex/generic/pgf/math/pgfmathfunc
tions.basic.code.tex)
(<USER_HOME>/AppData/Local/Programs/MiKTeX/tex/generic/pgf/math/pgfmathfunc
tions.trigonometric.code.tex)
(<USER_HOME>/AppData/Local/Programs/MiKTeX/tex/generic/pgf/math/pgfmathfunc
tions.random.code.tex)
(<USER_HOME>/AppData/Local/Programs/MiKTeX/tex/generic/pgf/math/pgfmathfunc
tions.comparison.code.tex)
(<USER_HOME>/AppData/Local/Programs/MiKTeX/tex/generic/pgf/math/pgfmathfunc
tions.base.code.tex)
(<USER_HOME>/AppData/Local/Programs/MiKTeX/tex/generic/pgf/math/pgfmathfunc
tions.round.code.tex)
(<USER_HOME>/AppData/Local/Programs/MiKTeX/tex/generic/pgf/math/pgfmathfunc
tions.misc.code.tex)
(<USER_HOME>/AppData/Local/Programs/MiKTeX/tex/generic/pgf/math/pgfmathfunc
tions.integerarithmetics.code.tex)
(<USER_HOME>/AppData/Local/Programs/MiKTeX/tex/generic/pgf/math/pgfmathcalc
.code.tex)
(<USER_HOME>/AppData/Local/Programs/MiKTeX/tex/generic/pgf/math/pgfmathfloa
t.code.tex
\c@pgfmathroundto@lastzeros=\count377
))
(<USER_HOME>/AppData/Local/Programs/MiKTeX/tex/generic/pgf/math/pgfint.code
.tex)
(<USER_HOME>/AppData/Local/Programs/MiKTeX/tex/generic/pgf/basiclayer/pgfco
repoints.code.tex
File: pgfcorepoints.code.tex 2025-08-29 v3.1.11a (3.1.11a)
\pgf@picminx=\dimen285
\pgf@picmaxx=\dimen286
\pgf@picminy=\dimen287
\pgf@picmaxy=\dimen288
\pgf@pathminx=\dimen289
\pgf@pathmaxx=\dimen290
\pgf@pathminy=\dimen291
\pgf@pathmaxy=\dimen292
\pgf@xx=\dimen293
\pgf@xy=\dimen294
\pgf@yx=\dimen295
\pgf@yy=\dimen296
\pgf@zx=\dimen297
\pgf@zy=\dimen298
)
(<USER_HOME>/AppData/Local/Programs/MiKTeX/tex/generic/pgf/basiclayer/pgfco
repathconstruct.code.tex
File: pgfcorepathconstruct.code.tex 2025-08-29 v3.1.11a (3.1.11a)
\pgf@path@lastx=\dimen299
\pgf@path@lasty=\dimen300
)
(<USER_HOME>/AppData/Local/Programs/MiKTeX/tex/generic/pgf/basiclayer/pgfco
repathusage.code.tex
File: pgfcorepathusage.code.tex 2025-08-29 v3.1.11a (3.1.11a)
\pgf@shorten@end@additional=\dimen301
\pgf@shorten@start@additional=\dimen302
)
(<USER_HOME>/AppData/Local/Programs/MiKTeX/tex/generic/pgf/basiclayer/pgfco
rescopes.code.tex
File: pgfcorescopes.code.tex 2025-08-29 v3.1.11a (3.1.11a)
\pgfpic=\box69
\pgf@hbox=\box70
\pgf@layerbox@main=\box71
\pgf@picture@serial@count=\count378
)
(<USER_HOME>/AppData/Local/Programs/MiKTeX/tex/generic/pgf/basiclayer/pgfco
regraphicstate.code.tex
File: pgfcoregraphicstate.code.tex 2025-08-29 v3.1.11a (3.1.11a)
\pgflinewidth=\dimen303
)
(<USER_HOME>/AppData/Local/Programs/MiKTeX/tex/generic/pgf/basiclayer/pgfco
retransformations.code.tex
File: pgfcoretransformations.code.tex 2025-08-29 v3.1.11a (3.1.11a)
\pgf@pt@x=\dimen304
\pgf@pt@y=\dimen305
\pgf@pt@temp=\dimen306
)
(<USER_HOME>/AppData/Local/Programs/MiKTeX/tex/generic/pgf/basiclayer/pgfco
requick.code.tex
File: pgfcorequick.code.tex 2025-08-29 v3.1.11a (3.1.11a)
)
(<USER_HOME>/AppData/Local/Programs/MiKTeX/tex/generic/pgf/basiclayer/pgfco
reobjects.code.tex
File: pgfcoreobjects.code.tex 2025-08-29 v3.1.11a (3.1.11a)
)
(<USER_HOME>/AppData/Local/Programs/MiKTeX/tex/generic/pgf/basiclayer/pgfco
repathprocessing.code.tex
File: pgfcorepathprocessing.code.tex 2025-08-29 v3.1.11a (3.1.11a)
)
(<USER_HOME>/AppData/Local/Programs/MiKTeX/tex/generic/pgf/basiclayer/pgfco
rearrows.code.tex
File: pgfcorearrows.code.tex 2025-08-29 v3.1.11a (3.1.11a)
\pgfarrowsep=\dimen307
)
(<USER_HOME>/AppData/Local/Programs/MiKTeX/tex/generic/pgf/basiclayer/pgfco
reshade.code.tex
File: pgfcoreshade.code.tex 2025-08-29 v3.1.11a (3.1.11a)
\pgf@max=\dimen308
\pgf@sys@shading@range@num=\count379
\pgf@shadingcount=\count380
)
(<USER_HOME>/AppData/Local/Programs/MiKTeX/tex/generic/pgf/basiclayer/pgfco
reimage.code.tex
File: pgfcoreimage.code.tex 2025-08-29 v3.1.11a (3.1.11a)
)
(<USER_HOME>/AppData/Local/Programs/MiKTeX/tex/generic/pgf/basiclayer/pgfco
reexternal.code.tex
File: pgfcoreexternal.code.tex 2025-08-29 v3.1.11a (3.1.11a)
\pgfexternal@startupbox=\box72
)
(<USER_HOME>/AppData/Local/Programs/MiKTeX/tex/generic/pgf/basiclayer/pgfco
relayers.code.tex
File: pgfcorelayers.code.tex 2025-08-29 v3.1.11a (3.1.11a)
)
(<USER_HOME>/AppData/Local/Programs/MiKTeX/tex/generic/pgf/basiclayer/pgfco
retransparency.code.tex
File: pgfcoretransparency.code.tex 2025-08-29 v3.1.11a (3.1.11a)
)
(<USER_HOME>/AppData/Local/Programs/MiKTeX/tex/generic/pgf/basiclayer/pgfco
repatterns.code.tex
File: pgfcorepatterns.code.tex 2025-08-29 v3.1.11a (3.1.11a)
)
(<USER_HOME>/AppData/Local/Programs/MiKTeX/tex/generic/pgf/basiclayer/pgfco
rerdf.code.tex
File: pgfcorerdf.code.tex 2025-08-29 v3.1.11a (3.1.11a)
)))
(<USER_HOME>/AppData/Local/Programs/MiKTeX/tex/generic/pgf/modules/pgfmodul
eshapes.code.tex
File: pgfmoduleshapes.code.tex 2025-08-29 v3.1.11a (3.1.11a)
\pgfnodeparttextbox=\box73
)
(<USER_HOME>/AppData/Local/Programs/MiKTeX/tex/generic/pgf/modules/pgfmodul
eplot.code.tex
File: pgfmoduleplot.code.tex 2025-08-29 v3.1.11a (3.1.11a)
)
(<USER_HOME>/AppData/Local/Programs/MiKTeX/tex/latex/pgf/compatibility/pgfc
omp-version-0-65.sty
Package: pgfcomp-version-0-65 2025-08-29 v3.1.11a (3.1.11a)
\pgf@nodesepstart=\dimen309
\pgf@nodesepend=\dimen310
)
(<USER_HOME>/AppData/Local/Programs/MiKTeX/tex/latex/pgf/compatibility/pgfc
omp-version-1-18.sty
Package: pgfcomp-version-1-18 2025-08-29 v3.1.11a (3.1.11a)
))
(<USER_HOME>/AppData/Local/Programs/MiKTeX/tex/latex/pgf/utilities/pgffor.s
ty
(<USER_HOME>/AppData/Local/Programs/MiKTeX/tex/latex/pgf/utilities/pgfkeys.
sty
(<USER_HOME>/AppData/Local/Programs/MiKTeX/tex/generic/pgf/utilities/pgfkey
s.code.tex))
(<USER_HOME>/AppData/Local/Programs/MiKTeX/tex/latex/pgf/math/pgfmath.sty
(<USER_HOME>/AppData/Local/Programs/MiKTeX/tex/generic/pgf/math/pgfmath.cod
e.tex))
(<USER_HOME>/AppData/Local/Programs/MiKTeX/tex/generic/pgf/utilities/pgffor
.code.tex
Package: pgffor 2025-08-29 v3.1.11a (3.1.11a)
\pgffor@iter=\dimen311
\pgffor@skip=\dimen312
\pgffor@stack=\toks44
\pgffor@toks=\toks45
))
(<USER_HOME>/AppData/Local/Programs/MiKTeX/tex/generic/pgf/frontendlayer/ti
kz/tikz.code.tex
Package: tikz 2025-08-29 v3.1.11a (3.1.11a)

(<USER_HOME>/AppData/Local/Programs/MiKTeX/tex/generic/pgf/libraries/pgflib
raryplothandlers.code.tex
File: pgflibraryplothandlers.code.tex 2025-08-29 v3.1.11a (3.1.11a)
\pgf@plot@mark@count=\count381
\pgfplotmarksize=\dimen313
)
\tikz@lastx=\dimen314
\tikz@lasty=\dimen315
\tikz@lastxsaved=\dimen316
\tikz@lastysaved=\dimen317
\tikz@lastmovetox=\dimen318
\tikz@lastmovetoy=\dimen319
\tikzleveldistance=\dimen320
\tikzsiblingdistance=\dimen321
\tikz@figbox=\box74
\tikz@figbox@bg=\box75
\tikz@tempbox=\box76
\tikz@tempbox@bg=\box77
\tikztreelevel=\count382
\tikznumberofchildren=\count383
\tikznumberofcurrentchild=\count384
\tikz@fig@count=\count385

(<USER_HOME>/AppData/Local/Programs/MiKTeX/tex/generic/pgf/modules/pgfmodul
ematrix.code.tex
File: pgfmodulematrix.code.tex 2025-08-29 v3.1.11a (3.1.11a)
\pgfmatrixcurrentrow=\count386
\pgfmatrixcurrentcolumn=\count387
\pgf@matrix@numberofcolumns=\count388
)
\tikz@expandcount=\count389

(<USER_HOME>/AppData/Local/Programs/MiKTeX/tex/generic/pgf/frontendlayer/ti
kz/libraries/tikzlibrarytopaths.code.tex
File: tikzlibrarytopaths.code.tex 2025-08-29 v3.1.11a (3.1.11a)
)))
(<USER_HOME>/AppData/Local/Programs/MiKTeX/tex/latex/tikzscale/tikzscale.st
y
Package: tikzscale 2013/05/22 v0.2.6 tikzscale LaTeX package

(<USER_HOME>/AppData/Local/Programs/MiKTeX/tex/latex/letltxmacro/letltxmacr
o.sty
Package: letltxmacro 2019/12/03 v1.6 Let assignment for LaTeX macros (HO)
)
\tikzscale@measuredSize=\box78
)
(<USER_HOME>/AppData/Local/Programs/MiKTeX/tex/generic/pgf/frontendlayer/ti
kz/libraries/tikzlibraryarrows.code.tex
File: tikzlibraryarrows.code.tex 2025-08-29 v3.1.11a (3.1.11a)

(<USER_HOME>/AppData/Local/Programs/MiKTeX/tex/generic/pgf/libraries/pgflib
raryarrows.code.tex
File: pgflibraryarrows.code.tex 2025-08-29 v3.1.11a (3.1.11a)
\arrowsize=\dimen322
))
(<USER_HOME>/AppData/Local/Programs/MiKTeX/tex/generic/pgf/frontendlayer/ti
kz/libraries/tikzlibraryautomata.code.tex
File: tikzlibraryautomata.code.tex 2025-08-29 v3.1.11a (3.1.11a)

(<USER_HOME>/AppData/Local/Programs/MiKTeX/tex/generic/pgf/frontendlayer/ti
kz/libraries/tikzlibraryshapes.multipart.code.tex
File: tikzlibraryshapes.multipart.code.tex 2025-08-29 v3.1.11a (3.1.11a)

(<USER_HOME>/AppData/Local/Programs/MiKTeX/tex/generic/pgf/libraries/shapes
/pgflibraryshapes.multipart.code.tex
File: pgflibraryshapes.multipart.code.tex 2025-08-29 v3.1.11a (3.1.11a)
\pgfnodepartlowerbox=\box79
\pgfnodeparttwobox=\box80
\pgfnodepartthreebox=\box81
\pgfnodepartfourbox=\box82
\pgfnodeparttwentybox=\box83
\pgfnodepartnineteenbox=\box84
\pgfnodeparteighteenbox=\box85
\pgfnodepartseventeenbox=\box86
\pgfnodepartsixteenbox=\box87
\pgfnodepartfifteenbox=\box88
\pgfnodepartfourteenbox=\box89
\pgfnodepartthirteenbox=\box90
\pgfnodeparttwelvebox=\box91
\pgfnodepartelevenbox=\box92
\pgfnodeparttenbox=\box93
\pgfnodepartninebox=\box94
\pgfnodeparteightbox=\box95
\pgfnodepartsevenbox=\box96
\pgfnodepartsixbox=\box97
\pgfnodepartfivebox=\box98
)))
(<USER_HOME>/AppData/Local/Programs/MiKTeX/tex/generic/pgf/frontendlayer/ti
kz/libraries/tikzlibraryintersections.code.tex
(<USER_HOME>/AppData/Local/Programs/MiKTeX/tex/generic/pgf/libraries/pgflib
raryintersections.code.tex
(<USER_HOME>/AppData/Local/Programs/MiKTeX/tex/generic/pgf/libraries/pgflib
raryfpu.code.tex)
\pgf@intersect@solutions=\count390
))
(<USER_HOME>/AppData/Local/Programs/MiKTeX/tex/generic/pgf/frontendlayer/ti
kz/libraries/tikzlibrarypositioning.code.tex
File: tikzlibrarypositioning.code.tex 2025-08-29 v3.1.11a (3.1.11a)
)
(<USER_HOME>/AppData/Local/Programs/MiKTeX/tex/latex/bussproofs/bussproofs.
sty
Proof Tree (bussproofs) style macros. Version 1.1.
\theLevel=\count391
\myMaxLevel=\count392
\myBoxA=\box99
\myBoxB=\box100
\myBoxC=\box101
\myBoxD=\box102
\myBoxLL=\box103
\myBoxRL=\box104
\thisAboveSkip=\dimen323
\thisBelowSkip=\dimen324
\newScoreStart=\dimen325
\newScoreEnd=\dimen326
\newCenter=\dimen327
\displace=\dimen328
\leftLowerAmt=\dimen329
\rightLowerAmt=\dimen330
\scoreHeight=\dimen331
\scoreDepth=\dimen332
\htLbox=\dimen333
\htRbox=\dimen334
\htRRbox=\dimen335
\htRRRbox=\dimen336
\htAbox=\dimen337
\htCbox=\dimen338
)
(<USER_HOME>/AppData/Local/Programs/MiKTeX/tex/latex/prooftrees/prooftrees.
sty
(<USER_HOME>/AppData/Local/Programs/MiKTeX/tex/latex/svn-prov/svn-prov.sty
Package: svn-prov 2010/04/24 v3.1862 Package Date/Version from SVN Keywords
)
Package: prooftrees 2026/02/21 v0.9.3 (SVN Rev: 11666)
(<USER_HOME>/AppData/Local/Programs/MiKTeX/tex/latex/forest/forest.sty
Package: forest 2017/07/14 v2.1.5 Drawing (linguistic) trees

(<USER_HOME>/AppData/Local/Programs/MiKTeX/tex/generic/pgf/frontendlayer/ti
kz/libraries/tikzlibraryshapes.code.tex
File: tikzlibraryshapes.code.tex 2025-08-29 v3.1.11a (3.1.11a)

(<USER_HOME>/AppData/Local/Programs/MiKTeX/tex/generic/pgf/frontendlayer/ti
kz/libraries/tikzlibraryshapes.geometric.code.tex
File: tikzlibraryshapes.geometric.code.tex 2025-08-29 v3.1.11a (3.1.11a)

(<USER_HOME>/AppData/Local/Programs/MiKTeX/tex/generic/pgf/libraries/shapes
/pgflibraryshapes.geometric.code.tex
File: pgflibraryshapes.geometric.code.tex 2025-08-29 v3.1.11a (3.1.11a)
))
(<USER_HOME>/AppData/Local/Programs/MiKTeX/tex/generic/pgf/frontendlayer/ti
kz/libraries/tikzlibraryshapes.misc.code.tex
File: tikzlibraryshapes.misc.code.tex 2025-08-29 v3.1.11a (3.1.11a)

(<USER_HOME>/AppData/Local/Programs/MiKTeX/tex/generic/pgf/libraries/shapes
/pgflibraryshapes.misc.code.tex
File: pgflibraryshapes.misc.code.tex 2025-08-29 v3.1.11a (3.1.11a)
))
(<USER_HOME>/AppData/Local/Programs/MiKTeX/tex/generic/pgf/frontendlayer/ti
kz/libraries/tikzlibraryshapes.symbols.code.tex
File: tikzlibraryshapes.symbols.code.tex 2025-08-29 v3.1.11a (3.1.11a)

(<USER_HOME>/AppData/Local/Programs/MiKTeX/tex/generic/pgf/libraries/shapes
/pgflibraryshapes.symbols.code.tex
File: pgflibraryshapes.symbols.code.tex 2025-08-29 v3.1.11a (3.1.11a)
))
(<USER_HOME>/AppData/Local/Programs/MiKTeX/tex/generic/pgf/frontendlayer/ti
kz/libraries/tikzlibraryshapes.arrows.code.tex
File: tikzlibraryshapes.arrows.code.tex 2025-08-29 v3.1.11a (3.1.11a)

(<USER_HOME>/AppData/Local/Programs/MiKTeX/tex/generic/pgf/libraries/shapes
/pgflibraryshapes.arrows.code.tex
File: pgflibraryshapes.arrows.code.tex 2025-08-29 v3.1.11a (3.1.11a)
))
(<USER_HOME>/AppData/Local/Programs/MiKTeX/tex/generic/pgf/frontendlayer/ti
kz/libraries/tikzlibraryshapes.callouts.code.tex
(<USER_HOME>/AppData/Local/Programs/MiKTeX/tex/generic/pgf/libraries/shapes
/pgflibraryshapes.callouts.code.tex)))
(<USER_HOME>/AppData/Local/Programs/MiKTeX/tex/generic/pgf/frontendlayer/ti
kz/libraries/tikzlibraryfit.code.tex
File: tikzlibraryfit.code.tex 2025-08-29 v3.1.11a (3.1.11a)
)
(<USER_HOME>/AppData/Local/Programs/MiKTeX/tex/generic/pgf/frontendlayer/ti
kz/libraries/tikzlibrarycalc.code.tex
File: tikzlibrarycalc.code.tex 2025-08-29 v3.1.11a (3.1.11a)
)
(<USER_HOME>/AppData/Local/Programs/MiKTeX/tex/latex/pgfopts/pgfopts.sty
Package: pgfopts 2014/07/10 v2.1a LaTeX package options with pgfkeys
\pgfopts@list@add@a@toks=\toks46
\pgfopts@list@add@b@toks=\toks47
)
(<USER_HOME>/AppData/Local/Programs/MiKTeX/tex/latex/elocalloc/elocalloc.st
y
Package: elocalloc 2016/12/15 v0.03 local allocation for LaTeX 2015+ (DPC)
) (<USER_HOME>/AppData/Local/Programs/MiKTeX/tex/latex/environ/environ.sty
Package: environ 2014/05/04 v0.3 A new way to define environments

(<USER_HOME>/AppData/Local/Programs/MiKTeX/tex/latex/trimspaces/trimspaces.
sty
Package: trimspaces 2009/09/17 v1.1 Trim spaces around a token list
))
(<USER_HOME>/AppData/Local/Programs/MiKTeX/tex/latex/inlinedef/inlinedef.st
y
Package: inlinedef 2008/07/10 v1.0 Inlined expansions within definitions
\ID@toks=\toks48
\ID@count=\count393
)
\ID@usercommands=\toks49
\safeloop@depth=\count394
\safeRKloop@depth=\count395
\forest@temp@dimen=\dimen339
\forest@temp@count=\count396
\forest@n=\count397
\forest@temp@global@count=\count398
\forest@temp@toks=\toks50
\forest@temparray@M=\count399
\forest@temparray@N=\count400
\forest@global@temparray@M=\count401
\forest@global@temparray@N=\count402
\forest@isnum@count=\count403
\forest@isdim@nonintpart=\count404
\forest@isdim@dimen=\dimen340
\forest@sort@m=\count405
\forest@sort@k=\count406
\forest@sort@p=\count407
\bracket@content=\toks51
\bracket@afterthought=\toks52
\forest@node@maxid=\count408
\forest@process@left@M=\count409
\forest@process@left@N=\count410
\forest@process@right@M=\count411
\forest@process@right@N=\count412
\forest@process@saved@M=\count413
\forest@process@saved@N=\count414
\forest@process@result@M=\count415
\forest@process@result@N=\count416
\forest@process@n=\count417
\forest@nodewalk@branch@toks=\toks53
\forest@nodewalk@shortsteps@resolution=\toks54
\forest@do@dynamics=\toks55
\forest@box=\box105
\forest@xg=\dimen341
\forest@yg=\dimen342
\forest@xs=\dimen343
\forest@ys=\dimen344
\forest@pi@toks=\toks56
\forest@segment@toks=\toks57
\forest@PIi@toks=\toks58
\forest@PIii@toks=\toks59
\forest@copy@in=\read6
\forest@copy@out=\write5
\forest@externalize@max@outer@n=\count418
\forest@externalize@inner@n=\count419
)
(<USER_HOME>/AppData/Local/Programs/MiKTeX/tex/latex/forest-ext/forest-lib-
ext.tagging.sty
Package: forest-lib-ext.tagging v0.1

(<USER_HOME>/AppData/Local/Programs/MiKTeX/tex/latex/forest-ext/forest-lib-
ext.utils.sty
Package: forest-lib-ext.utils 2025-12-05 v0.1
\forestext@toksa=\toks60
)
\tagforest@toks=\toks61
\tagforest@id=\count420

[Forest ext.utils debug]:: Setting processing order for tag nodes to unique=tre
e.
[Forest ext.utils debug]:: Setting processing order for collate tags to unique=
tree.
)
[Forest ext.utils debug]:: Setting processing order for proof tree copy content
 to unique=tree.
) (<USER_HOME>/AppData/Local/Programs/MiKTeX/tex/latex/wrapfig/wrapfig.sty
\wrapoverhang=\dimen345
\WF@size=\dimen346
\c@WF@wrappedlines=\count421
\WF@box=\box106
\WF@everypar=\toks62
Package: wrapfig 2003/01/31  v 3.6
)
(<USER_HOME>/AppData/Local/Programs/MiKTeX/tex/generic/catchfile/catchfile.
sty
Package: catchfile 2019/12/09 v1.8 Catch the contents of a file (HO)

(<USER_HOME>/AppData/Local/Programs/MiKTeX/tex/generic/etexcmds/etexcmds.st
y
Package: etexcmds 2019/12/15 v1.7 Avoid name clashes with e-TeX commands (HO)
))
(<USER_HOME>/AppData/Local/Programs/MiKTeX/tex/latex/hyperref/hyperref.sty
Package: hyperref 2026-04-24 v7.01q Hypertext links for LaTeX

(<USER_HOME>/AppData/Local/Programs/MiKTeX/tex/generic/kvdefinekeys/kvdefin
ekeys.sty
Package: kvdefinekeys 2019-12-19 v1.6 Define keys (HO)
)
(<USER_HOME>/AppData/Local/Programs/MiKTeX/tex/generic/pdfescape/pdfescape.
sty
Package: pdfescape 2019/12/09 v1.15 Implements pdfTeX's escape features (HO)

(<USER_HOME>/AppData/Local/Programs/MiKTeX/tex/generic/pdftexcmds/pdftexcmd
s.sty
Package: pdftexcmds 2020-06-27 v0.33 Utility functions of pdfTeX for LuaTeX (HO
)
Package pdftexcmds Info: \pdf@primitive is available.
Package pdftexcmds Info: \pdf@ifprimitive is available.
Package pdftexcmds Info: \pdfdraftmode found.
\pdftexcmds@toks=\toks63
))
(<USER_HOME>/AppData/Local/Programs/MiKTeX/tex/latex/hycolor/hycolor.sty
Package: hycolor 2020-01-27 v1.10 Color options for hyperref/bookmark (HO)
)
(<USER_HOME>/AppData/Local/Programs/MiKTeX/tex/generic/stringenc/stringenc.
sty
Package: stringenc 2019/11/29 v1.12 Convert strings between diff. encodings (HO
)
)
\@linkdim=\dimen347
\Hy@linkcounter=\count422
\Hy@pagecounter=\count423

(<USER_HOME>/AppData/Local/Programs/MiKTeX/tex/latex/hyperref/pd1enc.def
File: pd1enc.def 2026-04-24 v7.01q Hyperref: PDFDocEncoding definition (HO)
)
(<USER_HOME>/AppData/Local/Programs/MiKTeX/tex/generic/intcalc/intcalc.sty
Package: intcalc 2019/12/15 v1.3 Expandable calculations with integers (HO)
)
\Hy@SavedSpaceFactor=\count424
(<USER_HOME>/AppData/Local/Programs/MiKTeX/tex/latex/hyperref/puenc.def
File: puenc.def 2026-04-24 v7.01q Hyperref: PDF Unicode definition (HO)
)
Package hyperref Info: Hyper figures OFF on input line 4199.
Package hyperref Info: Link nesting OFF on input line 4204.
Package hyperref Info: Hyper index ON on input line 4207.
Package hyperref Info: Plain pages OFF on input line 4214.
Package hyperref Info: Backreferencing OFF on input line 4219.
Package hyperref Info: Implicit mode ON; LaTeX internals redefined.
Package hyperref Info: Bookmarks ON on input line 4466.
\c@Hy@tempcnt=\count425

(<USER_HOME>/AppData/Local/Programs/MiKTeX/tex/latex/url/url.sty
\Urlmuskip=\muskip21
Package: url 2013/09/16  ver 3.4  Verb mode for urls, etc.
)
LaTeX Info: Redefining \url on input line 4805.
\XeTeXLinkMargin=\dimen348

(<USER_HOME>/AppData/Local/Programs/MiKTeX/tex/generic/bitset/bitset.sty
Package: bitset 2019/12/09 v1.3 Handle bit-vector datatype (HO)

(<USER_HOME>/AppData/Local/Programs/MiKTeX/tex/generic/bigintcalc/bigintcal
c.sty
Package: bigintcalc 2019/12/15 v1.5 Expandable calculations on big integers (HO
)
))
\Fld@menulength=\count426
\Field@Width=\dimen349
\Fld@charsize=\dimen350
Package hyperref Info: Hyper figures OFF on input line 6091.
Package hyperref Info: Link nesting OFF on input line 6096.
Package hyperref Info: Hyper index ON on input line 6099.
Package hyperref Info: backreferencing OFF on input line 6106.
Package hyperref Info: Link coloring OFF on input line 6111.
Package hyperref Info: Link coloring with OCG OFF on input line 6116.
Package hyperref Info: PDF/A mode OFF on input line 6121.
\Hy@abspage=\count427
\c@Item=\count428
\c@Hfootnote=\count429
)
Package hyperref Info: Driver (autodetected): hluatex.

(<USER_HOME>/AppData/Local/Programs/MiKTeX/tex/latex/hyperref/hluatex.def
File: hluatex.def 2026-04-24 v7.01q Hyperref driver for luaTeX
\Fld@listcount=\count430
\c@bookmark@seq@number=\count431

(<USER_HOME>/AppData/Local/Programs/MiKTeX/tex/latex/rerunfilecheck/rerunfi
lecheck.sty
Package: rerunfilecheck 2025-06-21 v1.11 Rerun checks for auxiliary files (HO)

(<USER_HOME>/AppData/Local/Programs/MiKTeX/tex/generic/uniquecounter/unique
counter.sty
Package: uniquecounter 2019/12/15 v1.4 Provide unlimited unique counter (HO)
)
Package uniquecounter Info: New unique counter `rerunfilecheck' on input line 2
84.
)
\Hy@SectionHShift=\skip264
)
(<USER_HOME>/AppData/Local/Programs/MiKTeX/tex/latex/memoir/memhfixc.sty
Package: memhfixc 2025/09/16 v1.24 hyperref package fixes for memoir class
\c@memhycontfloat=\count432
\c@mem@Hpagenote=\count433
)
Package hyperref Info: Option `hypertexnames' set `false' on input line 70.
Package hyperref Info: Option `breaklinks' set `true' on input line 70.


Package hyperref Warning: Option `bookmarks' has already been used,
(hyperref)                setting the option has no effect on input line 70.

Package hyperref Info: Option `bookmarksopen' set `true' on input line 70.
Package hyperref Info: Option `colorlinks' set `true' on input line 70.
(<USER_HOME>/AppData/Local/Programs/MiKTeX/tex/latex/ntheorem/ntheorem.sty
Style `ntheorem', Version 1.33 <2011/08/15>
Package: ntheorem 2011/08/15 1.33
\theorem@style=\toks64
\theorem@@style=\toks65
\theorembodyfont=\toks66
\theoremnumbering=\toks67
\theorempreskipamount=\skip265
\theorempostskipamount=\skip266
\theoremframepreskipamount=\skip267
\theoremframepostskipamount=\skip268
\theoreminframepreskipamount=\skip269
\theoreminframepostskipamount=\skip270
\theorem@preskip=\toks68
\theorem@postskip=\toks69
\theorem@framepreskip=\toks70
\theorem@framepostskip=\toks71
\theorem@inframepreskip=\toks72
\theorem@inframepostskip=\toks73
\theoremindent=\dimen351
\theorem@indent=\dimen352
\theoremrightindent=\dimen353
\theorem@rightindent=\dimen354
\theoremheaderfont=\toks74
\theoremseparator=\toks75
\theoremprework=\toks76
\theorempostwork=\toks77
\theoremsymbol=\toks78
\qedsymbol=\toks79
\theoremkeyword=\toks80
\qedsymbol=\toks81
\thm@topsep=\skip271
\thm@topsepadd=\skip272
Package ntheorem Info: Option `thmmarks' loaded on input line 1175.
\c@endNonectr=\count434
\c@currNonectr=\count435
\mysavskip=\skip273
Package ntheorem Info: option `amsmath' handling for `thmmarks' loaded on input
 line 1175.
\thm@amstmpdepth=\dimen355
\tagwidth=\dimen356
Package ntheorem Info: Option `amsthm' loaded on input line 1175.
\c@proof=\count436
\c@currproofctr=\count437
\c@endproofctr=\count438
)
(<USER_HOME>/AppData/Local/Programs/MiKTeX/tex/latex/thmtools/thmtools.sty
Package: thmtools 2023/05/04 v0.76
\thmt@toks=\toks82
\c@thmt@dummyctr=\count439

(<USER_HOME>/AppData/Local/Programs/MiKTeX/tex/latex/thmtools/thm-patch.sty
Package: thm-patch 2023/05/04 v0.76

(<USER_HOME>/AppData/Local/Programs/MiKTeX/tex/latex/thmtools/parseargs.sty
Package: parseargs 2023/05/04 v0.76
\@parsespec=\toks83
)) (<USER_HOME>/AppData/Local/Programs/MiKTeX/tex/latex/thmtools/thm-kv.sty
Package: thm-kv 2023/05/04 v0.76
Package thm-kv Info: Theorem names will be uppercased on input line 42.
Package thm-kv Info: kvsetkeys patch (v1.16 or later) on input line 158.
)
(<USER_HOME>/AppData/Local/Programs/MiKTeX/tex/latex/thmtools/thm-autoref.s
ty
Package: thm-autoref 2023/05/04 v0.76

(<USER_HOME>/AppData/Local/Programs/MiKTeX/tex/latex/thmtools/aliasctr.sty
Package: aliasctr 2023/05/04 v0.76
))
(<USER_HOME>/AppData/Local/Programs/MiKTeX/tex/latex/thmtools/thm-listof.st
y
Package: thm-listof 2023/05/04 v0.76
)
(<USER_HOME>/AppData/Local/Programs/MiKTeX/tex/latex/thmtools/thm-restate.s
ty
Package: thm-restate 2023/05/04 v0.76
)
(<USER_HOME>/AppData/Local/Programs/MiKTeX/tex/latex/thmtools/thm-ntheorem.
sty
Package: thm-ntheorem 2023/05/04 v0.76
))
(<USER_HOME>/AppData/Local/Programs/MiKTeX/tex/latex/cleveref/cleveref.sty
Package: cleveref 2018/03/27 v0.21.4 Intelligent cross-referencing
Package cleveref Info: `hyperref' support loaded on input line 2370.
LaTeX Info: Redefining \cref on input line 2370.
LaTeX Info: Redefining \Cref on input line 2370.
LaTeX Info: Redefining \crefrange on input line 2370.
LaTeX Info: Redefining \Crefrange on input line 2370.
LaTeX Info: Redefining \cpageref on input line 2370.
LaTeX Info: Redefining \Cpageref on input line 2370.
LaTeX Info: Redefining \cpagerefrange on input line 2370.
LaTeX Info: Redefining \Cpagerefrange on input line 2370.
LaTeX Info: Redefining \labelcref on input line 2370.
LaTeX Info: Redefining \labelcpageref on input line 2370.
Package cleveref Info: `ntheorem' support loaded on input line 3055.
Package cleveref Info: always capitalise cross-reference names on input line 78
30.
Package cleveref Info: include cross-reference names in hyperlinks on input lin
e 7836.
Package cleveref Info: always capitalise cross-reference names on input line 78
52.
Package cleveref Info: include cross-reference names in hyperlinks on input lin
e 7852.
)
==> First Aid for cleveref.sty applied!
(../../open-logic-locale.sty) (../../locale/ar/open-logic-locale.sty)
(../../sty/open-logic-referencing.sty
File: open-logic-referencing.sty 
) (../../sty/open-logic-formulas.sty
File: open-logic-formulas 
)
(../../sty/open-logic-tokenize.sty
File: open-logic-tokenize 
Package babel Info: Making ! an active character on input line 116.
) (../../sty/open-logic-selective.sty
File: open-logic-selective.sty 

(<USER_HOME>/AppData/Local/Programs/MiKTeX/tex/latex/xpunctuate/xpunctuate.
sty
Package: xpunctuate 2023/08/13 v2.0 punctuation after command names (PGR)
 (<USER_HOME>/AppData/Local/Programs/MiKTeX/tex/latex/tools/xspace.sty
Package: xspace 2014/10/28 v1.13 Space after command names (DPC,MH)
)
\xpnct@tok=\toks84
)
\c@tagnum=\count440
) (../../sty/bussproofs-extra.sty

LaTeX Warning: You have requested file `',
               but the file provides `bussproofs-extra'.

Package: bussproofs-extra 2019/05/31 0.4 Extra commands for bussproofs.sty
\CenterCorrection=\dimen357
\DiagCorrection=\dimen358
\myBoxLLL=\box107
\myBoxRLL=\box108
) (../../sty/ptolemaicastronomy.sty

LaTeX Warning: You have requested file `',
               but the file provides `ptolemaicastronomy'.

Package: ptolemaicastronomy 
) (../../open-logic-config.sty
(<USER_HOME>/AppData/Local/Programs/MiKTeX/tex/latex/stmaryrd/stmaryrd.sty
Package: stmaryrd 1994/03/03 St Mary's Road symbol package
\symstmry=\mathgroup6
LaTeX Font Info:    Overwriting symbol font `stmry' in version `bold'
(Font)                  U/stmry/m/n --> U/stmry/b/n on input line 89.
)
Package open-logic-tokenize Info: Setting token height to height / heights on i
nput line 881.
Package open-logic-tokenize Info: Setting token hp to hp / hp on input line 882
.
Package open-logic-tokenize Info: Setting token depth to depth / depths on inpu
t line 888.

(<USER_HOME>/AppData/Local/Programs/MiKTeX/tex/generic/pgf/frontendlayer/ti
kz/libraries/tikzlibrarylindenmayersystems.code.tex
(<USER_HOME>/AppData/Local/Programs/MiKTeX/tex/generic/pgf/libraries/pgflib
rarylindenmayersystems.code.tex
\pgflsystemstep=\dimen359
\c@pgf@lsystem@iteration=\count441
))
Package open-logic-tokenize Info: Setting token language to language / language
s on input line 1357.
Package open-logic-tokenize Info: Setting token formula to formula / formulas o
n input line 1362.
Package open-logic-tokenize Info: Setting token subformula to subformula / subf
ormulas on input line 1367.
Package open-logic-tokenize Info: Setting token sentence to sentence / sentence
s on input line 1372.
Package open-logic-tokenize Info: Setting token variable to variable / variable
s on input line 1377.
Package open-logic-tokenize Info: Setting token propositional variable to propo
sitional variable / propositional variables on input line 1383.
Package open-logic-tokenize Info: Setting token constant to constant symbol / c
onstant symbols on input line 1388.
Package open-logic-tokenize Info: Setting token predicate to predicate symbol /
 predicate symbols on input line 1392.
Package open-logic-tokenize Info: Setting token function to function symbol / f
unction symbols on input line 1396.
Package open-logic-tokenize Info: Setting token operator to logical operator / 
logical operators on input line 1400.
Package open-logic-tokenize Info: Setting token main operator to main operator 
/ main operators on input line 1405.
Package open-logic-tokenize Info: Setting token free for to free for / free for
 on input line 1410.
Package open-logic-tokenize Info: Setting token identity to identity predicate 
/ identity predicates on input line 1415.
Package open-logic-tokenize Info: Setting token conditional to conditional / co
nditionals on input line 1420.
Package open-logic-tokenize Info: Setting token biconditional to biconditional 
/ biconditionals on input line 1425.
Package open-logic-tokenize Info: Setting token falsity to falsity / falsities 
on input line 1430.
Package open-logic-tokenize Info: Setting token truth to truth / truth on input
 line 1435.
Package open-logic-tokenize Info: Setting token structure to structure / struct
ures on input line 1440.
Package open-logic-tokenize Info: Setting token valuation to valuation / valuat
ions on input line 1444.
Package open-logic-tokenize Info: Setting token domain to domain / domains on i
nput line 1448.
Package open-logic-tokenize Info: Setting token value to value / values on inpu
t line 1452.
Package open-logic-tokenize Info: Setting token relational model to relational 
model / relational models on input line 1457.
Package open-logic-tokenize Info: Setting token derivation to derivation / deri
vations on input line 1461.
Package open-logic-tokenize Info: Setting token derive to derive / derives on i
nput line 1465.
Package open-logic-tokenize Info: Setting token derivable to derivable / deriva
ble on input line 1469.
Package open-logic-tokenize Info: Setting token derivability to derivability / 
derivabilities on input line 1473.
Package open-logic-tokenize Info: Setting token nonderivability to non-derivabi
lity / non-derivabilities on input line 1477.
Package open-logic-tokenize Info: Setting token proof to derivation / derivatio
ns on input line 1483.
Package open-logic-tokenize Info: Setting token prove to derive / derives on in
put line 1484.
Package open-logic-tokenize Info: Setting token proving to deriving / deriving 
on input line 1485.
Package open-logic-tokenize Info: Setting token provable to derivable / derivab
le on input line 1486.
Package open-logic-tokenize Info: Setting token provability to derivability / d
erivabilities on input line 1487.
Package open-logic-tokenize Info: Setting token nonprovability to non-derivabil
ity / non-derivabilities on input line 1488.
Package open-logic-tokenize Info: Setting token introduction to introduction / 
introductions on input line 1490.
Package open-logic-tokenize Info: Setting token elimination to elimination / el
imination on input line 1491.
Package open-logic-tokenize Info: Setting token tableau to tableau / tableaux o
n input line 1495.
Package open-logic-tokenize Info: Setting token signed formula to signed formul
a / signed formulas on input line 1499.
Package open-logic-tokenize Info: Setting token complete to complete / complete
 on input line 1503.
Package open-logic-tokenize Info: Setting token axiomatizable to axiomatizable 
/ axiomatizable on input line 1507.
Package open-logic-tokenize Info: Setting token axiomatized to axiomatized / ax
iomatized on input line 1508.
Package open-logic-tokenize Info: Setting token axiomatizability to axiomatizab
ility / axiomatizability on input line 1509.
Package open-logic-tokenize Info: Setting token represents to represents / repr
esent on input line 1513.
Package open-logic-tokenize Info: Setting token representable to representable 
/ representable on input line 1514.
Package open-logic-tokenize Info: Setting token discharge to discharge / discha
rges on input line 1519.
Package open-logic-tokenize Info: Setting token discharged to discharged / disc
harged on input line 1520.
Package open-logic-tokenize Info: Setting token undischarged to undischarged / 
undischarged on input line 1521.
Package open-logic-tokenize Info: Setting token complete to complete / complete
 on input line 1525.
Package open-logic-tokenize Info: Setting token enumerable to enumerable / enum
erable on input line 1530.
Package open-logic-tokenize Info: Setting token nonenumerable to non-enumerable
 / non-enumerable on input line 1535.
Package open-logic-tokenize Info: Setting token denumerable to denumerable / de
numerable on input line 1540.
Package open-logic-tokenize Info: Setting token element to element / elements o
n input line 1544.
Package open-logic-tokenize Info: Setting token injective to injective / inject
ive on input line 1549.
Package open-logic-tokenize Info: Setting token injection to injection / inject
ions on input line 1550.
Package open-logic-tokenize Info: Setting token surjective to surjective / surj
ective on input line 1554.
Package open-logic-tokenize Info: Setting token surjection to surjection / surj
ections on input line 1555.
Package open-logic-tokenize Info: Setting token bijective to bijective / biject
ive on input line 1560.
Package open-logic-tokenize Info: Setting token bijection to bijection / biject
ions on input line 1561.
Package open-logic-tokenize Info: Setting token decidable to decidable / decida
ble on input line 1565.
Package open-logic-tokenize Info: Setting token computably enumerable to comput
ably enumerable / computably enumerable on input line 1567.
Package open-logic-tokenize Info: Setting token c.e. to c.e.\spacefactor \@m {}
 / c.e.\spacefactor \@m {} on input line 1568.
Package open-logic-tokenize Info: Setting token argument to argument / argument
s on input line 1570.
Package open-logic-tokenize Info: Setting token parameter to parameter / parame
ters on input line 1571.
Package open-logic-tokenize Info: Setting token lambda define to $\lambd $-defi
ne / $\lambd $-defines on input line 1575.
Package open-logic-tokenize Info: Setting token lambda defined to $\lambd $-def
ined / $\lambd $-defined on input line 1577.
Package open-logic-tokenize Info: Setting token lambda definable to $\lambd $-d
efinable / $\lambd $-definable on input line 1578.
Package open-logic-tokenize Info: Setting token colorC to red / red on input li
ne 1677.
Package open-logic-tokenize Info: Setting token colorD to blue / blue on input 
line 1678.
)
Package open-logic-tokenize Info: Setting token colorE to green / green on inpu
t line 136.
 (../../locale/ar/open-logic-config.sty
Package open-logic-tokenize Info: Setting token element to عنصر / عناص
ر on input line 6.
Package open-logic-tokenize Info: Setting token formula to صيغة / صيغ on
 input line 7.
Package open-logic-tokenize Info: Setting token subformula to صيغة جزئ
ية / صيغ جزئية on input line 8.
Package open-logic-tokenize Info: Setting token sentence to جملة / جمل o
n input line 9.
Package open-logic-tokenize Info: Setting token variable to متغير / مت
غيرات on input line 10.
Package open-logic-tokenize Info: Setting token constant to رمز ثابت / 
رموز ثابتة on input line 11.
Package open-logic-tokenize Info: Setting token propositional variable to مت
غير قضوي / متغيرات قضوية on input line 12.
Package open-logic-tokenize Info: Setting token operator to مؤثر منطق
ي / مؤثرات منطقية on input line 13.
Package open-logic-tokenize Info: Setting token main operator to المؤثر 
الرئيس / المؤثرات الرئيسة on input line 14.
Package open-logic-tokenize Info: Setting token conditional to شرط / شرو
ط on input line 15.
Package open-logic-tokenize Info: Setting token biconditional to شرط ثنا
ئي / شروط ثنائية on input line 16.
Package open-logic-tokenize Info: Setting token falsity to الكذب / الك
ذب on input line 17.
Package open-logic-tokenize Info: Setting token truth to الصدق / الصد
ق on input line 18.
Package open-logic-tokenize Info: Setting token denumerable to لا نهائي
ة قابلة للتعداد / لا نهائية قابلة للتعداد on i
nput line 19.
Package open-logic-tokenize Info: Setting token proof to برهان / براه
ين on input line 20.
Package open-logic-tokenize Info: Setting token prove to نبرهن / يبره
ن on input line 21.
Package open-logic-tokenize Info: Setting token proving to برهنة / بره
نة on input line 22.
Package open-logic-tokenize Info: Setting token provable to قابلة للب
رهنة / قابلة للبرهنة on input line 23.
Package open-logic-tokenize Info: Setting token derivation to اشتقاق / 
اشتقاقات on input line 24.
Package open-logic-tokenize Info: Setting token derive to اشتقاق / يش
تق on input line 25.
Package open-logic-tokenize Info: Setting token derivable to قابلة للا
شتقاق / قابلة للاشتقاق on input line 26.
Package open-logic-tokenize Info: Setting token derivability to قابلية 
الاشتقاق / قابلية الاشتقاق on input line 27.
Package open-logic-tokenize Info: Setting token nonderivability to عدم قا
بلية الاشتقاق / عدم قابلية الاشتقاق on input line 
28.
Package open-logic-tokenize Info: Setting token introduction to إدخال / 
إدخالات on input line 29.
Package open-logic-tokenize Info: Setting token elimination to حذف / عمل
يات حذف on input line 30.
Package open-logic-tokenize Info: Setting token height to ارتفاع / ار
تفاعات on input line 31.
Package open-logic-tokenize Info: Setting token depth to عمق / أعماق on
 input line 32.
Package open-logic-tokenize Info: Setting token hp to ح.ا. / ح.ا. on input 
line 33.
Package open-logic-tokenize Info: Setting token tableau to جدول دلالي 
/ جداول دلالية on input line 34.
Package open-logic-tokenize Info: Setting token signed formula to صيغة م
وقّعة / صيغ موقّعة on input line 35.
Package open-logic-tokenize Info: Setting token discharge to إسقاط / إس
قاطات on input line 36.
Package open-logic-tokenize Info: Setting token discharged to إسقاط / إ
سقاطات on input line 37.
Package open-logic-tokenize Info: Setting token undischarged to عدم إسق
اط / عدم إسقاط on input line 38.
Package open-logic-tokenize Info: Setting token structure to بنية / بنى 
on input line 39.
Package open-logic-tokenize Info: Setting token valuation to تقييم / تق
ييمات on input line 40.
Package open-logic-tokenize Info: Setting token identity to هوية / هوي
ات on input line 41.
Package open-logic-tokenize Info: Setting token complete to كاملة / كا
ملة on input line 42.
Package open-logic-tokenize Info: Setting token axiomatizability to قابلي
ة المحورة / قابلية المحورة on input line 43.
Package open-logic-tokenize Info: Setting token axiomatizable to قابلة ل
لمحورة / قابلة للمحورة on input line 44.
Package open-logic-tokenize Info: Setting token axiomatized to مؤكسمة / 
مؤكسمة on input line 45.
Package open-logic-tokenize Info: Setting token represents to تمثّل / ت
مثّل on input line 46.
Package open-logic-tokenize Info: Setting token domain to مجال / مجال
ات on input line 47.
Package open-logic-tokenize Info: Setting token function to دالة / دوا
ل on input line 48.
Package open-logic-tokenize Info: Setting token predicate to محمول / مح
مولات on input line 49.
Package open-logic-tokenize Info: Setting token value to قيمة / قيم on i
nput line 50.
Package open-logic-tokenize Info: Setting token language to لغة / لغات o
n input line 51.
Package open-logic-tokenize Info: Setting token free for to حرًّا للإ
حلال محلّ / حرًّا للإحلال محلّ on input line 52.
Package open-logic-tokenize Info: Setting token surjective to شاملة / ش
املة on input line 53.
Package open-logic-tokenize Info: Setting token surjection to دالة شام
لة / دوال شاملة on input line 54.
Package open-logic-tokenize Info: Setting token injective to متباينة / 
متباينة on input line 55.
Package open-logic-tokenize Info: Setting token injection to دالة متبا
ينة / دوال متباينة on input line 56.
Package open-logic-tokenize Info: Setting token bijective to تقابلية / 
تقابلية on input line 57.
Package open-logic-tokenize Info: Setting token bijection to دالة تقاب
لية / دوال تقابلية on input line 58.
Package open-logic-tokenize Info: Setting token enumerable to قابلة لل
تعداد / قابلة للتعداد on input line 59.
Package open-logic-tokenize Info: Setting token nonenumerable to غير قاب
لة للتعداد / غير قابلة للتعداد on input line 60.
Package open-logic-tokenize Info: Setting token lambda define to يعرّف ب
لامبدا / يعرّف بلامبدا on input line 61.
Package open-logic-tokenize Info: Setting token lambda defined to معرّفة 
بلامبدا / معرّفة بلامبدا on input line 62.
Package open-logic-tokenize Info: Setting token lambda definable to قابلة 
للتعريف بلامبدا / قابلة للتعريف بلامبدا on inp
ut line 63.
Package open-logic-tokenize Info: Setting token parameter to معلمة / مع
لمات on input line 64.
Package open-logic-tokenize Info: Setting token decidable to قابلة للق
رار / قابلة للقرار on input line 65.
Package open-logic-tokenize Info: Setting token computably enumerable to قا
بلة للتعداد حسابيًا / قابلة للتعداد حسابيً
ا on input line 66.
Package open-logic-tokenize Info: Setting token c.e. to قابلة للتعد
اد حسابيًا / قابلة للتعداد حسابيًا on input line 67
.
)
(../../open-logic-envs.sty
\c@currthmctr=\count442
\c@endthmctr=\count443
\c@thm=\count444
\c@currexctr=\count445
\c@endexctr=\count446
\c@currlemctr=\count447
\c@endlemctr=\count448
\c@currpropctr=\count449
\c@endpropctr=\count450
\c@currcorctr=\count451
\c@endcorctr=\count452
\c@currdefnctr=\count453
\c@enddefnctr=\count454
\c@currprobctr=\count455
\c@endprobctr=\count456
\c@prob=\count457
\c@currprobdctr=\count458
\c@endprobdctr=\count459
\c@probd=\count460
\c@curraxiomctr=\count461
\c@endaxiomctr=\count462
\c@axiom=\count463
\c@currremctr=\count464
\c@endremctr=\count465
\c@rem=\count466
\c@currnotectr=\count467
\c@endnotectr=\count468
\c@note=\count469
\c@currcasectr=\count470
\c@endcasectr=\count471
\c@case=\count472
\c@currconvctr=\count473
\c@endconvctr=\count474
\c@conv=\count475
)
\gnBoxA=\box109
\gnCornerHgt=\dimen360
LaTeX Font Info:    Trying to load font information for U+msa on input line 215
.

(<USER_HOME>/AppData/Local/Programs/MiKTeX/tex/latex/amsfonts/umsa.fd
File: umsa.fd 2013/01/14 v3.01 AMS symbols A
)
LaTeX Font Info:    Trying to load font information for U+msb on input line 215
.

(<USER_HOME>/AppData/Local/Programs/MiKTeX/tex/latex/amsfonts/umsb.fd
File: umsb.fd 2013/01/14 v3.01 AMS symbols B
)
LaTeX Font Info:    Trying to load font information for U+stmry on input line 2
15.

(<USER_HOME>/AppData/Local/Programs/MiKTeX/tex/latex/stmaryrd/ustmry.fd)
\gnArgHgt=\dimen361
\symsymbolsC=\mathgroup7
\c@pcrdepth=\count476
\olphotowidth=\skip274
)
(../../sty/open-logic-defer.sty
File: open-logic-defer.sty 

(<USER_HOME>/AppData/Local/Programs/MiKTeX/tex/latex/answers/answers.sty
Package: answers 2014/08/24 v2.16 Production of solution sheets in LaTeX2e
)
\c@probdeferred=\count477
\c@probdeferredtag=\count478

Output from handle open-logic-closure-supplement-ar-screen going to open-logic-
closure-supplement-ar-screen.prb
\open-logic-closure-supplement-ar-screen@file=\write6

\openout6 = open-logic-closure-supplement-ar-screen.prb
)
Package hyperref Info: Option `unicode' set `true' on input line 141.
\tikzscale@accuracy=\skip275

(<USER_HOME>/Documents/interlanguage/03_projects/language_management/arabic
_persianate_rtl/03_working_translations/openlogic/ar/locale/ar/output-screen-fi
nal/open-logic-closure-supplement-ar-screen.aux

Package babel Info: The following font families will use the default
(babel)             settings for all or some languages:
(babel)             * \rmfamily = TeXGyrePagella(0)
(babel)               "name:TeX Gyre Pagella:mode=node;script=latn;language=dfl
t;+tlig;" at 14.4pt
(babel)             * \sffamily = TeXGyreHeros(0)
(babel)               "name:TeX Gyre Heros:mode=node;script=latn;language=dflt;
+tlig;" at 14.4pt
(babel)             * \ttfamily = LatinModernMono(0)
(babel)               "name:Latin Modern Mono:mode=node;script=latn;language=df
lt;" at 14.4pt
(babel)             There is nothing intrinsically wrong with it, but
(babel)             'babel' will no set Script and Language, which could
(babel)             be relevant in some languages. If your document uses
(babel)             these families, consider redefining them with \babelfont.
(babel)             Reported on input line 4.


Package fontspec Info: 
(fontspec)             Language 'Arabic' not explicitly supported within font
(fontspec)             'Scheherazade-Regular.ttf' with script 'Arabic'. Check
(fontspec)             the typeset output, and if it is okay then ignore this
(fontspec)             warning. Otherwise a different font should be chosen.


Package fontspec Info: 
(fontspec)             Scheherazade-Regular.ttf scale = 1.08.


Package fontspec Info: 
(fontspec)             Scheherazade-Regular scale = 1.08.


Package fontspec Info: 
(fontspec)             Scheherazade-Bold scale = 1.08.


Package fontspec Info: 
(fontspec)             Scheherazade-Regular scale = 1.08.


Package fontspec Info: 
(fontspec)             Font family 'Scheherazade-Regular.ttf(0)' created for
(fontspec)             font 'Scheherazade-Regular.ttf' with options
(fontspec)             [Renderer=Harfbuzz,Ligatures=TeX,Script=Arabic,Language=
Arabic,RawFeature={family=rm},Path=../../../00_control/fonts/scheherazade-2.100
/,UprightFont=Scheherazade-Regular.ttf,BoldFont=Scheherazade-Bold.ttf,AutoFakeS
lant=0.15,Renderer=HarfBuzz,Scale=1.08].
(fontspec)              
(fontspec)              This font family consists of the following NFSS
(fontspec)             series/shapes:
(fontspec)              
(fontspec)             - 'normal' (m/n) with NFSS spec.:
(fontspec)             <->s*[1.08]"[../../../00_control/fonts/scheherazade-2.10
0/Scheherazade-Regular.ttf]:mode=harf;script=arab;language=ARA;+tlig;family=rm;
"
(fontspec)             - 'bold' (b/n) with NFSS spec.:
(fontspec)             <->s*[1.08]"[../../../00_control/fonts/scheherazade-2.10
0/Scheherazade-Bold.ttf]:mode=harf;script=arab;language=ARA;+tlig;family=rm;"
(fontspec)             - 'italic' (m/it) with NFSS spec.:
(fontspec)             <->s*[1.08]"[../../../00_control/fonts/scheherazade-2.10
0/Scheherazade-Regular.ttf]:mode=harf;script=arab;language=ARA;slant=0.15;+tlig
;family=rm;"

LaTeX Font Info:    Font shape `TU/Scheherazade-Regular.ttf(0)/m/n' will be
(Font)              scaled to size 15.55202pt on input line 9.

Package fontspec Info: 
(fontspec)             Language 'Arabic' not explicitly supported within font
(fontspec)             'Scheherazade-Regular.ttf' with script 'Arabic'. Check
(fontspec)             the typeset output, and if it is okay then ignore this
(fontspec)             warning. Otherwise a different font should be chosen.


Package fontspec Info: 
(fontspec)             Scheherazade-Regular.ttf scale = 1.08.


Package fontspec Info: 
(fontspec)             Scheherazade-Regular scale = 1.08.


Package fontspec Info: 
(fontspec)             Scheherazade-Bold scale = 1.08.


Package fontspec Info: 
(fontspec)             Scheherazade-Regular scale = 1.08.


Package fontspec Info: 
(fontspec)             Font family 'Scheherazade-Regular.ttf(1)' created for
(fontspec)             font 'Scheherazade-Regular.ttf' with options
(fontspec)             [Renderer=Harfbuzz,Ligatures=TeX,Script=Arabic,Language=
Arabic,RawFeature={family=sf},Path=../../../00_control/fonts/scheherazade-2.100
/,UprightFont=Scheherazade-Regular.ttf,BoldFont=Scheherazade-Bold.ttf,AutoFakeS
lant=0.15,Renderer=HarfBuzz,Scale=1.08].
(fontspec)              
(fontspec)              This font family consists of the following NFSS
(fontspec)             series/shapes:
(fontspec)              
(fontspec)             - 'normal' (m/n) with NFSS spec.:
(fontspec)             <->s*[1.08]"[../../../00_control/fonts/scheherazade-2.10
0/Scheherazade-Regular.ttf]:mode=harf;script=arab;language=ARA;+tlig;family=sf;
"
(fontspec)             - 'bold' (b/n) with NFSS spec.:
(fontspec)             <->s*[1.08]"[../../../00_control/fonts/scheherazade-2.10
0/Scheherazade-Bold.ttf]:mode=harf;script=arab;language=ARA;+tlig;family=sf;"
(fontspec)             - 'italic' (m/it) with NFSS spec.:
(fontspec)             <->s*[1.08]"[../../../00_control/fonts/scheherazade-2.10
0/Scheherazade-Regular.ttf]:mode=harf;script=arab;language=ARA;slant=0.15;+tlig
;family=sf;"

LaTeX Font Info:    Font shape `TU/Scheherazade-Regular.ttf(1)/m/n' will be
(Font)              scaled to size 15.55202pt on input line 9.

Package fontspec Info: 
(fontspec)             Language 'Arabic' not explicitly supported within font
(fontspec)             'DejaVu Sans Mono' with script 'Arabic'. Check the
(fontspec)             typeset output, and if it is okay then ignore this
(fontspec)             warning. Otherwise a different font should be chosen.


Package fontspec Info: 
(fontspec)             Font family 'DejaVuSansMono(0)' created for font
(fontspec)             'DejaVu Sans Mono' with options
(fontspec)             [Renderer=Harfbuzz,WordSpace={1,0,0},HyphenChar=None,Pun
ctuationSpace=WordSpace,Script=Arabic,Language=Arabic,RawFeature={family=tt}].
(fontspec)              
(fontspec)              This font family consists of the following NFSS
(fontspec)             series/shapes:
(fontspec)              
(fontspec)             - 'normal' (m/n) with NFSS spec.: <->"name:DejaVu Sans
(fontspec)             Mono:mode=harf;script=arab;language=ARA;family=tt;"
(fontspec)             - 'bold' (b/n) with NFSS spec.: <->"name:DejaVu Sans
(fontspec)             Mono/B:mode=harf;script=arab;language=ARA;family=tt;"
(fontspec)             - 'italic' (m/it) with NFSS spec.: <->"name:DejaVu Sans
(fontspec)             Mono/I:mode=harf;script=arab;language=ARA;family=tt;"
(fontspec)             - 'bold italic' (b/it) with NFSS spec.: <->"name:DejaVu
(fontspec)             Sans
(fontspec)             Mono/BI:mode=harf;script=arab;language=ARA;family=tt;"

)
\openout1 = open-logic-closure-supplement-ar-screen.aux

LaTeX Font Info:    Checking defaults for OML/cmm/m/it on input line 172.
LaTeX Font Info:    ... okay on input line 172.
LaTeX Font Info:    Checking defaults for OMS/cmsy/m/n on input line 172.
LaTeX Font Info:    ... okay on input line 172.
LaTeX Font Info:    Checking defaults for OT1/cmr/m/n on input line 172.
LaTeX Font Info:    ... okay on input line 172.
LaTeX Font Info:    Checking defaults for T1/cmr/m/n on input line 172.
LaTeX Font Info:    ... okay on input line 172.
LaTeX Font Info:    Checking defaults for TS1/cmr/m/n on input line 172.
LaTeX Font Info:    ... okay on input line 172.
LaTeX Font Info:    Checking defaults for TU/lmr/m/n on input line 172.
LaTeX Font Info:    ... okay on input line 172.
LaTeX Font Info:    Checking defaults for OMX/cmex/m/n on input line 172.
LaTeX Font Info:    ... okay on input line 172.
LaTeX Font Info:    Checking defaults for U/cmr/m/n on input line 172.
LaTeX Font Info:    ... okay on input line 172.
LaTeX Font Info:    Checking defaults for PD1/pdf/m/n on input line 172.
LaTeX Font Info:    ... okay on input line 172.
LaTeX Font Info:    Checking defaults for PU/pdf/m/n on input line 172.
LaTeX Font Info:    ... okay on input line 172.


Class memoir Warning: \addtodef is marked deprecated and will be
(memoir)              removed in 2026, use instead \patchcmd,
(memoir)              \pretocmd or \apptocmd from the etoolbox package
(memoir)              (which is autoloaded by the class) on input line 172.


Package fontspec Info: 
(fontspec)             Adjusting the maths setup (use [no-math] to avoid
(fontspec)             this).

\symlegacymaths=\mathgroup8
LaTeX Font Info:    Overwriting symbol font `legacymaths' in version `bold'
(Font)                  OT1/cmr/m/n --> OT1/cmr/bx/n on input line 172.
LaTeX Font Info:    Redeclaring math accent \acute on input line 172.
LaTeX Font Info:    Redeclaring math accent \grave on input line 172.
LaTeX Font Info:    Redeclaring math accent \ddot on input line 172.
LaTeX Font Info:    Redeclaring math accent \tilde on input line 172.
LaTeX Font Info:    Redeclaring math accent \bar on input line 172.
LaTeX Font Info:    Redeclaring math accent \breve on input line 172.
LaTeX Font Info:    Redeclaring math accent \check on input line 172.
LaTeX Font Info:    Redeclaring math accent \hat on input line 172.
LaTeX Font Info:    Redeclaring math accent \dot on input line 172.
LaTeX Font Info:    Redeclaring math accent \mathring on input line 172.
LaTeX Font Info:    Redeclaring math symbol \Gamma on input line 172.
LaTeX Font Info:    Redeclaring math symbol \Delta on input line 172.
LaTeX Font Info:    Redeclaring math symbol \Theta on input line 172.
LaTeX Font Info:    Redeclaring math symbol \Lambda on input line 172.
LaTeX Font Info:    Redeclaring math symbol \Xi on input line 172.
LaTeX Font Info:    Redeclaring math symbol \Pi on input line 172.
LaTeX Font Info:    Redeclaring math symbol \Sigma on input line 172.
LaTeX Font Info:    Redeclaring math symbol \Upsilon on input line 172.
LaTeX Font Info:    Redeclaring math symbol \Phi on input line 172.
LaTeX Font Info:    Redeclaring math symbol \Psi on input line 172.
LaTeX Font Info:    Redeclaring math symbol \Omega on input line 172.
LaTeX Font Info:    Redeclaring math symbol \mathdollar on input line 172.
LaTeX Font Info:    Redeclaring symbol font `operators' on input line 172.
LaTeX Font Info:    Encoding `OT1' has changed to `TU' for symbol font
(Font)              `operators' in the math version `normal' on input line 172.

LaTeX Font Info:    Overwriting symbol font `operators' in version `normal'
(Font)                  OT1/cmr/m/n --> TU/TeXGyrePagella(0)/m/n on input line 
172.
LaTeX Font Info:    Encoding `OT1' has changed to `TU' for symbol font
(Font)              `operators' in the math version `bold' on input line 172.
LaTeX Font Info:    Overwriting symbol font `operators' in version `bold'
(Font)                  OT1/cmr/bx/n --> TU/TeXGyrePagella(0)/m/n on input line
 172.
LaTeX Font Info:    Overwriting symbol font `operators' in version `normal'
(Font)                  TU/TeXGyrePagella(0)/m/n --> TU/TeXGyrePagella(0)/m/n o
n input line 172.
LaTeX Font Info:    Overwriting math alphabet `\mathit' in version `normal'
(Font)                  OT1/cmr/m/it --> TU/TeXGyrePagella(0)/m/it on input lin
e 172.
LaTeX Font Info:    Overwriting math alphabet `\mathbf' in version `normal'
(Font)                  OT1/cmr/bx/n --> TU/TeXGyrePagella(0)/b/n on input line
 172.
LaTeX Font Info:    Overwriting math alphabet `\mathsf' in version `normal'
(Font)                  OT1/cmss/m/n --> TU/TeXGyreHeros(0)/m/n on input line 1
72.
LaTeX Font Info:    Overwriting math alphabet `\mathtt' in version `normal'
(Font)                  OT1/cmtt/m/n --> TU/LatinModernMono(0)/m/n on input lin
e 172.
LaTeX Font Info:    Overwriting symbol font `operators' in version `bold'
(Font)                  TU/TeXGyrePagella(0)/m/n --> TU/TeXGyrePagella(0)/b/n o
n input line 172.
LaTeX Font Info:    Overwriting math alphabet `\mathit' in version `bold'
(Font)                  OT1/cmr/bx/it --> TU/TeXGyrePagella(0)/b/it on input li
ne 172.
LaTeX Font Info:    Overwriting math alphabet `\mathsf' in version `bold'
(Font)                  OT1/cmss/bx/n --> TU/TeXGyreHeros(0)/b/n on input line 
172.
LaTeX Font Info:    Overwriting math alphabet `\mathtt' in version `bold'
(Font)                  OT1/cmtt/m/n --> TU/LatinModernMono(0)/b/n on input lin
e 172.

(<USER_HOME>/AppData/Local/Programs/MiKTeX/tex/context/base/mkii/supp-pdf.m
kii
[Loading MPS to PDF converter (version 2006.09.02).]
\scratchcounter=\count479
\scratchdimen=\dimen362
\scratchbox=\box110
\nofMPsegments=\count480
\nofMParguments=\count481
\everyMPshowfont=\toks85
\MPscratchCnt=\count482
\MPscratchDim=\dimen363
\MPnumerator=\count483
\makeMPintoPDFobject=\count484
\everyMPtoPDFconversion=\toks86
)
(<USER_HOME>/AppData/Local/Programs/MiKTeX/tex/latex/epstopdf-pkg/epstopdf-
base.sty
Package: epstopdf-base 2020-01-24 v2.11 Base part for package epstopdf
Package epstopdf-base Info: Redefining graphics rule for `.eps' on input line 4
85.

(<USER_HOME>/AppData/Local/Programs/MiKTeX/tex/latex/00miktex/epstopdf-sys.
cfg
File: epstopdf-sys.cfg 2021/03/18 v2.0 Configuration of epstopdf for MiKTeX
))
Removing  `Babel.pre_otfload_h' from `hpack_filter'.
Removing  `luaotfload.node_processor' from `hpack_filter'.
Removing  `luaotfload.harf.finalize_hlist' from `hpack_filter'.
Inserting `Babel.math_box_dir' in `hpack_filter'.
Inserting `Babel.pre_otfload_h' in `hpack_filter'.
Inserting `luaotfload.node_processor' in `hpack_filter'.
Inserting `luaotfload.harf.finalize_hlist' in `hpack_filter'.
Inserting `Babel.unset_atdir' in `pre_linebreak_filter'.
Inserting `Babel.unset_atdir' in `hpack_filter'.
Package hyperref Info: Link coloring ON on input line 172.

(<USER_HOME>/Documents/interlanguage/03_projects/language_management/arabic
_persianate_rtl/03_working_translations/openlogic/ar/locale/ar/output-screen-fi
nal/open-logic-closure-supplement-ar-screen.out)
(<USER_HOME>/Documents/interlanguage/03_projects/language_management/arabic
_persianate_rtl/03_working_translations/openlogic/ar/locale/ar/output-screen-fi
nal/open-logic-closure-supplement-ar-screen.out)
\@outlinefile=\write7

\openout7 = open-logic-closure-supplement-ar-screen.out
LaTeX Font Info:    Font shape `TU/Scheherazade-Regular.ttf(0)/m/n' will be
(Font)              scaled to size 26.87044pt on input line 177.
LaTeX Font Info:    Font shape `TU/Scheherazade-Regular.ttf(0)/b/n' will be
(Font)              scaled to size 26.87044pt on input line 177.
LaTeX Font Info:    Font shape `TU/Scheherazade-Regular.ttf(1)/b/n' will be
(Font)              scaled to size 26.87044pt on input line 177.
LaTeX Font Info:    Font shape `TU/Scheherazade-Regular.ttf(0)/m/n' will be
(Font)              scaled to size 22.39923pt on input line 181.
Package cleveref Info: loaded `english' language definitions on input line 182.

LaTeX Font Info:    Font shape `TU/Scheherazade-Regular.ttf(0)/m/n' will be
(Font)              scaled to size 18.66243pt on input line 184.
LaTeX Font Info:    Font shape `TU/Scheherazade-Regular.ttf(0)/b/n' will be
(Font)              scaled to size 22.39923pt on input line 190.
Package cleveref Info: loaded `english' language definitions on input line 207.

 [1

{<USER_HOME>/AppData/Local/MiKTeX/fonts/map/pdftex/pdftex.map}]
(./content/first-order-logic/axiomatic-deduction/provability.tex
LaTeX Font Info:    Font shape `TU/Scheherazade-Regular.ttf(0)/m/it' will be
(Font)              scaled to size 15.55202pt on input line 18.
LaTeX Font Info:    Font shape `TU/Scheherazade-Regular.ttf(0)/b/n' will be
(Font)              scaled to size 15.55202pt on input line 18.
Package hyperref Info: bookmark level for unknown prop defaults to 0 on input l
ine 18.
LaTeX Font Info:    Trying to load font information for U+ntxsyc on input line 
18.

(<USER_HOME>/AppData/Local/Programs/MiKTeX/tex/latex/newtx/untxsyc.fd
File: untxsyc.fd 2012/04/12 Fontinst v1.933 font definitions for U/ntxsyc.
)
Package hyperref Info: bookmark level for unknown proof defaults to 0 on input 
line 23.
LaTeX Font Info:    Font shape `TU/Scheherazade-Regular.ttf(0)/m/sl' in size <1
4.4> not available
(Font)              Font shape `TU/Scheherazade-Regular.ttf(0)/m/it' tried inst
ead on input line 112.
LaTeX Font Info:    Font shape `TU/Scheherazade-Regular.ttf(0)/m/it' will be
(Font)              scaled to size 15.55202pt on input line 112.
LaTeX Font Info:    Font shape `TU/Scheherazade-Regular.ttf(0)/m/n' will be
(Font)              scaled to size 9.72002pt on input line 112.
LaTeX Font Info:    Font shape `TU/Scheherazade-Regular.ttf(1)/m/n' will be
(Font)              scaled to size 9.72002pt on input line 112.

[1

] [2]
Package hyperref Info: bookmark level for unknown thm defaults to 0 on input li
ne 201.
 [3]
Package hyperref Info: bookmark level for unknown lem defaults to 0 on input li
ne 263.
 [4])
(./content/first-order-logic/completeness/maximally-consistent-sets.tex
Package hyperref Info: bookmark level for unknown defn defaults to 0 on input l
ine 16.

[5]) (./content/first-order-logic/syntax-and-semantics/introduction.tex
[6]
LaTeX Font Info:    Trying to load font information for U+euf on input line 40.

 (<USER_HOME>/AppData/Local/Programs/MiKTeX/tex/latex/amsfonts/ueuf.fd
File: ueuf.fd 2013/01/14 v3.01 Euler Fraktur
)) (./content/first-order-logic/syntax-and-semantics/syntax-and-semantics.tex
[7]
\bbl@ensure@arabic {باب} 1.
Output from handle open-logic-closure-supplement-ar-screen going to open-logic-
closure-supplement-ar-screen.prb

\openout6 = open-logic-closure-supplement-ar-screen.prb
) (./content/incompleteness/representability-in-q/c-representable.tex

Package hyperref Warning: Token not allowed in a PDF string (Unicode):
(hyperref)                removing `math shift' on input line 10.


Package hyperref Warning: Token not allowed in a PDF string (Unicode):
(hyperref)                removing `math shift' on input line 10.


Package hyperref Warning: Token not allowed in a PDF string (Unicode):
(hyperref)                removing `math shift' on input line 10.


Package hyperref Warning: Token not allowed in a PDF string (Unicode):
(hyperref)                removing `\Th' on input line 10.


Package hyperref Warning: Token not allowed in a PDF string (Unicode):
(hyperref)                removing `math shift' on input line 10.

[8

]
LaTeX Font Info:    Font shape `TU/Scheherazade-Regular.ttf(0)/m/n' will be
(Font)              scaled to size 10.80002pt on input line 114.
LaTeX Font Info:    Font shape `TU/Scheherazade-Regular.ttf(0)/m/n' will be
(Font)              scaled to size 7.56001pt on input line 114.
 [9]) (./content/incompleteness/representability-in-q/c.tex

Package hyperref Warning: Token not allowed in a PDF string (Unicode):
(hyperref)                removing `math shift' on input line 10.


Package hyperref Warning: Token not allowed in a PDF string (Unicode):
(hyperref)                removing `math shift' on input line 10.

[10]) (./content/intuitionistic-logic/semantics/propositions.tex)
(./content/lambda-calculus/lambda-definability/lists.tex [11])
(./content/lambda-calculus/syntax/conversion.tex)
(./content/many-valued-logic/sequent-calculus/proof-theoretic-notions.tex
[12]
\myBox1=\box111
\myScoreStart1=\dimen364
\myCenter1=\dimen365
\myScoreEnd1=\dimen366
\myBox2=\box112
\myScoreStart2=\dimen367
\myCenter2=\dimen368
\myScoreEnd2=\dimen369
 [13]) (./content/model-theory/basics/nonstandard-arithmetic.tex
LaTeX Font Info:    Trying to load font information for OML+cmbr on input line 
14.

(<USER_HOME>/AppData/Local/Programs/MiKTeX/tex/latex/cmbright/omlcmbr.fd
File: omlcmbr.fd 2005/04/13 v8.1 (WaS)
)
LaTeX Font Info:    Trying to load font information for OML+cmbrm on input line
 14.

(<USER_HOME>/AppData/Local/Programs/MiKTeX/tex/latex/cmbright/omlcmbrm.fd
File: omlcmbrm.fd 2005/04/13 v8.1 (WaS)
)
LaTeX Font Info:    Font shape `OML/cmbr/m/it' in size <14.4> not available
(Font)              Font shape `OML/cmbrm/m/it' tried instead on input line 14.

LaTeX Font Info:    Font shape `OML/cmbr/m/it' in size <10> not available
(Font)              Font shape `OML/cmbrm/m/it' tried instead on input line 14.

LaTeX Font Info:    Font shape `OML/cmbr/m/it' in size <7> not available
(Font)              Font shape `OML/cmbrm/m/it' tried instead on input line 14.


[14] [15] [16])
(./content/normal-modal-logic/syntax-and-semantics/normal-modal-logics.tex
Package hyperref Info: bookmark level for unknown ex defaults to 0 on input lin
e 30.

[17]) (./content/proof-theory/cut-elimination/ce-largest.tex [18] [19]
\myBox3=\box113
\myScoreStart3=\dimen370
\myCenter3=\dimen371
\myScoreEnd3=\dimen372
 [20]
[21]) (./content/proof-theory/cut-elimination/ce-topmost.tex [22] [23] [24]
[25] [26] [27] [28])
(./content/proof-theory/cut-elimination/cut-elimination.tex [29]
\bbl@ensure@arabic {باب} 2.
Output from handle open-logic-closure-supplement-ar-screen going to open-logic-
closure-supplement-ar-screen.prb

\openout6 = open-logic-closure-supplement-ar-screen.prb
) (./content/proof-theory/cut-elimination/interpolation.tex
Overfull \hbox (4.57452pt too wide) in paragraph at lines 54--61
[]\TU/Scheherazade-Regular.ttf(0)/m/it/14.4 إذا كان $[] \OMS/cmsy/m/n/14.
4 ` [] ) []$\TU/Scheherazade-Regular.ttf(0)/m/it/14.4 ، وُجدت  صيغة $
\OML/cmm/m/it/14.4 $ \TU/Scheherazade-Regular.ttf(0)/m/it/14.4 في لغة $\O
MS/cmsy/m/n/14.4 L\OT1/cmr/m/n/14.4 (\OML/cmm/m/it/14.4 \OT1/cmr/m/n/14.4 ) \O
MS/cmsy/m/n/14.4 
 []

[30

] [31] [32] [33] [34] [35] [36]
LaTeX Font Info:    Font shape `TU/Scheherazade-Regular.ttf(0)/m/n' will be
(Font)              scaled to size 11.826pt on input line 510.
LaTeX Font Info:    Font shape `OML/cmbr/m/it' in size <10.95> not available
(Font)              Font shape `OML/cmbrm/m/it' tried instead on input line 510
.
LaTeX Font Info:    Font shape `OML/cmbr/m/it' in size <8> not available
(Font)              Font shape `OML/cmbrm/m/it' tried instead on input line 510
.
LaTeX Font Info:    Font shape `OML/cmbr/m/it' in size <6> not available
(Font)              Font shape `OML/cmbrm/m/it' tried instead on input line 510
.
 [37])
(./content/proof-theory/cut-elimination/introduction.tex [38])
(./content/proof-theory/cut-elimination/intuitionistic.tex [39])
(./content/proof-theory/cut-elimination/midsequent.tex [40] [41] [42])
(./content/proof-theory/natural-deduction/grafting.tex
LaTeX Font Info:    Font shape `OML/cmbr/m/it' in size <5> not available
(Font)              Font shape `OML/cmbrm/m/it' tried instead on input line 24.

 [43])
(./content/proof-theory/natural-deduction/introduction.tex [44])
(./content/proof-theory/natural-deduction/natural-deduction.tex [45]
\bbl@ensure@arabic {باب} 3.
Output from handle open-logic-closure-supplement-ar-screen going to open-logic-
closure-supplement-ar-screen.prb

\openout6 = open-logic-closure-supplement-ar-screen.prb
) (./content/proof-theory/natural-deduction/quantifiers.tex [46

] [47])
(./content/proof-theory/natural-deduction/rules-proofs.tex [48] [49]
(./content/proof-theory/natural-deduction/rules-N1.tex)
Overfull \hbox (8.75418pt too wide) in paragraph at lines 196--199
[]\TU/Scheherazade-Regular.ttf(0)/m/n/14.4 إذا انتهى $\OML/cmm/m/it/14.
4 $ \TU/Scheherazade-Regular.ttf(0)/m/n/14.4 باستدلال ذي مقدمت
ين وبراهين جزئية مباشرة $\OML/cmm/m/it/14.4 []$ \TU/Schehe
razade-Regular.ttf(0)/m/n/14.4 و$\OML/cmm/m/it/14.4 []$\TU/Scheherazade-Regul
ar.ttf(0)/m/n/14.4 ، كان $[]\OT1/cmr/m/n/14.4 (\OML/cmm/m/it/14.4 \OT1/cmr
/m/n/14.4 ) = []([](\OML/cmm/m/it/14.4 []\OT1/cmr/m/n/14.4 )\OML/cmm/m/it/14.4
 ; []\OT1/cmr/m/n/14.4 (\OML/cmm/m/it/14.4 []\OT1/cmr/m/n/14.4 )) +
 []


Overfull \hbox (28.86314pt too wide) in paragraph at lines 199--202
[]\TU/Scheherazade-Regular.ttf(0)/m/n/14.4 إذا انتهى $\OML/cmm/m/it/14.
4 $ \TU/Scheherazade-Regular.ttf(0)/m/n/14.4 بـ$[][]$ وبراهين جزئ
ية مباشرة $\OML/cmm/m/it/14.4 []$ \TU/Scheherazade-Regular.ttf(0)/m/n/
14.4 و$\OML/cmm/m/it/14.4 []$ \TU/Scheherazade-Regular.ttf(0)/m/n/14.4 و$\OM
L/cmm/m/it/14.4 []$\TU/Scheherazade-Regular.ttf(0)/m/n/14.4 ، كان $[]\OT1/
cmr/m/n/14.4 (\OML/cmm/m/it/14.4 \OT1/cmr/m/n/14.4 ) = []([](\OML/cmm/m/it/14.
4 []\OT1/cmr/m/n/14.4 )\OML/cmm/m/it/14.4 ; []\OT1/cmr/m/n/14.4 (\OML/cmm/m/it
/14.4 []\OT1/cmr/m/n/14.4 )\OML/cmm/m/it/14.4 ; []\OT1/cmr/m/n/14.4 (\OML/cmm/
m/it/14.4 []\OT1/cmr/m/n/14.4 )) +
 []

[50] [51]) (./content/proof-theory/natural-deduction/sequents.tex
LaTeX Font Info:    Font shape `OML/cmbr/m/it' in size <20.74> not available
(Font)              Font shape `OML/cmbrm/m/it' tried instead on input line 11.

LaTeX Font Info:    Font shape `OML/cmbr/m/it' in size <12> not available
(Font)              Font shape `OML/cmbrm/m/it' tried instead on input line 11.



Package hyperref Warning: Token not allowed in a PDF string (Unicode):
(hyperref)                removing `\Log' on input line 11.


Package hyperref Warning: Token not allowed in a PDF string (Unicode):
(hyperref)                removing `\Log' on input line 11.

(./content/proof-theory/natural-deduction/rules-N2.tex [52]) [53] [54])
(./content/proof-theory/natural-deduction/translation-G2i.tex

Package hyperref Warning: Token not allowed in a PDF string (Unicode):
(hyperref)                removing `\Log' on input line 11.


Package hyperref Warning: Token not allowed in a PDF string (Unicode):
(hyperref)                removing `\Log' on input line 11.

[55] [56] [57]) (./content/proof-theory/natural-deduction/translation-N2i.tex

Package hyperref Warning: Token not allowed in a PDF string (Unicode):
(hyperref)                removing `\Log' on input line 11.


Package hyperref Warning: Token not allowed in a PDF string (Unicode):
(hyperref)                removing `\Log' on input line 11.

[58]) (./content/proof-theory/normalization/introduction.tex [59])
(./content/proof-theory/normalization/normalization-thm.tex [60])
(./content/proof-theory/normalization/normalization.tex [61]
\bbl@ensure@arabic {باب} 4.
Output from handle open-logic-closure-supplement-ar-screen going to open-logic-
closure-supplement-ar-screen.prb

\openout6 = open-logic-closure-supplement-ar-screen.prb
) (./content/proof-theory/normalization/permutations.tex [62

]
LaTeX Font Info:    Font shape `TU/Scheherazade-Regular.ttf(0)/m/n' will be
(Font)              scaled to size 12.96002pt on input line 210.
\myBox4=\box114
\myScoreStart4=\dimen373
\myCenter4=\dimen374
\myScoreEnd4=\dimen375
 [63])
(./content/proof-theory/normalization/reductions.tex [64] [65]
Underfull \hbox (badness 10000) detected at line 240
 []$[]  []  [][]\OMS/cmsy/m/n/14.4 !  []  $ 
 []


Underfull \hbox (badness 2435) detected at line 240
 []$[]    []  [][]\OMS/cmsy/m/n/14.4 !  [] []  [][]!  []  $ 
 []


Underfull \hbox (badness 10000) detected at line 240
 []$[][]  [][]\OMS/cmsy/m/n/14.4 !  []  $    
 []

[66]) (./content/proof-theory/normalization/segments.tex [67])
(./content/proof-theory/normalization/translations.tex

Package hyperref Warning: Token not allowed in a PDF string (Unicode):
(hyperref)                removing `\Log' on input line 11.


Package hyperref Warning: Token not allowed in a PDF string (Unicode):
(hyperref)                removing `\Log' on input line 11.

[68]
Package hyperref Info: bookmark level for unknown cor defaults to 0 on input li
ne 24.
 [69] [70] [71]) (./content/proof-theory/proof-search/completeness.tex
[72] [73] [74]) (./content/proof-theory/proof-search/introduction.tex [75])
(./content/proof-theory/proof-search/proof-search.tex [76]
\bbl@ensure@arabic {باب} 5.
Output from handle open-logic-closure-supplement-ar-screen going to open-logic-
closure-supplement-ar-screen.prb

\openout6 = open-logic-closure-supplement-ar-screen.prb
) (./content/proof-theory/proof-search/search-algorithm.tex

Package hyperref Warning: Token not allowed in a PDF string (Unicode):
(hyperref)                removing `\Log' on input line 11.

[77

]) (./content/proof-theory/proof-search/tableaux.tex [78]
(./content/proof-theory/proof-search/rules-Tc.tex) [79] [80]

LaTeX Font Warning: Command \small invalid in math mode on input line 161.

) (./content/proof-theory/proof-theory.tex [81] [82

])
(./content/proof-theory/propositions-as-types/introduction.tex

Package hyperref Warning: Difference (2) between bookmark levels is greater 
(hyperref)                than one, level fixed on input line 11.

[83]) (./content/proof-theory/propositions-as-types/normalization.tex [84]
[85] [86]) (./content/proof-theory/propositions-as-types/proof-terms.tex
[87] [88]
Underfull \hbox (badness 1742) in paragraph at lines 100--102
[]\TU/Scheherazade-Regular.ttf(0)/m/n/14.4 إذا كانت $\OML/cmm/m/it/14.4 
M; N[]; N[]$ \TU/Scheherazade-Regular.ttf(0)/m/n/14.4 حدود برهان، و
كان $\OML/cmm/m/it/14.4 x[]; x[]$ \TU/Scheherazade-Regular.ttf(0)/m/n/14.4 
متغيرين، فإن $\OML/cmm/m/it/14.4  M x[]:N[] x[]:N[]$ \TU/Scheheraza
de-Regular.ttf(0)/m/n/14.4 حد
 []

(./content/proof-theory/propositions-as-types/rules-tN2.tex))
(./content/proof-theory/propositions-as-types/proofs-to-terms.tex [89] [90])
(./content/proof-theory/propositions-as-types/propositions-as-types.tex
[91]
\bbl@ensure@arabic {باب} 6.
Output from handle open-logic-closure-supplement-ar-screen going to open-logic-
closure-supplement-ar-screen.prb

\openout6 = open-logic-closure-supplement-ar-screen.prb
) (./content/proof-theory/propositions-as-types/reduction.tex [92

] [93])
(./content/proof-theory/propositions-as-types/sequent-natural-deduction.tex
[94]) (./content/proof-theory/propositions-as-types/terms-to-proofs.tex
[95]) (./content/proof-theory/propositions-as-types/type-preservation.tex
[96]) (./content/proof-theory/propositions-as-types/types.tex [97]
(./content/proof-theory/propositions-as-types/rules-tN3.tex) [98] [99])
(./content/proof-theory/sequent-calculus/admissible-derivable.tex [100]
[101]) (./content/proof-theory/sequent-calculus/interpretation-rules.tex
[102] [103] (./content/proof-theory/sequent-calculus/rules-G2c.tex))
(./content/proof-theory/sequent-calculus/introduction.tex [104] [105]
(./content/proof-theory/sequent-calculus/rules-G1c.tex)
(./content/proof-theory/sequent-calculus/rules-G3c.tex))
(./content/proof-theory/sequent-calculus/invertibility.tex [106] [107] [108]
[109] [110] [111]) (./content/proof-theory/sequent-calculus/proof-examples.tex
[112] [113] [114] [115] [116])
(./content/proof-theory/sequent-calculus/quantifiers.tex [117] [118])
(./content/proof-theory/sequent-calculus/rules-G1i.tex)
(./content/proof-theory/sequent-calculus/rules-G3i.tex)
(./content/proof-theory/sequent-calculus/rules-LK.tex)
(./content/proof-theory/sequent-calculus/rules-mG3i.tex)
(./content/proof-theory/sequent-calculus/rules-proofs.tex [119] [120] [121]
[122] [123]
Underfull \hbox (badness 1024) in paragraph at lines 129--132
[]\TU/Scheherazade-Regular.ttf(0)/m/n/14.4 إذا انتهى $\OML/cmm/m/it/14.
4 $ \TU/Scheherazade-Regular.ttf(0)/m/n/14.4 باستدلال ذي مقدمت
ين وكان $\OML/cmm/m/it/14.4 []$ \TU/Scheherazade-Regular.ttf(0)/m/n/14.4
 و$\OML/cmm/m/it/14.4 []$ \TU/Scheherazade-Regular.ttf(0)/m/n/14.4 الـب
راهين الجزئية المباشرة، كان $[]\OT1/cmr/m/n/14.4 (\OML/
cmm/m/it/14.4 \OT1/cmr/m/n/14.4 ) =
 []

) (./content/proof-theory/sequent-calculus/sequent-calculus.tex [124]
\bbl@ensure@arabic {باب} 7.
Output from handle open-logic-closure-supplement-ar-screen going to open-logic-
closure-supplement-ar-screen.prb

\openout6 = open-logic-closure-supplement-ar-screen.prb
) (./content/proof-theory/sequent-calculus/translations.tex

Package hyperref Warning: Token not allowed in a PDF string (Unicode):
(hyperref)                removing `\Log' on input line 11.


Package hyperref Warning: Token not allowed in a PDF string (Unicode):
(hyperref)                removing `\Log' on input line 11.

[125

]) (./content/propositional-logic/syntax-and-semantics/completeness.tex
[126]) (./content/propositional-logic/syntax-and-semantics/soundness.tex
[127]) (./content/second-order-logic/syntax-and-semantics/language-of-sol.tex)
(./content/sets-functions-relations/functions/isomorphic-functions.tex)
(./content/sets-functions-relations/inductive-defs-proofs/introduction.tex
[128]
Underfull \hbox (badness 10000) in paragraph at lines 60--61

 []


Underfull \hbox (badness 10000) in paragraph at lines 62--64

 []

[129]
Underfull \hbox (badness 10000) in paragraph at lines 101--103

 []


Underfull \hbox (badness 10000) in paragraph at lines 122--123

 []

) (./content/sets-functions-relations/relations/relations.tex [130]
\bbl@ensure@arabic {باب} 8.
Output from handle open-logic-closure-supplement-ar-screen going to open-logic-
closure-supplement-ar-screen.prb

\openout6 = open-logic-closure-supplement-ar-screen.prb
) (./content/sets-functions-relations/sets-functions-relations.tex [131

]
[132

]) (./content/sets-functions-relations/sets/proofs-about-sets.tex

Package hyperref Warning: Difference (2) between bookmark levels is greater 
(hyperref)                than one, level fixed on input line 10.

[133]) (./content/sets-functions-relations/size-of-sets/size-of-sets.tex
[134]
\bbl@ensure@arabic {باب} 9.
Output from handle open-logic-closure-supplement-ar-screen going to open-logic-
closure-supplement-ar-screen.prb

\openout6 = open-logic-closure-supplement-ar-screen.prb
)
\tf@thm=\write8

\openout8 = open-logic-closure-supplement-ar-screen.thm
 [135

]
(<USER_HOME>/Documents/interlanguage/03_projects/language_management/arabic
_persianate_rtl/03_working_translations/openlogic/ar/locale/ar/output-screen-fi
nal/open-logic-closure-supplement-ar-screen.aux)
 ***********
LaTeX2e <2025-11-01>
L3 programming layer <2020/03/25>
 ***********
Package rerunfilecheck Info: File `open-logic-closure-supplement-ar-screen.out'
 has not changed.
(rerunfilecheck)             Checksum: 42021007851BD97E694379E1EBD9BFC8;12866.
))

Here is how much of LuaTeX's memory you used:
 65858 strings out of 475900
 305418,2373549 words of node,token memory allocated
 33482 words of node memory still in use:
   24 hlist, 4 vlist, 4 rule, 10 dir, 18 math, 41 glue, 4 kern, 48 glyph, 11722 
attribute, 204 glue_spec, 3909 attribute_list, 3 write, 3 pdf_action nodes
   avail lists: 1:18,2:36004,3:2018,4:257,5:1579,6:69,7:10136,8:60,9:1887,10:20,
11:27
 85763 multiletter control sequences out of 65536+600000
 205 fonts using 36686631 bytes
 371i,19n,309p,1730b,7615s stack positions out of 10000i,1000n,20000p,200000b,200000s
<<<USER_HOME>\AppData\Local\MiKTeX\fonts/pk/ljfour/public/cmbright/dpi864\cm
brmi10.pk>><<USER_HOME>/AppData/Local/Programs/MiKTeX/fonts/opentype/public/
tex-gyre/texgyrepagella-bold.otf><<USER_HOME>/AppData/Local/Programs/MiKTeX/
fonts/opentype/public/tex-gyre/texgyreheros-regular.otf><<USER_HOME>/AppData
/Local/Programs/MiKTeX/fonts/truetype/public/dejavu/dejavusansmono.ttf><<USERS>
/<USER>/AppData/Local/Programs/MiKTeX/fonts/opentype/public/tex-gyre/texgyrepage
lla-regular.otf><../../../00_control/fonts/scheherazade-2.100/Scheherazade-Regul
ar.ttf><../../../00_control/fonts/scheherazade-2.100/Scheherazade-Bold.ttf><C:/U
sers/<USER>/AppData/Local/Programs/MiKTeX/fonts/type1/public/amsfonts/cm/cmex10.
pfb><<USER_HOME>/AppData/Local/Programs/MiKTeX/fonts/type1/public/amsfonts/c
m/cmmi10.pfb><<USER_HOME>/AppData/Local/Programs/MiKTeX/fonts/type1/public/a
msfonts/cm/cmmi12.pfb><<USER_HOME>/AppData/Local/Programs/MiKTeX/fonts/type1
/public/amsfonts/cm/cmmi7.pfb><<USER_HOME>/AppData/Local/Programs/MiKTeX/fon
ts/type1/public/amsfonts/cm/cmmi8.pfb><<USER_HOME>/AppData/Local/Programs/Mi
KTeX/fonts/type1/public/amsfonts/cm/cmr10.pfb><<USER_HOME>/AppData/Local/Pro
grams/MiKTeX/fonts/type1/public/amsfonts/cm/cmr12.pfb><<USER_HOME>/AppData/L
ocal/Programs/MiKTeX/fonts/type1/public/amsfonts/cm/cmr7.pfb><<USER_HOME>/Ap
pData/Local/Programs/MiKTeX/fonts/type1/public/amsfonts/cm/cmr8.pfb><<USER_HOME>l
oris/AppData/Local/Programs/MiKTeX/fonts/type1/public/amsfonts/cm/cmsy10.pfb><C:
<USER_HOME><USER>/AppData/Local/Programs/MiKTeX/fonts/type1/public/amsfonts/cm/cmsy7
.pfb><<USER_HOME>/AppData/Local/Programs/MiKTeX/fonts/type1/public/amsfonts/
cm/cmsy8.pfb><<USER_HOME>/AppData/Local/Programs/MiKTeX/fonts/type1/public/a
msfonts/euler/eufm10.pfb><<USER_HOME>/AppData/Local/Programs/MiKTeX/fonts/ty
pe1/public/amsfonts/symbols/msam10.pfb><<USER_HOME>/AppData/Local/Programs/M
iKTeX/fonts/type1/public/amsfonts/symbols/msbm10.pfb>
Output written on open-logic-closure-supplement-ar-screen.pdf (136 pages, 13107
05 bytes).

PDF statistics: 1745 PDF objects out of 2073 (max. 8388607)
 779 named destinations out of 1000 (max. 1048576)
 552 words of extra memory for PDF output out of 10000 (max. 100000000)

