This is LuaHBTeX, Version 1.25.7 (MiKTeX 26.5) (format=lualatex 2026.8.22)  12 JUL 2026 16:36
 restricted system commands enabled.
 file:line:error style messages enabled.
**open-logic-complete-ar-classical-eastern-rtl.tex
(./open-logic-complete-ar-classical-eastern-rtl.tex
LaTeX2e <2025-11-01>
L3 programming layer <2026-03-20>
Lua module: luaotfload 2024-12-03 v3.29 Lua based OpenType font support
Lua module: lualibs 2023-07-13 v2.76 ConTeXt Lua standard libraries.
Lua module: lualibs-extended 2023-07-13 v2.76 ConTeXt Lua libraries -- extended 
collection.
luaotfload | conf : Root cache directory is "[local-user]/AppData/Local/MiKTe
X/luatex-cache/generic/names".
luaotfload | init : Loading fontloader "fontloader-2023-12-28.lua" from kpse-res
olved path "[local-user]/AppData/Local/Programs/MiKTeX/tex/luatex/luaotfload/
fontloader-2023-12-28.lua".
Lua-only attribute luaotfload@noligature = 1
luaotfload | init : Context OpenType loader version 3.134
Inserting `luaotfload.node_processor' in `pre_linebreak_filter'.
Inserting `luaotfload.node_processor' in `hpack_filter'.
Inserting `luaotfload.glyph_stream' in `glyph_stream_provider'.
Inserting `luaotfload.define_font' in `define_font'.
Lua-only attribute luaotfload_color_attribute = 2
luaotfload | conf : Root cache directory is "[local-user]/AppData/Local/MiKTe
X/luatex-cache/generic/names".
Inserting `luaotfload.harf.strip_prefix' in `find_opentype_file'.
Inserting `luaotfload.harf.strip_prefix' in `find_truetype_file'.
Removing  `luaotfload.glyph_stream' from `glyph_stream_provider'.
Inserting `luaotfload.harf.glyphstream' in `glyph_stream_provider'.
Inserting `luaotfload.harf.finalize_vlist' in `post_linebreak_filter'.
Inserting `luaotfload.harf.finalize_hlist' in `hpack_filter'.
Inserting `luaotfload.cleanup_files' in `wrapup_run'.
Inserting `luaotfload.harf.finalize_unicode' in `finish_pdffile'.
Inserting `luaotfload.glyphinfo' in `glyph_info'.
Lua-only attribute luaotfload.letterspace_done = 3
Inserting `luaotfload.aux.set_sscale_dimens' in `luaotfload.patch_font'.
Inserting `luaotfload.aux.set_font_index' in `luaotfload.patch_font'.
Inserting `luaotfload.aux.patch_cambria_domh' in `luaotfload.patch_font'.
Inserting `luaotfload.aux.fixup_fontdata' in `luaotfload.patch_font_unsafe'.
Inserting `luaotfload.aux.set_capheight' in `luaotfload.patch_font'.
Inserting `luaotfload.aux.set_xheight' in `luaotfload.patch_font'.
Inserting `luaotfload.rewrite_fontname' in `luaotfload.patch_font'.
Inserting `tracingstacklevels' in `input_level_string'. (../ar/open-logic-reada
ble-letter-r2-layout-ar.tex
([local-user]/AppData/Local/Programs/MiKTeX/tex/latex/base/fix-cm.sty
Package: fix-cm 2020/11/24 v1.1t fixes to LaTeX

([local-user]/AppData/Local/Programs/MiKTeX/tex/latex/base/ts1enc.def
File: ts1enc.def 2001/06/05 v3.0e (jk/car/fm) Standard LaTeX file
LaTeX Font Info:    Redeclaring font encoding TS1 on input line 47.
LaTeX Encoding Info:    Redeclaring text command \capitalcedilla (encoding TS1)
 on input line 49.
LaTeX Encoding Info:    Redeclaring text command \capitalogonek (encoding TS1) 
on input line 52.
LaTeX Encoding Info:    Redeclaring text command \capitalgrave (encoding TS1) o
n input line 55.
LaTeX Encoding Info:    Redeclaring text command \capitalacute (encoding TS1) o
n input line 56.
LaTeX Encoding Info:    Redeclaring text command \capitalcircumflex (encoding T
S1) on input line 57.
LaTeX Encoding Info:    Redeclaring text command \capitaltilde (encoding TS1) o
n input line 58.
LaTeX Encoding Info:    Redeclaring text command \capitaldieresis (encoding TS1
) on input line 59.
LaTeX Encoding Info:    Redeclaring text command \capitalhungarumlaut (encoding
 TS1) on input line 60.
LaTeX Encoding Info:    Redeclaring text command \capitalring (encoding TS1) on
 input line 61.
LaTeX Encoding Info:    Redeclaring text command \capitalcaron (encoding TS1) o
n input line 62.
LaTeX Encoding Info:    Redeclaring text command \capitalbreve (encoding TS1) o
n input line 63.
LaTeX Encoding Info:    Redeclaring text command \capitalmacron (encoding TS1) 
on input line 64.
LaTeX Encoding Info:    Redeclaring text command \capitaldotaccent (encoding TS
1) on input line 65.
LaTeX Encoding Info:    Redeclaring text command \t (encoding TS1) on input lin
e 66.
LaTeX Encoding Info:    Redeclaring text command \capitaltie (encoding TS1) on 
input line 67.
LaTeX Encoding Info:    Redeclaring text command \newtie (encoding TS1) on inpu
t line 68.
LaTeX Encoding Info:    Redeclaring text command \capitalnewtie (encoding TS1) 
on input line 69.
LaTeX Encoding Info:    Redeclaring text symbol \textcapitalcompwordmark (encod
ing TS1) on input line 70.
LaTeX Encoding Info:    Redeclaring text symbol \textascendercompwordmark (enco
ding TS1) on input line 71.
LaTeX Encoding Info:    Redeclaring text symbol \textquotestraightbase (encodin
g TS1) on input line 72.
LaTeX Encoding Info:    Redeclaring text symbol \textquotestraightdblbase (enco
ding TS1) on input line 73.
LaTeX Encoding Info:    Redeclaring text symbol \texttwelveudash (encoding TS1)
 on input line 74.
LaTeX Encoding Info:    Redeclaring text symbol \textthreequartersemdash (encod
ing TS1) on input line 75.
LaTeX Encoding Info:    Redeclaring text symbol \textleftarrow (encoding TS1) o
n input line 76.
LaTeX Encoding Info:    Redeclaring text symbol \textrightarrow (encoding TS1) 
on input line 77.
LaTeX Encoding Info:    Redeclaring text symbol \textblank (encoding TS1) on in
put line 78.
LaTeX Encoding Info:    Redeclaring text symbol \textdollar (encoding TS1) on i
nput line 79.
LaTeX Encoding Info:    Redeclaring text symbol \textquotesingle (encoding TS1)
 on input line 80.
LaTeX Encoding Info:    Redeclaring text command \textasteriskcentered (encodin
g TS1) on input line 81.
LaTeX Encoding Info:    Redeclaring text symbol \textdblhyphen (encoding TS1) o
n input line 92.
LaTeX Encoding Info:    Redeclaring text symbol \textfractionsolidus (encoding 
TS1) on input line 93.
LaTeX Encoding Info:    Redeclaring text symbol \textzerooldstyle (encoding TS1
) on input line 94.
LaTeX Encoding Info:    Redeclaring text symbol \textoneoldstyle (encoding TS1)
 on input line 95.
LaTeX Encoding Info:    Redeclaring text symbol \texttwooldstyle (encoding TS1)
 on input line 96.
LaTeX Encoding Info:    Redeclaring text symbol \textthreeoldstyle (encoding TS
1) on input line 97.
LaTeX Encoding Info:    Redeclaring text symbol \textfouroldstyle (encoding TS1
) on input line 98.
LaTeX Encoding Info:    Redeclaring text symbol \textfiveoldstyle (encoding TS1
) on input line 99.
LaTeX Encoding Info:    Redeclaring text symbol \textsixoldstyle (encoding TS1)
 on input line 100.
LaTeX Encoding Info:    Redeclaring text symbol \textsevenoldstyle (encoding TS
1) on input line 101.
LaTeX Encoding Info:    Redeclaring text symbol \texteightoldstyle (encoding TS
1) on input line 102.
LaTeX Encoding Info:    Redeclaring text symbol \textnineoldstyle (encoding TS1
) on input line 103.
LaTeX Encoding Info:    Redeclaring text symbol \textlangle (encoding TS1) on i
nput line 104.
LaTeX Encoding Info:    Redeclaring text symbol \textminus (encoding TS1) on in
put line 105.
LaTeX Encoding Info:    Redeclaring text symbol \textrangle (encoding TS1) on i
nput line 106.
LaTeX Encoding Info:    Redeclaring text symbol \textmho (encoding TS1) on inpu
t line 107.
LaTeX Encoding Info:    Redeclaring text symbol \textbigcircle (encoding TS1) o
n input line 108.
LaTeX Encoding Info:    Redeclaring text command \textcircled (encoding TS1) on
 input line 109.
LaTeX Encoding Info:    Redeclaring text symbol \textohm (encoding TS1) on inpu
t line 115.
LaTeX Encoding Info:    Redeclaring text symbol \textlbrackdbl (encoding TS1) o
n input line 116.
LaTeX Encoding Info:    Redeclaring text symbol \textrbrackdbl (encoding TS1) o
n input line 117.
LaTeX Encoding Info:    Redeclaring text symbol \textuparrow (encoding TS1) on 
input line 118.
LaTeX Encoding Info:    Redeclaring text symbol \textdownarrow (encoding TS1) o
n input line 119.
LaTeX Encoding Info:    Redeclaring text symbol \textasciigrave (encoding TS1) 
on input line 120.
LaTeX Encoding Info:    Redeclaring text symbol \textborn (encoding TS1) on inp
ut line 121.
LaTeX Encoding Info:    Redeclaring text symbol \textdivorced (encoding TS1) on
 input line 122.
LaTeX Encoding Info:    Redeclaring text symbol \textdied (encoding TS1) on inp
ut line 123.
LaTeX Encoding Info:    Redeclaring text symbol \textleaf (encoding TS1) on inp
ut line 124.
LaTeX Encoding Info:    Redeclaring text symbol \textmarried (encoding TS1) on 
input line 125.
LaTeX Encoding Info:    Redeclaring text symbol \textmusicalnote (encoding TS1)
 on input line 126.
LaTeX Encoding Info:    Redeclaring text symbol \texttildelow (encoding TS1) on
 input line 127.
LaTeX Encoding Info:    Redeclaring text symbol \textdblhyphenchar (encoding TS
1) on input line 128.
LaTeX Encoding Info:    Redeclaring text symbol \textasciibreve (encoding TS1) 
on input line 129.
LaTeX Encoding Info:    Redeclaring text symbol \textasciicaron (encoding TS1) 
on input line 130.
LaTeX Encoding Info:    Redeclaring text symbol \textacutedbl (encoding TS1) on
 input line 131.
LaTeX Encoding Info:    Redeclaring text symbol \textgravedbl (encoding TS1) on
 input line 132.
LaTeX Encoding Info:    Redeclaring text symbol \textdagger (encoding TS1) on i
nput line 133.
LaTeX Encoding Info:    Redeclaring text symbol \textdaggerdbl (encoding TS1) o
n input line 134.
LaTeX Encoding Info:    Redeclaring text symbol \textbardbl (encoding TS1) on i
nput line 135.
LaTeX Encoding Info:    Redeclaring text symbol \textperthousand (encoding TS1)
 on input line 136.
LaTeX Encoding Info:    Redeclaring text symbol \textbullet (encoding TS1) on i
nput line 137.
LaTeX Encoding Info:    Redeclaring text symbol \textcelsius (encoding TS1) on 
input line 138.
LaTeX Encoding Info:    Redeclaring text symbol \textdollaroldstyle (encoding T
S1) on input line 139.
LaTeX Encoding Info:    Redeclaring text symbol \textcentoldstyle (encoding TS1
) on input line 140.
LaTeX Encoding Info:    Redeclaring text symbol \textflorin (encoding TS1) on i
nput line 141.
LaTeX Encoding Info:    Redeclaring text symbol \textcolonmonetary (encoding TS
1) on input line 142.
LaTeX Encoding Info:    Redeclaring text symbol \textwon (encoding TS1) on inpu
t line 143.
LaTeX Encoding Info:    Redeclaring text symbol \textnaira (encoding TS1) on in
put line 144.
LaTeX Encoding Info:    Redeclaring text symbol \textguarani (encoding TS1) on 
input line 145.
LaTeX Encoding Info:    Redeclaring text symbol \textpeso (encoding TS1) on inp
ut line 146.
LaTeX Encoding Info:    Redeclaring text symbol \textlira (encoding TS1) on inp
ut line 147.
LaTeX Encoding Info:    Redeclaring text symbol \textrecipe (encoding TS1) on i
nput line 148.
LaTeX Encoding Info:    Redeclaring text symbol \textinterrobang (encoding TS1)
 on input line 149.
LaTeX Encoding Info:    Redeclaring text symbol \textinterrobangdown (encoding 
TS1) on input line 150.
LaTeX Encoding Info:    Redeclaring text symbol \textdong (encoding TS1) on inp
ut line 151.
LaTeX Encoding Info:    Redeclaring text symbol \texttrademark (encoding TS1) o
n input line 152.
LaTeX Encoding Info:    Redeclaring text symbol \textpertenthousand (encoding T
S1) on input line 153.
LaTeX Encoding Info:    Redeclaring text symbol \textpilcrow (encoding TS1) on 
input line 154.
LaTeX Encoding Info:    Redeclaring text symbol \textbaht (encoding TS1) on inp
ut line 155.
LaTeX Encoding Info:    Redeclaring text symbol \textnumero (encoding TS1) on i
nput line 156.
LaTeX Encoding Info:    Redeclaring text symbol \textdiscount (encoding TS1) on
 input line 157.
LaTeX Encoding Info:    Redeclaring text symbol \textestimated (encoding TS1) o
n input line 158.
LaTeX Encoding Info:    Redeclaring text symbol \textopenbullet (encoding TS1) 
on input line 159.
LaTeX Encoding Info:    Redeclaring text symbol \textservicemark (encoding TS1)
 on input line 160.
LaTeX Encoding Info:    Redeclaring text symbol \textlquill (encoding TS1) on i
nput line 161.
LaTeX Encoding Info:    Redeclaring text symbol \textrquill (encoding TS1) on i
nput line 162.
LaTeX Encoding Info:    Redeclaring text symbol \textcent (encoding TS1) on inp
ut line 163.
LaTeX Encoding Info:    Redeclaring text symbol \textsterling (encoding TS1) on
 input line 164.
LaTeX Encoding Info:    Redeclaring text symbol \textcurrency (encoding TS1) on
 input line 165.
LaTeX Encoding Info:    Redeclaring text symbol \textyen (encoding TS1) on inpu
t line 166.
LaTeX Encoding Info:    Redeclaring text symbol \textbrokenbar (encoding TS1) o
n input line 167.
LaTeX Encoding Info:    Redeclaring text symbol \textsection (encoding TS1) on 
input line 168.
LaTeX Encoding Info:    Redeclaring text symbol \textasciidieresis (encoding TS
1) on input line 169.
LaTeX Encoding Info:    Redeclaring text symbol \textcopyright (encoding TS1) o
n input line 170.
LaTeX Encoding Info:    Redeclaring text symbol \textordfeminine (encoding TS1)
 on input line 171.
LaTeX Encoding Info:    Redeclaring text symbol \textcopyleft (encoding TS1) on
 input line 172.
LaTeX Encoding Info:    Redeclaring text symbol \textlnot (encoding TS1) on inp
ut line 173.
LaTeX Encoding Info:    Redeclaring text symbol \textcircledP (encoding TS1) on
 input line 174.
LaTeX Encoding Info:    Redeclaring text symbol \textregistered (encoding TS1) 
on input line 175.
LaTeX Encoding Info:    Redeclaring text symbol \textasciimacron (encoding TS1)
 on input line 176.
LaTeX Encoding Info:    Redeclaring text symbol \textdegree (encoding TS1) on i
nput line 177.
LaTeX Encoding Info:    Redeclaring text symbol \textpm (encoding TS1) on input
 line 178.
LaTeX Encoding Info:    Redeclaring text symbol \texttwosuperior (encoding TS1)
 on input line 179.
LaTeX Encoding Info:    Redeclaring text symbol \textthreesuperior (encoding TS
1) on input line 180.
LaTeX Encoding Info:    Redeclaring text symbol \textasciiacute (encoding TS1) 
on input line 181.
LaTeX Encoding Info:    Redeclaring text symbol \textmu (encoding TS1) on input
 line 182.
LaTeX Encoding Info:    Redeclaring text symbol \textparagraph (encoding TS1) o
n input line 183.
LaTeX Encoding Info:    Redeclaring text symbol \textperiodcentered (encoding T
S1) on input line 184.
LaTeX Encoding Info:    Redeclaring text symbol \textreferencemark (encoding TS
1) on input line 185.
LaTeX Encoding Info:    Redeclaring text symbol \textonesuperior (encoding TS1)
 on input line 186.
LaTeX Encoding Info:    Redeclaring text symbol \textordmasculine (encoding TS1
) on input line 187.
LaTeX Encoding Info:    Redeclaring text symbol \textsurd (encoding TS1) on inp
ut line 188.
LaTeX Encoding Info:    Redeclaring text symbol \textonequarter (encoding TS1) 
on input line 189.
LaTeX Encoding Info:    Redeclaring text symbol \textonehalf (encoding TS1) on 
input line 190.
LaTeX Encoding Info:    Redeclaring text symbol \textthreequarters (encoding TS
1) on input line 191.
LaTeX Encoding Info:    Redeclaring text symbol \texteuro (encoding TS1) on inp
ut line 192.
LaTeX Encoding Info:    Redeclaring text symbol \texttimes (encoding TS1) on in
put line 193.
LaTeX Encoding Info:    Redeclaring text symbol \textdiv (encoding TS1) on inpu
t line 194.
)))
([local-user]/AppData/Local/Programs/MiKTeX/tex/latex/memoir/memoir.cls
Document Class: memoir 2025/11/04 v3.8.4b configurable book, report, article do
cument class
([local-user]/AppData/Local/Programs/MiKTeX/tex/latex/xpatch/xpatch.sty
([local-user]/AppData/Local/Programs/MiKTeX/tex/latex/l3kernel/expl3.sty
Package: expl3 2026-03-20 L3 programming layer (loader) 

([local-user]/AppData/Local/Programs/MiKTeX/tex/latex/l3backend/l3backend-lu
atex.def
File: l3backend-luatex.def 2026-02-18 L3 backend support: PDF output (LuaTeX)
\l__color_backend_stack_int=\count273
Inserting `l3color' in `luaotfload.parse_color'.))
Package: xpatch 2020/03/25 v0.3a Extending etoolbox patching commands

([local-user]/AppData/Local/Programs/MiKTeX/tex/latex/l3packages/xparse/xpar
se.sty
Package: xparse 2025-10-09 L3 Experimental document command parser
)
([local-user]/AppData/Local/Programs/MiKTeX/tex/latex/etoolbox/etoolbox.sty
Package: etoolbox 2025/10/02 v2.5m e-TeX tools for LaTeX (JAW)
\etb@tempcnta=\count274
))
\onelineskip=\skip49
\lxvchars=\skip50
\xlvchars=\skip51
\@memcnta=\count275
\c@@memmarkcntra=\count276
 ([local-user]/AppData/Local/Programs/MiKTeX/tex/generic/iftex/iftex.sty
Package: iftex 2024/12/12 v1.0g TeX engine tests
)
\trimtop=\skip52
\trimedge=\skip53

([local-user]/AppData/Local/Programs/MiKTeX/tex/latex/memoir/mem14.clo
File: mem14.clo 2022/07/29 v0.5 memoir class 14pt size option
luaotfload | db : Font names database loaded from [local-user]/AppData/Local/
MiKTeX/luatex-cache/generic/names/luaotfload-names.luc.gz)
\binding=\skip54
\spinemargin=\skip55
\foremargin=\skip56
\uppermargin=\skip57
\lowermargin=\skip58
\headdrop=\skip59
\normalrulethickness=\skip60
\mem@maxheadheight=\skip61
\mem@maxfootheight=\skip62
\headwidth=\skip63
\c@storedpagenumber=\count277
\memPD=\dimen149
\m@mabparskip=\skip64
\thanksmarkwidth=\skip65
\thanksmarksep=\skip66
\droptitle=\skip67
\c@book=\count278
\c@part=\count279
\c@chapter=\count280
\c@section=\count281
\c@subsection=\count282
\c@subsubsection=\count283
\c@paragraph=\count284
\c@subparagraph=\count285
\beforechapskip=\skip68
\midchapskip=\skip69
\afterchapskip=\skip70
\chapindent=\skip71
\bottomsectionskip=\skip72
\secindent=\skip73
\beforesecskip=\skip74
\aftersecskip=\skip75
\subsecindent=\skip76
\beforesubsecskip=\skip77
\aftersubsecskip=\skip78
\subsubsecindent=\skip79
\beforesubsubsecskip=\skip80
\aftersubsubsecskip=\skip81
\paraindent=\skip82
\beforeparaskip=\skip83
\afterparaskip=\skip84
\subparaindent=\skip85
\beforesubparaskip=\skip86
\aftersubparaskip=\skip87
\pfbreakskip=\skip88
\c@@ppsavesec=\count286
\c@@ppsaveapp=\count287
\ragrparindent=\dimen150
\everylistparindent=\dimen151
\parsepi=\skip89
\topsepi=\skip90
\itemsepi=\skip91
\parsepii=\skip92
\topsepii=\skip93
\topsepiii=\skip94
\itemsepii=\skip95
\itemsepiii=\skip96
\partopsepii=\skip97
\partopsepiii=\skip98
\m@msavetopsep=\skip99
\m@msavepartopsep=\skip100
\@enLab=\toks17
\abstitleskip=\skip101
\absleftindent=\skip102
\abs@leftindent=\dimen152
\absrightindent=\skip103
\absparindent=\skip104
\absparsep=\skip105
\c@vslineno=\count288
\c@poemline=\count289
\c@modulo@vs=\count290
\c@memfvsline=\count291
\vleftskip=\skip106
\vrightskip=\skip107
\stanzaskip=\skip108
\versewidth=\skip109
\vgap=\skip110
\vindent=\skip111
\vleftmargin=\dimen153
\c@verse=\count292
\c@chrsinstr=\count293
\beforepoemtitleskip=\skip112
\afterpoemtitleskip=\skip113
\c@poem=\count294
\beforePoemTitleskip=\skip114
\midPoemTitleskip=\skip115
\afterPoemTitleskip=\skip116

([local-user]/AppData/Local/Programs/MiKTeX/tex/latex/tools/array.sty
Package: array 2025/09/25 v2.6n Tabular extension package (FMi)
\col@sep=\dimen154
\ar@mcellbox=\box53
\extrarowheight=\dimen155
\NC@list=\toks18
\extratabsurround=\skip117
\backup@length=\skip118
\ar@cellbox=\box54
)
([local-user]/AppData/Local/Programs/MiKTeX/tex/latex/tools/dcolumn.sty
Package: dcolumn 2025/10/21 v1.06 decimal alignment package (DPC)
)
([local-user]/AppData/Local/Programs/MiKTeX/tex/latex/tools/delarray.sty
Package: delarray 2014/10/28 v1.01 array delimiter package (DPC)
)
([local-user]/AppData/Local/Programs/MiKTeX/tex/latex/tools/tabularx.sty
Package: tabularx 2023/12/11 v2.12a `tabularx' package (DPC)
\TX@col@width=\dimen156
\TX@old@table=\dimen157
\TX@old@col=\dimen158
\TX@target=\dimen159
\TX@delta=\dimen160
\TX@cols=\count295
\TX@ftn=\toks19
)
([local-user]/AppData/Local/Programs/MiKTeX/tex/latex/booktabs/booktabs.sty
Package: booktabs 2020/01/12 v1.61803398 Publication quality tables
\heavyrulewidth=\dimen161
\lightrulewidth=\dimen162
\cmidrulewidth=\dimen163
\belowrulesep=\dimen164
\belowbottomsep=\dimen165
\aboverulesep=\dimen166
\abovetopsep=\dimen167
\cmidrulesep=\dimen168
\cmidrulekern=\dimen169
\defaultaddspace=\dimen170
\@cmidla=\count296
\@cmidlb=\count297
\@aboverulesep=\dimen171
\@belowrulesep=\dimen172
\@thisruleclass=\count298
\@lastruleclass=\count299
\@thisrulewidth=\dimen173
)
\ctableftskip=\skip119
\ctabrightskip=\skip120
\abovecolumnspenalty=\count300
\@linestogo=\count301
\@cellstogo=\count302
\@cellsincolumn=\count303
\crtok=\toks20
\@mincolumnwidth=\dimen174
\c@newflo@tctr=\count304
\mem@margin@floatbox=\box55
\@contcwidth=\skip121
\@contindw=\skip122
\abovecaptionskip=\skip123
\belowcaptionskip=\skip124
\subfloattopskip=\skip125
\subfloatcapskip=\skip126
\subfloatcaptopadj=\skip127
\subfloatbottomskip=\skip128
\subfloatlabelskip=\skip129
\subfloatcapmargin=\dimen175
\c@@contsubnum=\count305
\m@mscap@capbox=\box56
\m@mscap@fbox=\box57
\sidecapsep=\dimen176
\sidecapwidth=\dimen177
\m@m@tempdima=\dimen178
\m@mscapraise=\dimen179
\sidecapraise=\dimen180
\m@mscapmainwidth=\dimen181
\m@mscaplkern=\dimen182
\beforeepigraphskip=\skip130
\afterepigraphskip=\skip131
\epigraphwidth=\skip132
\epigraphrule=\skip133
([local-user]/AppData/Local/Programs/MiKTeX/tex/latex/hyperref/nameref.sty
Package: nameref 2026-01-29 v2.58 Cross-referencing by name of section

([local-user]/AppData/Local/Programs/MiKTeX/tex/latex/refcount/refcount.sty
Package: refcount 2019/12/15 v3.6 Data extraction from label references (HO)

([local-user]/AppData/Local/Programs/MiKTeX/tex/generic/ltxcmds/ltxcmds.sty
Package: ltxcmds 2023-12-04 v1.26 LaTeX kernel commands for general use (HO)
)
([local-user]/AppData/Local/Programs/MiKTeX/tex/generic/infwarerr/infwarerr.
sty
Package: infwarerr 2019/12/03 v1.5 Providing info/warning/error messages (HO)
))
([local-user]/AppData/Local/Programs/MiKTeX/tex/generic/gettitlestring/getti
tlestring.sty
Package: gettitlestring 2019/12/15 v1.6 Cleanup title references (HO)

([local-user]/AppData/Local/Programs/MiKTeX/tex/latex/kvoptions/kvoptions.st
y
Package: kvoptions 2022-06-15 v3.15 Key value format for package options (HO)
 ([local-user]/AppData/Local/Programs/MiKTeX/tex/latex/graphics/keyval.sty
Package: keyval 2022/05/29 v1.15 key=value parser (DPC)
\KV@toks@=\toks21
)
([local-user]/AppData/Local/Programs/MiKTeX/tex/latex/kvsetkeys/kvsetkeys.st
y
Package: kvsetkeys 2022-10-05 v1.19 Key value parser (HO)
)))
\c@section@level=\count306
)
\tocentryskip=\skip134
\tocbaseline=\skip135
\cftparskip=\skip136
\cftbeforebookskip=\skip137
\cftbookindent=\dimen183
\cftbooknumwidth=\dimen184
\cftbeforepartskip=\skip138
\cftpartindent=\skip139
\cftpartnumwidth=\skip140
\cftbeforechapterskip=\skip141
\cftchapterindent=\skip142
\cftchapternumwidth=\skip143
\cftbeforesectionskip=\skip144
\cftsectionindent=\skip145
\cftsectionnumwidth=\skip146
\cftbeforesubsectionskip=\skip147
\cftsubsectionindent=\skip148
\cftsubsectionnumwidth=\skip149
\cftbeforesubsubsectionskip=\skip150
\cftsubsubsectionindent=\skip151
\cftsubsubsectionnumwidth=\skip152
\cftbeforeparagraphskip=\skip153
\cftparagraphindent=\skip154
\cftparagraphnumwidth=\skip155
\cftbeforesubparagraphskip=\skip156
\cftsubparagraphindent=\skip157
\cftsubparagraphnumwidth=\skip158
\prechapterprecisshift=\dimen185
\c@maxsecnumdepth=\count307
\bibindent=\dimen186
\bibitemsep=\skip159
\indexcolsep=\skip160
\indexrule=\skip161
\indexmarkstyle=\toks22
\@indexbox=\insert252
LaTeX Info: Redefining \raggedbottom on input line 8095.
LaTeX Info: Redefining \flushbottom on input line 8099.
\glossarycolsep=\dimen187
\glossaryrule=\dimen188
\sideparvshift=\skip162
\sideins=\insert251
\sidebartopsep=\skip163
\sidebarhsep=\skip164
\sidebarvsep=\skip165
\sidebarwidth=\skip166
\footmarkwidth=\skip167
\footmarksep=\skip168
\footparindent=\skip169
\footinsdim=\skip170
\footinsv@r=\insert250
\@mpfootinsv@r=\insert249
\m@m@k=\count308
\m@m@h=\dimen189
\m@mipn@skip=\skip171
\sidefootins=\insert248
\sidefootadjust=\skip172
\sidefootheight=\skip173
\sidefoothsep=\skip174
\sidefootvsep=\skip175
\sidefootwidth=\skip176
\m@mdownsf=\skip177
\c@sidefootnote=\count309
\sidefootmarkwidth=\skip178
\sidefootmarksep=\skip179
\sidefootparindent=\skip180
\c@pagenote=\count310
\c@pagenoteshadow=\count311
\mem@pn@lastkern=\skip181

([local-user]/AppData/Local/Programs/MiKTeX/tex/latex/tools/verbatim.sty
Package: verbatim 2024-01-22 v1.5x LaTeX2e package for verbatim enhancements
\every@verbatim=\toks23
\verbatim@line=\toks24
\verbatim@in@stream=\read2
)
\verbatimindent=\skip182
\verbatim@out=\write3

([local-user]/AppData/Local/Programs/MiKTeX/tex/latex/base/shortvrb.sty
Package: shortvrb 2024/12/25 v3.0q Standard LaTeX documentation package V3 (FMi
)
)
\bvboxsep=\skip183
\c@memfbvline=\count312
\c@bvlinectr=\count313
\bvnumlength=\skip184
\fb@frw=\dimen190
\fb@frh=\dimen191
\FrameRule=\dimen192
\FrameSep=\dimen193
\c@cp@cntr=\count314
\c@ism@mctr=\count315
\c@xsm@mctr=\count316
\c@csm@mctr=\count317
\c@ksm@mctr=\count318
\c@xksm@mctr=\count319
\c@cksm@mctr=\count320
\c@msm@mctr=\count321
\c@xmsm@mctr=\count322
\c@cmsm@mctr=\count323
\c@bsm@mctr=\count324
\c@workm@mctr=\count325
\c@sheetsequence=\count326
\c@lastsheet=\count327
\c@lastpage=\count328
\c@figure=\count329
\c@lofdepth=\count330
\cftbeforefigureskip=\skip185
\cftfigureindent=\skip186
\cftfigurenumwidth=\skip187
\c@table=\count331
\c@lotdepth=\count332
\cftbeforetableskip=\skip188
\cfttableindent=\skip189
\cfttablenumwidth=\skip190
Package abstract [2008/07/23] emulated by memoir.
Package appendix [2008/07/23] emulated by memoir.
Package ccaption [2008/07/23] emulated by memoir.
Package changepage [2008/07/23] emulated by memoir.
Package chngcntr [2008/07/23] emulated by memoir.
Package chngpage [2008/07/23] emulated by memoir.
Package crop emulated by memoir.
Package enumerate [2008/07/23] emulated by memoir.
Package epigraph [2008/07/23] emulated by memoir.
Package ifmtarg [2008/07/23] emulated by memoir.
Package index [2008/07/23] emulated by memoir.
Package makeidx [2008/07/23] emulated by memoir.
Package moreverb [2008/07/23] emulated by memoir.
Package needspace [2008/07/23] emulated by memoir.
Package newfile [2008/07/23] emulated by memoir.
Package nextpage [2008/07/23] emulated by memoir.
Package pagenote [2008/07/23] emulated by memoir.
Package parskip [2008/07/23] emulated by memoir.
Package patchcmd [2008/07/23] emulated by memoir.
Package setspace [2008/07/23] emulated by memoir.
Package showidx [2008/07/23] emulated by memoir.
Package titleref [2008/07/23] emulated by memoir.
Package titling [2008/07/23] emulated by memoir.
Package tocbibind [2008/07/23] emulated by memoir.
Package tocloft [2008/07/23] emulated by memoir.
Package tocvsec2 [2008/07/23] emulated by memoir.
Package verse [2008/07/23] emulated by memoir.
)

******************************************************
Stock height and width: 794.96999pt by 614.295pt
Top and edge trims: 0pt and 0pt
Page height and width: 794.96999pt by 614.295pt
Text height and width: 649.99998pt by 468pt
Spine and edge margins: 73.1474pt and 73.1474pt
Upper and lower margins: 72.485pt and 72.485pt
Headheight and headsep: 18.5pt and 35.99489pt
Footskip: 25.29494pt
Columnsep and columnseprule: 10pt and 0pt
Marginparsep and marginparwidth: 7pt and 59.1474pt
Sidecapsep and sidecapwidth: 7pt and 9pt
Sidebarhsep and sidebarwidth: 7pt and 9pt
Sidebarvsep and sidebartopsep: 17.5pt and 0pt
Sidebarheight: 537.24994pt
Sidefoothsep and sidefootwidth: 7pt and 9pt
Sidefootvsep and sidefootheight: 17.5pt and 537.24994pt
******************************************************

(./open-logic-ar-classical-eastern-rtl-preamble.tex
File: open-logic-ar-classical-eastern-rtl-preamble.tex 2026/09/05 isolated Clas
sical Arabic reader preamble

([local-user]/AppData/Local/Programs/MiKTeX/tex/latex/fontspec/fontspec.sty
Package: fontspec 2025/09/29 v2.9g Font selection for XeLaTeX and LuaLaTeX
Lua module: fontspec 2025/09/29 v2.9g Font selection for XeLaTeX and LuaLaTeX
([local-user]/AppData/Local/Programs/MiKTeX/tex/latex/fontspec/fontspec-luat
ex.sty
Package: fontspec-luatex 2025/09/29 v2.9g Font selection for XeLaTeX and LuaLaT
eX
\l__fontspec_script_int=\count333
\l__fontspec_language_int=\count334
\l__fontspec_strnum_int=\count335
\l__fontspec_tmp_int=\count336
\l__fontspec_tmpa_int=\count337
\l__fontspec_tmpb_int=\count338
\l__fontspec_tmpc_int=\count339
\l__fontspec_em_int=\count340
\l__fontspec_emdef_int=\count341
\l__fontspec_strong_int=\count342
\l__fontspec_strongdef_int=\count343
\l__fontspec_tmpa_dim=\dimen194
\l__fontspec_tmpb_dim=\dimen195
\l__fontspec_tmpc_dim=\dimen196

([local-user]/AppData/Local/Programs/MiKTeX/tex/latex/base/fontenc.sty
Package: fontenc 2025/07/18 v2.1d Standard LaTeX package
)
([local-user]/AppData/Local/Programs/MiKTeX/tex/latex/fontspec/fontspec.cfg))
)
([local-user]/AppData/Local/Programs/MiKTeX/tex/latex/fixtounicode/fixtounic
ode.sty
Package: fixtounicode 2026/02/24 v0.1.1 11683 Fix missing tounicode values in T
eX fonts

([local-user]/AppData/Local/Programs/MiKTeX/tex/generic/pdftex/glyphtounicod
e.tex))

Package fixtounicode Info: Package fixtounicode Info:: Mapping
(fixtounicode)             tfm:cmsy10/mapsto -> 007C on line 32


Package fixtounicode Info: Package fixtounicode Info:: Mapping
(fixtounicode)             tfm:cmsy7/mapsto -> 007C on line 33


Package fixtounicode Info: Package fixtounicode Info:: Mapping
(fixtounicode)             tfm:cmsy5/mapsto -> 007C on line 34


Package fixtounicode Info: Package fixtounicode Info:: Mapping
(fixtounicode)             tfm:txsyc/strict -> 297D on line 42


Package fixtounicode Info: Package fixtounicode Info:: Mapping
(fixtounicode)             tfm:txsyc/strictinverse -> 297C on line 42


Package fixtounicode Info: Package fixtounicode Info:: Mapping
(fixtounicode)             tfm:txsyc/squareright -> 25A1 2192 on line 42


Package fixtounicode Info: Package fixtounicode Info:: Mapping
(fixtounicode)             tfm:txsyc/squareleft -> 2190 25A1 on line 42


Package fixtounicode Info: Package fixtounicode Info:: Mapping
(fixtounicode)             tfm:msbm10/notprecedesoreql -> 22E0 on line 45


Package fixtounicode Info: Package fixtounicode Info:: Mapping
(fixtounicode)             tfm:msbm10/notfollowsoreql -> 22E1 on line 45


Package fixtounicode Info: Package fixtounicode Info:: Mapping
(fixtounicode)             tfm:stmary10/varolessthan -> 29C0 on line 48


Package fixtounicode Info: Package fixtounicode Info:: Mapping
(fixtounicode)             tfm:stmary10/varogreaterthan -> 29C1 on line 48


Package fixtounicode Info: Package fixtounicode Info:: Mapping
(fixtounicode)             tfm:cmex10/parenleftbigg -> 0028 on line 52


Package fixtounicode Info: Package fixtounicode Info:: Mapping
(fixtounicode)             tfm:cmex10/parenrightbigg -> 0029 on line 52


Package fixtounicode Info: Package fixtounicode Info:: Mapping
(fixtounicode)             tfm:cmex10/braceleftBigg -> 007B on line 52


Package fixtounicode Info: Package fixtounicode Info:: Mapping
(fixtounicode)             tfm:cmex10/braceleftBig -> 007B on line 52


Package fixtounicode Info: Package fixtounicode Info:: Mapping
(fixtounicode)             tfm:cmex10/summationdisplay -> 2211 on line 52


Package fixtounicode Info: Package fixtounicode Info:: Mapping
(fixtounicode)             tfm:cmex10/hatwidest -> 0302 on line 52


Package fixtounicode Info: Package fixtounicode Info:: Mapping
(fixtounicode)             tfm:cmex10/tildewidest -> 0303 on line 52


([local-user]/AppData/Local/Programs/MiKTeX/tex/latex/gitinfo2/gitinfo2.sty
Package: gitinfo2 2015/11/22 v2.0.7 git revision information

([local-user]/AppData/Local/Programs/MiKTeX/tex/latex/xstring/xstring.sty
([local-user]/AppData/Local/Programs/MiKTeX/tex/generic/xstring/xstring.tex
\xs_counta=\count344
\xs_countb=\count345
)
Package: xstring 2023/08/22 v1.86 String manipulations (CT)
) ([local-user]/AppData/Local/Programs/MiKTeX/tex/latex/eso-pic/eso-pic.sty
Package: eso-pic 2025/12/10 v3.0d eso-pic (RN)
\ESO@tempdima=\dimen197
\ESO@tempdimb=\dimen198

([local-user]/AppData/Local/Programs/MiKTeX/tex/latex/xcolor/xcolor.sty
Package: xcolor 2024/09/29 v3.02 LaTeX color extensions (UK)

([local-user]/AppData/Local/Programs/MiKTeX/tex/latex/graphics-cfg/color.cfg
File: color.cfg 2016/01/02 v1.6 sample color configuration
)
Package xcolor Info: Driver file: luatex.def on input line 274.

([local-user]/AppData/Local/Programs/MiKTeX/tex/latex/graphics-def/luatex.de
f
File: luatex.def 2025/09/29 v1.2f Graphics/color driver for luatex
)
([local-user]/AppData/Local/Programs/MiKTeX/tex/latex/graphics/mathcolor.ltx
)
Package xcolor Info: Model `cmy' substituted by `cmy0' on input line 1349.
Package xcolor Info: Model `hsb' substituted by `rgb' on input line 1353.
Package xcolor Info: Model `RGB' extended on input line 1365.
Package xcolor Info: Model `HTML' substituted by `rgb' on input line 1367.
Package xcolor Info: Model `Hsb' substituted by `hsb' on input line 1368.
Package xcolor Info: Model `tHsb' substituted by `hsb' on input line 1369.
Package xcolor Info: Model `HSB' substituted by `hsb' on input line 1370.
Package xcolor Info: Model `Gray' substituted by `gray' on input line 1371.
Package xcolor Info: Model `wave' substituted by `hsb' on input line 1372.
))

Package gitinfo2 Warning: I can't find the file '.git/gitHeadInfo.gin'.
(gitinfo2)                All git metadata has been set to '(None)'.

)
luaotfload | cache : Lookup cache loaded from [local-user]/AppData/Local/MiKT
eX/luatex-cache/generic/names/luaotfload-lookup-cache.luc.

Package fontspec Info: 
(fontspec)             Font family 'TeXGyrePagella(0)' created for font 'TeX
(fontspec)             Gyre Pagella' with options [Ligatures=TeX].
(fontspec)              
(fontspec)              This font family consists of the following NFSS
(fontspec)             series/shapes:
(fontspec)              
(fontspec)             - 'normal' (m/n) with NFSS spec.: <->"name:TeX Gyre
(fontspec)             Pagella:mode=node;script=latn;language=dflt;+tlig;"
(fontspec)             - 'small caps'  (m/sc) with NFSS spec.: <->"name:TeX
(fontspec)             Gyre
(fontspec)             Pagella:mode=node;script=latn;language=dflt;+tlig;+smcp;
"
(fontspec)             - 'bold' (b/n) with NFSS spec.: <->"name:TeX Gyre
(fontspec)             Pagella/B:mode=node;script=latn;language=dflt;+tlig;"
(fontspec)             - 'bold small caps'  (b/sc) with NFSS spec.:
(fontspec)             <->"name:TeX Gyre
(fontspec)             Pagella/B:mode=node;script=latn;language=dflt;+tlig;+smc
p;"
(fontspec)             - 'italic' (m/it) with NFSS spec.: <->"name:TeX Gyre
(fontspec)             Pagella/I:mode=node;script=latn;language=dflt;+tlig;"
(fontspec)             - 'italic small caps'  (m/scit) with NFSS spec.:
(fontspec)             <->"name:TeX Gyre
(fontspec)             Pagella/I:mode=node;script=latn;language=dflt;+tlig;+smc
p;"
(fontspec)             - 'bold italic' (b/it) with NFSS spec.: <->"name:TeX
(fontspec)             Gyre
(fontspec)             Pagella/BI:mode=node;script=latn;language=dflt;+tlig;"
(fontspec)             - 'bold italic small caps'  (b/scit) with NFSS spec.:
(fontspec)             <->"name:TeX Gyre
(fontspec)             Pagella/BI:mode=node;script=latn;language=dflt;+tlig;+sm
cp;"


Package fontspec Info: 
(fontspec)             Font family 'TeXGyreHeros(0)' created for font 'TeX
(fontspec)             Gyre Heros' with options [Ligatures=TeX].
(fontspec)              
(fontspec)              This font family consists of the following NFSS
(fontspec)             series/shapes:
(fontspec)              
(fontspec)             - 'normal' (m/n) with NFSS spec.: <->"name:TeX Gyre
(fontspec)             Heros:mode=node;script=latn;language=dflt;+tlig;"
(fontspec)             - 'small caps'  (m/sc) with NFSS spec.: <->"name:TeX
(fontspec)             Gyre
(fontspec)             Heros:mode=node;script=latn;language=dflt;+tlig;+smcp;"
(fontspec)             - 'bold' (b/n) with NFSS spec.: <->"name:TeX Gyre
(fontspec)             Heros/B:mode=node;script=latn;language=dflt;+tlig;"
(fontspec)             - 'bold small caps'  (b/sc) with NFSS spec.:
(fontspec)             <->"name:TeX Gyre
(fontspec)             Heros/B:mode=node;script=latn;language=dflt;+tlig;+smcp;
"
(fontspec)             - 'italic' (m/it) with NFSS spec.: <->"name:TeX Gyre
(fontspec)             Heros/I:mode=node;script=latn;language=dflt;+tlig;"
(fontspec)             - 'italic small caps'  (m/scit) with NFSS spec.:
(fontspec)             <->"name:TeX Gyre
(fontspec)             Heros/I:mode=node;script=latn;language=dflt;+tlig;+smcp;
"
(fontspec)             - 'bold italic' (b/it) with NFSS spec.: <->"name:TeX
(fontspec)             Gyre
(fontspec)             Heros/BI:mode=node;script=latn;language=dflt;+tlig;"
(fontspec)             - 'bold italic small caps'  (b/scit) with NFSS spec.:
(fontspec)             <->"name:TeX Gyre
(fontspec)             Heros/BI:mode=node;script=latn;language=dflt;+tlig;+smcp
;"


Package fontspec Info: 
(fontspec)             Could not resolve font "Latin Modern Mono/BI" (it
(fontspec)             probably doesn't exist).


Package fontspec Info: 
(fontspec)             Could not resolve font "Latin Modern Mono/B" (it
(fontspec)             probably doesn't exist).


Package fontspec Info: 
(fontspec)             Font family 'LatinModernMono(0)' created for font
(fontspec)             'Latin Modern Mono' with options
(fontspec)             [WordSpace={1,0,0},HyphenChar=None,PunctuationSpace=Word
Space].
(fontspec)              
(fontspec)              This font family consists of the following NFSS
(fontspec)             series/shapes:
(fontspec)              
(fontspec)             - 'normal' (m/n) with NFSS spec.: <->"name:Latin Modern
(fontspec)             Mono:mode=node;script=latn;language=dflt;"
(fontspec)             - 'italic' (m/it) with NFSS spec.: <->"name:Latin
(fontspec)             Modern Mono/I:mode=node;script=latn;language=dflt;"

 (../../sty/open-logic.sty
([local-user]/AppData/Local/Programs/MiKTeX/tex/generic/babel/babel.sty
Package: babel 2026/04/15 v26.6 The multilingual framework for LuaLaTeX, pdfLaT
eX and XeLaTeX

([local-user]/AppData/Local/Programs/MiKTeX/tex/generic/babel/luababel.def
\bbl@readstream=\read3
\l@afrikaans=\language2
Package babel Info: Non-standard hyphenation setup on input line 118.
\l@ancientgreek=\language3
\l@armenian=\language4
\l@assamese=\language5
\l@basque=\language6
\l@belarusian=\language7
\l@bengali=\language8
\l@bokmal=\language9
\l@bulgarian=\language10
\l@catalan=\language11
\l@churchslavonic=\language12
\l@classiclatin=\language13
\l@coptic=\language14
\l@croatian=\language15
\l@czech=\language16
\l@danish=\language17
\l@dutch=\language18
\l@esperanto=\language19
\l@estonian=\language20
\l@ethiopic=\language21
\l@finnish=\language22
\l@french=\language23
\l@friulan=\language24
\l@galician=\language25
\l@georgian=\language26
\l@german=\language27
\l@greek=\language28
\l@gujarati=\language29
\l@hindi=\language30
\l@hungarian=\language31
\l@icelandic=\language32
\l@indonesian=\language33
\l@interlingua=\language34
\l@irish=\language35
\l@italian=\language36
\l@kannada=\language37
\l@kurmanji=\language38
\l@latin=\language39
\l@latvian=\language40
\l@lithuanian=\language41
\l@liturgicallatin=\language42
\l@macedonian=\language43
\l@malayalam=\language44
\l@marathi=\language45
\l@mongolian=\language46
\l@mongolianlmc=\language47
\l@monogreek=\language48
\l@ngerman=\language49
\l@nynorsk=\language50
\l@occitan=\language51
\l@oriya=\language52
\l@pali=\language53
\l@panjabi=\language54
\l@piedmontese=\language55
\l@polish=\language56
\l@portuguese=\language57
\l@romanian=\language58
\l@romansh=\language59
\l@russian=\language60
\l@sanskrit=\language61
\l@serbian=\language62
\l@serbianc=\language63
\l@slovak=\language64
\l@slovenian=\language65
\l@spanish=\language66
\l@swedish=\language67
\l@swissgerman=\language68
\l@tamil=\language69
\l@telugu=\language70
\l@thai=\language71
\l@turkish=\language72
\l@turkmen=\language73
\l@ukenglish=\language74
\l@ukrainian=\language75
\l@uppersorbian=\language76
\l@usenglishmax=\language77
\l@welsh=\language78
\babelcatcodetablenum=\catcodetable14
\bbl@pattcodes=\catcodetable15
)
\babel@savecnt=\count346
LaTeX Encoding Info:    Redeclaring text command \ij (encoding OT1) on input li
ne 2078.
LaTeX Encoding Info:    Redeclaring text command \IJ (encoding OT1) on input li
ne 2080.
LaTeX Encoding Info:    Redeclaring text command \ij (encoding T1) on input lin
e 2082.
LaTeX Encoding Info:    Redeclaring text command \IJ (encoding T1) on input lin
e 2083.
LaTeX Encoding Info:    Ignoring declaration for text command \ij (encoding ?) 
on input line 2084.
LaTeX Encoding Info:    Ignoring declaration for text command \IJ (encoding ?) 
on input line 2086.
LaTeX Encoding Info:    Ignoring declaration for text command \SS (encoding ?) 
on input line 2111.
\U@D=\dimen199
\l@unhyphenated=\language79

([local-user]/AppData/Local/Programs/MiKTeX/tex/generic/babel/luababel.def
\bbl@attr@locale=\attribute4

([local-user]/AppData/Local/Programs/MiKTeX/tex/luatex/luatexbase/luatexbase
.sty
Package: luatexbase 2015/10/04 v1.3 luatexbase interface to LuaTeX 

([local-user]/AppData/Local/Programs/MiKTeX/tex/luatex/ctablestack/ctablesta
ck.sty
Package: ctablestack 2015/10/01 v1.0 Catcode table stable support
\@catcodetablestackcnt=\count347
)
\CatcodeTableOther=\catcodetable16
\CatcodeTableExpl=\catcodetable17
)
Removing  `luaotfload.node_processor' from `pre_linebreak_filter'.
Inserting `Babel.pre_otfload_v' in `pre_linebreak_filter'.
Inserting `luaotfload.node_processor' in `pre_linebreak_filter'.
Removing  `luaotfload.node_processor' from `hpack_filter'.
Removing  `luaotfload.harf.finalize_hlist' from `hpack_filter'.
Inserting `Babel.pre_otfload_h' in `hpack_filter'.
Inserting `luaotfload.node_processor' in `hpack_filter'.
Inserting `luaotfload.harf.finalize_hlist' in `hpack_filter'.
\bbl@attr@dir=\attribute5
)
Package babel Info: Configuration files are deprecated, as
(babel)             they can break document portability.
(babel)             Reported on input line 4206.

*************************************
* Local config file bblopts.cfg used
*
([local-user]/AppData/Local/Programs/MiKTeX/tex/latex/arabi/bblopts.cfg
File: bblopts.cfg 2005/09/08 v0.1 add Arabic and Farsi to "declared" options of
 babel
)
([local-user]/AppData/Local/Programs/MiKTeX/tex/generic/babel/locale/en/babe
l-english.tex)
([local-user]/AppData/Local/Programs/MiKTeX/tex/generic/babel/locale/ar/babe
l-arabic.tex)
Package babel Info: Importing font and identification data for english
(babel)             from babel-en.ini. Reported on input line 4330.

([local-user]/AppData/Local/Programs/MiKTeX/tex/latex/babel-english/english.
ldf
Language: english 2017/06/06 v3.3r English support from the babel system
Package babel Info: Hyphen rules for 'canadian' set to \l@english
(babel)             (\language0). Reported on input line 102.
Package babel Info: Hyphen rules for 'australian' set to \l@ukenglish
(babel)             (\language74). Reported on input line 105.
Package babel Info: Hyphen rules for 'newzealand' set to \l@ukenglish
(babel)             (\language74). Reported on input line 108.
)
Package babel Info: Importing data for arabic
(babel)             from babel-ar.ini. Reported on input line 4330.
\bbl@readsubstream=\read4
Package babel Info: Hyphen rules for 'arabic' set to \l@english
(babel)             (\language0). Reported on input line 4330.

([local-user]/AppData/Local/Programs/MiKTeX/tex/generic/babel/babel-ca-islam
ic.tex))
([local-user]/AppData/Local/Programs/MiKTeX/tex/latex/amsmath/amsmath.sty
Package: amsmath 2025/07/09 v2.17z AMS math features
\@mathmargin=\skip191

For additional information on amsmath, use the `?' option.
([local-user]/AppData/Local/Programs/MiKTeX/tex/latex/amsmath/amstext.sty
Package: amstext 2024/11/17 v2.01 AMS text

([local-user]/AppData/Local/Programs/MiKTeX/tex/latex/amsmath/amsgen.sty
File: amsgen.sty 1999/11/30 v2.0 generic functions
\@emptytoks=\toks25
\ex@=\dimen256
))
([local-user]/AppData/Local/Programs/MiKTeX/tex/latex/amsmath/amsbsy.sty
Package: amsbsy 1999/11/29 v1.2d Bold Symbols
\pmbraise@=\dimen257
)
([local-user]/AppData/Local/Programs/MiKTeX/tex/latex/amsmath/amsopn.sty
Package: amsopn 2022/04/08 v2.04 operator names
)
\inf@bad=\count348
LaTeX Info: Redefining \frac on input line 235.
\uproot@=\count349
\leftroot@=\count350
LaTeX Info: Redefining \overline on input line 398.
LaTeX Info: Redefining \colon on input line 409.
\classnum@=\count351
\DOTSCASE@=\count352
LaTeX Info: Redefining \ldots on input line 495.
LaTeX Info: Redefining \dots on input line 498.
LaTeX Info: Redefining \cdots on input line 619.
\Mathstrutbox@=\box58
\strutbox@=\box59
LaTeX Info: Redefining \big on input line 721.
LaTeX Info: Redefining \Big on input line 722.
LaTeX Info: Redefining \bigg on input line 723.
LaTeX Info: Redefining \Bigg on input line 724.
\big@size=\dimen258
LaTeX Font Info:    Redeclaring font encoding OML on input line 742.
LaTeX Font Info:    Redeclaring font encoding OMS on input line 743.
\macc@depth=\count353
LaTeX Info: Redefining \bmod on input line 904.
LaTeX Info: Redefining \pmod on input line 909.
LaTeX Info: Redefining \smash on input line 939.
LaTeX Info: Redefining \relbar on input line 969.
LaTeX Info: Redefining \Relbar on input line 970.
\c@MaxMatrixCols=\count354
\dotsspace@=\muskip17
\c@parentequation=\count355
\dspbrk@lvl=\count356
\tag@help=\toks26
\row@=\count357
\column@=\count358
\maxfields@=\count359
\andhelp@=\toks27
\eqnshift@=\dimen259
\alignsep@=\dimen260
\tagshift@=\dimen261
\tagwidth@=\dimen262
\totwidth@=\dimen263
\lineht@=\dimen264
\@envbody=\toks28
\multlinegap=\skip192
\multlinetaggap=\skip193
\mathdisplay@stack=\toks29
LaTeX Info: Redefining \[ on input line 2950.
LaTeX Info: Redefining \] on input line 2951.
)
([local-user]/AppData/Local/Programs/MiKTeX/tex/latex/amsfonts/amssymb.sty
Package: amssymb 2013/01/14 v3.01 AMS font symbols

([local-user]/AppData/Local/Programs/MiKTeX/tex/latex/amsfonts/amsfonts.sty
Package: amsfonts 2013/01/14 v3.01 Basic AMSFonts support
\symAMSa=\mathgroup4
\symAMSb=\mathgroup5
LaTeX Font Info:    Redeclaring math symbol \hbar on input line 98.
LaTeX Font Info:    Overwriting math alphabet `\mathfrak' in version `bold'
(Font)                  U/euf/m/n --> U/euf/b/n on input line 106.
))
([local-user]/AppData/Local/Programs/MiKTeX/tex/latex/extarrows/extarrows.st
y
Package: extarrows 2020/03/12 v1.2.0 Some extensible arrows
)
([local-user]/AppData/Local/Programs/MiKTeX/tex/generic/mathdots/mathdots.st
y
Package: mathdots 2014/06/11 v0.9 Improve and add various macros for dots in ma
th.
\MDo@unit=\dimen265
\MDo@dotsbox=\box60
\MDoprekern=\muskip18
\MDopostkern=\muskip19
\MDodotkern=\muskip20
) ([local-user]/AppData/Local/Programs/MiKTeX/tex/latex/isomath/isomath.sty
Package: isomath 2012/09/04 v0.6.1 ISO math style
([local-user]/AppData/Local/Programs/MiKTeX/tex/latex/fixmath/fixmath.sty
Package: fixmath 2022/10/06 v0.9.1 (WaS)
LaTeX Font Info:    Redeclaring math symbol \Gamma on input line 27.
LaTeX Font Info:    Redeclaring math symbol \Delta on input line 28.
LaTeX Font Info:    Redeclaring math symbol \Theta on input line 29.
LaTeX Font Info:    Redeclaring math symbol \Lambda on input line 30.
LaTeX Font Info:    Redeclaring math symbol \Xi on input line 31.
LaTeX Font Info:    Redeclaring math symbol \Pi on input line 32.
LaTeX Font Info:    Redeclaring math symbol \Sigma on input line 33.
LaTeX Font Info:    Redeclaring math symbol \Upsilon on input line 34.
LaTeX Font Info:    Redeclaring math symbol \Phi on input line 35.
LaTeX Font Info:    Redeclaring math symbol \Psi on input line 36.
LaTeX Font Info:    Redeclaring math symbol \Omega on input line 37.
LaTeX Font Info:    Redeclaring math symbol \alpha on input line 38.
LaTeX Font Info:    Redeclaring math symbol \beta on input line 39.
LaTeX Font Info:    Redeclaring math symbol \gamma on input line 40.
LaTeX Font Info:    Redeclaring math symbol \delta on input line 41.
LaTeX Font Info:    Redeclaring math symbol \epsilon on input line 42.
LaTeX Font Info:    Redeclaring math symbol \zeta on input line 43.
LaTeX Font Info:    Redeclaring math symbol \eta on input line 44.
LaTeX Font Info:    Redeclaring math symbol \theta on input line 45.
LaTeX Font Info:    Redeclaring math symbol \iota on input line 46.
LaTeX Font Info:    Redeclaring math symbol \kappa on input line 47.
LaTeX Font Info:    Redeclaring math symbol \lambda on input line 48.
LaTeX Font Info:    Redeclaring math symbol \mu on input line 49.
LaTeX Font Info:    Redeclaring math symbol \nu on input line 50.
LaTeX Font Info:    Redeclaring math symbol \xi on input line 51.
LaTeX Font Info:    Redeclaring math symbol \pi on input line 52.
LaTeX Font Info:    Redeclaring math symbol \rho on input line 53.
LaTeX Font Info:    Redeclaring math symbol \sigma on input line 54.
LaTeX Font Info:    Redeclaring math symbol \tau on input line 55.
LaTeX Font Info:    Redeclaring math symbol \upsilon on input line 56.
LaTeX Font Info:    Redeclaring math symbol \phi on input line 57.
LaTeX Font Info:    Redeclaring math symbol \chi on input line 58.
LaTeX Font Info:    Redeclaring math symbol \psi on input line 59.
LaTeX Font Info:    Redeclaring math symbol \omega on input line 60.
LaTeX Font Info:    Redeclaring math symbol \varepsilon on input line 61.
LaTeX Font Info:    Redeclaring math symbol \vartheta on input line 62.
LaTeX Font Info:    Redeclaring math symbol \varpi on input line 63.
LaTeX Font Info:    Redeclaring math symbol \varphi on input line 64.
LaTeX Font Info:    Redeclaring math symbol \varrho on input line 65.
LaTeX Font Info:    Redeclaring math symbol \varsigma on input line 66.
)
LaTeX Font Info:    Overwriting math alphabet `\mathsfit' in version `bold'
(Font)                  OML/cmbr/m/it --> OML/cmbr/bx/it on input line 201.
)
([local-user]/AppData/Local/Programs/MiKTeX/tex/latex/mfirstuc/mfirstuc.sty
Package: mfirstuc 2025/04/03 v2.09 (NLCT)
\@glsmfirst=\toks30
\@glsmrest=\toks31
) ([local-user]/AppData/Local/Programs/MiKTeX/tex/latex/subfiles/subfiles.st
y
Package: subfiles 2020/11/14 v2.2 Multi-file projects (package)
([local-user]/AppData/Local/Programs/MiKTeX/tex/latex/import/import.sty
Package: import 2020/04/01  v 6.2
))
([local-user]/AppData/Local/Programs/MiKTeX/tex/latex/framed/framed.sty
Package: framed 2011/10/22 v 0.96: framed or shaded text with page breaks
\OuterFrameSep=\skip194
\fb@frw=\dimen266
\fb@frh=\dimen267
)
([local-user]/AppData/Local/Programs/MiKTeX/tex/latex/graphics/graphicx.sty
Package: graphicx 2024/12/31 v1.2e Enhanced LaTeX Graphics (DPC,SPQR)

([local-user]/AppData/Local/Programs/MiKTeX/tex/latex/graphics/graphics.sty
Package: graphics 2024/08/06 v1.4g Standard LaTeX Graphics (DPC,SPQR)

([local-user]/AppData/Local/Programs/MiKTeX/tex/latex/graphics/trig.sty
Package: trig 2023/12/02 v1.11 sin cos tan (DPC)
)
([local-user]/AppData/Local/Programs/MiKTeX/tex/latex/graphics-cfg/graphics.
cfg
File: graphics.cfg 2016/06/04 v1.11 sample graphics configuration
)
Package graphics Info: Driver file: luatex.def on input line 106.
)
\Gin@req@height=\dimen268
\Gin@req@width=\dimen269
)
([local-user]/AppData/Local/Programs/MiKTeX/tex/latex/multirow/multirow.sty
Package: multirow 2024/11/12 v2.9 Span multiple rows of a table
\multirow@colwidth=\skip195
\multirow@cntb=\count360
\multirow@dima=\skip196
\bigstrutjot=\dimen270
) ([local-user]/AppData/Local/Programs/MiKTeX/tex/latex/tools/longtable.sty
Package: longtable 2025-10-13 v4.24 Multi-page Table package (DPC)
\LTleft=\skip197
\LTright=\skip198
\LTpre=\skip199
\LTpost=\skip256
\LTchunksize=\count361
\LTcapwidth=\dimen271
\LT@head=\box61
\LT@firsthead=\box62
\LT@foot=\box63
\LT@lastfoot=\box64
\LT@gbox=\box65
\LT@cols=\count362
\LT@rows=\count363
\c@LT@tables=\count364
\c@LT@chunks=\count365
\LT@p@ftn=\toks32
)
([local-user]/AppData/Local/Programs/MiKTeX/tex/latex/units/nicefrac.sty
Package: nicefrac 1998/08/04 v0.9b Nice fractions
\L@UnitsRaiseDisplaystyle=\skip257
\L@UnitsRaiseTextstyle=\skip258
\L@UnitsRaiseScriptstyle=\skip259

([local-user]/AppData/Local/Programs/MiKTeX/tex/latex/base/ifthen.sty
Package: ifthen 2024/03/16 v1.1e Standard LaTeX ifthen package (DPC)
))
([local-user]/AppData/Local/Programs/MiKTeX/tex/latex/graphics/rotating.sty
Package: rotating 2025/01/14 v2.16e rotated objects in LaTeX
\c@r@tfl@t=\count366
\rotFPtop=\skip260
\rotFPbot=\skip261
\rot@float@box=\box66
\rot@mess@toks=\toks33
) ([local-user]/AppData/Local/Programs/MiKTeX/tex/latex/natbib/natbib.sty
Package: natbib 2010/09/13 8.31b (PWD, AO)
\bibhang=\skip262
\bibsep=\skip263
LaTeX Info: Redefining \cite on input line 694.
\c@NAT@ctr=\count367
)
([local-user]/AppData/Local/Programs/MiKTeX/tex/latex/pgf/frontendlayer/tikz
.sty
([local-user]/AppData/Local/Programs/MiKTeX/tex/latex/pgf/basiclayer/pgf.sty

([local-user]/AppData/Local/Programs/MiKTeX/tex/latex/pgf/utilities/pgfrcs.s
ty
([local-user]/AppData/Local/Programs/MiKTeX/tex/generic/pgf/utilities/pgfuti
l-common.tex
\pgfutil@everybye=\toks34
\pgfutil@tempdima=\dimen272
\pgfutil@tempdimb=\dimen273
)
([local-user]/AppData/Local/Programs/MiKTeX/tex/generic/pgf/utilities/pgfuti
l-latex.def
\pgfutil@abb=\box67
)
([local-user]/AppData/Local/Programs/MiKTeX/tex/generic/pgf/utilities/pgfrcs
.code.tex
([local-user]/AppData/Local/Programs/MiKTeX/tex/generic/pgf/pgf.revision.tex
)
Package: pgfrcs 2025-08-29 v3.1.11a (3.1.11a)
))
Package: pgf 2025-08-29 v3.1.11a (3.1.11a)

([local-user]/AppData/Local/Programs/MiKTeX/tex/latex/pgf/basiclayer/pgfcore
.sty
([local-user]/AppData/Local/Programs/MiKTeX/tex/latex/pgf/systemlayer/pgfsys
.sty
([local-user]/AppData/Local/Programs/MiKTeX/tex/generic/pgf/systemlayer/pgfs
ys.code.tex
Package: pgfsys 2025-08-29 v3.1.11a (3.1.11a)

([local-user]/AppData/Local/Programs/MiKTeX/tex/generic/pgf/utilities/pgfkey
s.code.tex
\pgfkeys@pathtoks=\toks35
\pgfkeys@temptoks=\toks36

([local-user]/AppData/Local/Programs/MiKTeX/tex/generic/pgf/utilities/pgfkey
slibraryfiltered.code.tex
\pgfkeys@tmptoks=\toks37
))
\pgf@x=\dimen274
\pgf@y=\dimen275
\pgf@xa=\dimen276
\pgf@ya=\dimen277
\pgf@xb=\dimen278
\pgf@yb=\dimen279
\pgf@xc=\dimen280
\pgf@yc=\dimen281
\pgf@xd=\dimen282
\pgf@yd=\dimen283
\w@pgf@writea=\write4
\r@pgf@reada=\read5
\c@pgf@counta=\count368
\c@pgf@countb=\count369
\c@pgf@countc=\count370
\c@pgf@countd=\count371
\t@pgf@toka=\toks38
\t@pgf@tokb=\toks39
\t@pgf@tokc=\toks40
\pgf@sys@id@count=\count372

([local-user]/AppData/Local/Programs/MiKTeX/tex/generic/pgf/systemlayer/pgf.
cfg
File: pgf.cfg 2025-08-29 v3.1.11a (3.1.11a)
)
Driver file for pgf: pgfsys-luatex.def

([local-user]/AppData/Local/Programs/MiKTeX/tex/generic/pgf/systemlayer/pgfs
ys-luatex.def
File: pgfsys-luatex.def 2025-08-29 v3.1.11a (3.1.11a)

([local-user]/AppData/Local/Programs/MiKTeX/tex/generic/pgf/systemlayer/pgfs
ys-common-pdf.def
File: pgfsys-common-pdf.def 2025-08-29 v3.1.11a (3.1.11a)
)))
([local-user]/AppData/Local/Programs/MiKTeX/tex/generic/pgf/systemlayer/pgfs
yssoftpath.code.tex
File: pgfsyssoftpath.code.tex 2025-08-29 v3.1.11a (3.1.11a)
\pgfsyssoftpath@smallbuffer@items=\count373
\pgfsyssoftpath@bigbuffer@items=\count374
)
([local-user]/AppData/Local/Programs/MiKTeX/tex/generic/pgf/systemlayer/pgfs
ysprotocol.code.tex
File: pgfsysprotocol.code.tex 2025-08-29 v3.1.11a (3.1.11a)
))
([local-user]/AppData/Local/Programs/MiKTeX/tex/generic/pgf/basiclayer/pgfco
re.code.tex
Package: pgfcore 2025-08-29 v3.1.11a (3.1.11a)

([local-user]/AppData/Local/Programs/MiKTeX/tex/generic/pgf/math/pgfmath.cod
e.tex
([local-user]/AppData/Local/Programs/MiKTeX/tex/generic/pgf/math/pgfmathutil
.code.tex)
([local-user]/AppData/Local/Programs/MiKTeX/tex/generic/pgf/math/pgfmathpars
er.code.tex
\pgfmath@dimen=\dimen284
\pgfmath@count=\count375
\pgfmath@box=\box68
\pgfmath@toks=\toks41
\pgfmath@stack@operand=\toks42
\pgfmath@stack@operation=\toks43
)
([local-user]/AppData/Local/Programs/MiKTeX/tex/generic/pgf/math/pgfmathfunc
tions.code.tex)
([local-user]/AppData/Local/Programs/MiKTeX/tex/generic/pgf/math/pgfmathfunc
tions.basic.code.tex)
([local-user]/AppData/Local/Programs/MiKTeX/tex/generic/pgf/math/pgfmathfunc
tions.trigonometric.code.tex)
([local-user]/AppData/Local/Programs/MiKTeX/tex/generic/pgf/math/pgfmathfunc
tions.random.code.tex)
([local-user]/AppData/Local/Programs/MiKTeX/tex/generic/pgf/math/pgfmathfunc
tions.comparison.code.tex)
([local-user]/AppData/Local/Programs/MiKTeX/tex/generic/pgf/math/pgfmathfunc
tions.base.code.tex)
([local-user]/AppData/Local/Programs/MiKTeX/tex/generic/pgf/math/pgfmathfunc
tions.round.code.tex)
([local-user]/AppData/Local/Programs/MiKTeX/tex/generic/pgf/math/pgfmathfunc
tions.misc.code.tex)
([local-user]/AppData/Local/Programs/MiKTeX/tex/generic/pgf/math/pgfmathfunc
tions.integerarithmetics.code.tex)
([local-user]/AppData/Local/Programs/MiKTeX/tex/generic/pgf/math/pgfmathcalc
.code.tex)
([local-user]/AppData/Local/Programs/MiKTeX/tex/generic/pgf/math/pgfmathfloa
t.code.tex
\c@pgfmathroundto@lastzeros=\count376
))
([local-user]/AppData/Local/Programs/MiKTeX/tex/generic/pgf/math/pgfint.code
.tex)
([local-user]/AppData/Local/Programs/MiKTeX/tex/generic/pgf/basiclayer/pgfco
repoints.code.tex
File: pgfcorepoints.code.tex 2025-08-29 v3.1.11a (3.1.11a)
\pgf@picminx=\dimen285
\pgf@picmaxx=\dimen286
\pgf@picminy=\dimen287
\pgf@picmaxy=\dimen288
\pgf@pathminx=\dimen289
\pgf@pathmaxx=\dimen290
\pgf@pathminy=\dimen291
\pgf@pathmaxy=\dimen292
\pgf@xx=\dimen293
\pgf@xy=\dimen294
\pgf@yx=\dimen295
\pgf@yy=\dimen296
\pgf@zx=\dimen297
\pgf@zy=\dimen298
)
([local-user]/AppData/Local/Programs/MiKTeX/tex/generic/pgf/basiclayer/pgfco
repathconstruct.code.tex
File: pgfcorepathconstruct.code.tex 2025-08-29 v3.1.11a (3.1.11a)
\pgf@path@lastx=\dimen299
\pgf@path@lasty=\dimen300
)
([local-user]/AppData/Local/Programs/MiKTeX/tex/generic/pgf/basiclayer/pgfco
repathusage.code.tex
File: pgfcorepathusage.code.tex 2025-08-29 v3.1.11a (3.1.11a)
\pgf@shorten@end@additional=\dimen301
\pgf@shorten@start@additional=\dimen302
)
([local-user]/AppData/Local/Programs/MiKTeX/tex/generic/pgf/basiclayer/pgfco
rescopes.code.tex
File: pgfcorescopes.code.tex 2025-08-29 v3.1.11a (3.1.11a)
\pgfpic=\box69
\pgf@hbox=\box70
\pgf@layerbox@main=\box71
\pgf@picture@serial@count=\count377
)
([local-user]/AppData/Local/Programs/MiKTeX/tex/generic/pgf/basiclayer/pgfco
regraphicstate.code.tex
File: pgfcoregraphicstate.code.tex 2025-08-29 v3.1.11a (3.1.11a)
\pgflinewidth=\dimen303
)
([local-user]/AppData/Local/Programs/MiKTeX/tex/generic/pgf/basiclayer/pgfco
retransformations.code.tex
File: pgfcoretransformations.code.tex 2025-08-29 v3.1.11a (3.1.11a)
\pgf@pt@x=\dimen304
\pgf@pt@y=\dimen305
\pgf@pt@temp=\dimen306
)
([local-user]/AppData/Local/Programs/MiKTeX/tex/generic/pgf/basiclayer/pgfco
requick.code.tex
File: pgfcorequick.code.tex 2025-08-29 v3.1.11a (3.1.11a)
)
([local-user]/AppData/Local/Programs/MiKTeX/tex/generic/pgf/basiclayer/pgfco
reobjects.code.tex
File: pgfcoreobjects.code.tex 2025-08-29 v3.1.11a (3.1.11a)
)
([local-user]/AppData/Local/Programs/MiKTeX/tex/generic/pgf/basiclayer/pgfco
repathprocessing.code.tex
File: pgfcorepathprocessing.code.tex 2025-08-29 v3.1.11a (3.1.11a)
)
([local-user]/AppData/Local/Programs/MiKTeX/tex/generic/pgf/basiclayer/pgfco
rearrows.code.tex
File: pgfcorearrows.code.tex 2025-08-29 v3.1.11a (3.1.11a)
\pgfarrowsep=\dimen307
)
([local-user]/AppData/Local/Programs/MiKTeX/tex/generic/pgf/basiclayer/pgfco
reshade.code.tex
File: pgfcoreshade.code.tex 2025-08-29 v3.1.11a (3.1.11a)
\pgf@max=\dimen308
\pgf@sys@shading@range@num=\count378
\pgf@shadingcount=\count379
)
([local-user]/AppData/Local/Programs/MiKTeX/tex/generic/pgf/basiclayer/pgfco
reimage.code.tex
File: pgfcoreimage.code.tex 2025-08-29 v3.1.11a (3.1.11a)
)
([local-user]/AppData/Local/Programs/MiKTeX/tex/generic/pgf/basiclayer/pgfco
reexternal.code.tex
File: pgfcoreexternal.code.tex 2025-08-29 v3.1.11a (3.1.11a)
\pgfexternal@startupbox=\box72
)
([local-user]/AppData/Local/Programs/MiKTeX/tex/generic/pgf/basiclayer/pgfco
relayers.code.tex
File: pgfcorelayers.code.tex 2025-08-29 v3.1.11a (3.1.11a)
)
([local-user]/AppData/Local/Programs/MiKTeX/tex/generic/pgf/basiclayer/pgfco
retransparency.code.tex
File: pgfcoretransparency.code.tex 2025-08-29 v3.1.11a (3.1.11a)
)
([local-user]/AppData/Local/Programs/MiKTeX/tex/generic/pgf/basiclayer/pgfco
repatterns.code.tex
File: pgfcorepatterns.code.tex 2025-08-29 v3.1.11a (3.1.11a)
)
([local-user]/AppData/Local/Programs/MiKTeX/tex/generic/pgf/basiclayer/pgfco
rerdf.code.tex
File: pgfcorerdf.code.tex 2025-08-29 v3.1.11a (3.1.11a)
)))
([local-user]/AppData/Local/Programs/MiKTeX/tex/generic/pgf/modules/pgfmodul
eshapes.code.tex
File: pgfmoduleshapes.code.tex 2025-08-29 v3.1.11a (3.1.11a)
\pgfnodeparttextbox=\box73
)
([local-user]/AppData/Local/Programs/MiKTeX/tex/generic/pgf/modules/pgfmodul
eplot.code.tex
File: pgfmoduleplot.code.tex 2025-08-29 v3.1.11a (3.1.11a)
)
([local-user]/AppData/Local/Programs/MiKTeX/tex/latex/pgf/compatibility/pgfc
omp-version-0-65.sty
Package: pgfcomp-version-0-65 2025-08-29 v3.1.11a (3.1.11a)
\pgf@nodesepstart=\dimen309
\pgf@nodesepend=\dimen310
)
([local-user]/AppData/Local/Programs/MiKTeX/tex/latex/pgf/compatibility/pgfc
omp-version-1-18.sty
Package: pgfcomp-version-1-18 2025-08-29 v3.1.11a (3.1.11a)
))
([local-user]/AppData/Local/Programs/MiKTeX/tex/latex/pgf/utilities/pgffor.s
ty
([local-user]/AppData/Local/Programs/MiKTeX/tex/latex/pgf/utilities/pgfkeys.
sty
([local-user]/AppData/Local/Programs/MiKTeX/tex/generic/pgf/utilities/pgfkey
s.code.tex))
([local-user]/AppData/Local/Programs/MiKTeX/tex/latex/pgf/math/pgfmath.sty
([local-user]/AppData/Local/Programs/MiKTeX/tex/generic/pgf/math/pgfmath.cod
e.tex))
([local-user]/AppData/Local/Programs/MiKTeX/tex/generic/pgf/utilities/pgffor
.code.tex
Package: pgffor 2025-08-29 v3.1.11a (3.1.11a)
\pgffor@iter=\dimen311
\pgffor@skip=\dimen312
\pgffor@stack=\toks44
\pgffor@toks=\toks45
))
([local-user]/AppData/Local/Programs/MiKTeX/tex/generic/pgf/frontendlayer/ti
kz/tikz.code.tex
Package: tikz 2025-08-29 v3.1.11a (3.1.11a)

([local-user]/AppData/Local/Programs/MiKTeX/tex/generic/pgf/libraries/pgflib
raryplothandlers.code.tex
File: pgflibraryplothandlers.code.tex 2025-08-29 v3.1.11a (3.1.11a)
\pgf@plot@mark@count=\count380
\pgfplotmarksize=\dimen313
)
\tikz@lastx=\dimen314
\tikz@lasty=\dimen315
\tikz@lastxsaved=\dimen316
\tikz@lastysaved=\dimen317
\tikz@lastmovetox=\dimen318
\tikz@lastmovetoy=\dimen319
\tikzleveldistance=\dimen320
\tikzsiblingdistance=\dimen321
\tikz@figbox=\box74
\tikz@figbox@bg=\box75
\tikz@tempbox=\box76
\tikz@tempbox@bg=\box77
\tikztreelevel=\count381
\tikznumberofchildren=\count382
\tikznumberofcurrentchild=\count383
\tikz@fig@count=\count384

([local-user]/AppData/Local/Programs/MiKTeX/tex/generic/pgf/modules/pgfmodul
ematrix.code.tex
File: pgfmodulematrix.code.tex 2025-08-29 v3.1.11a (3.1.11a)
\pgfmatrixcurrentrow=\count385
\pgfmatrixcurrentcolumn=\count386
\pgf@matrix@numberofcolumns=\count387
)
\tikz@expandcount=\count388

([local-user]/AppData/Local/Programs/MiKTeX/tex/generic/pgf/frontendlayer/ti
kz/libraries/tikzlibrarytopaths.code.tex
File: tikzlibrarytopaths.code.tex 2025-08-29 v3.1.11a (3.1.11a)
)))
([local-user]/AppData/Local/Programs/MiKTeX/tex/latex/tikzscale/tikzscale.st
y
Package: tikzscale 2013/05/22 v0.2.6 tikzscale LaTeX package

([local-user]/AppData/Local/Programs/MiKTeX/tex/latex/letltxmacro/letltxmacr
o.sty
Package: letltxmacro 2019/12/03 v1.6 Let assignment for LaTeX macros (HO)
)
\tikzscale@measuredSize=\box78
)
([local-user]/AppData/Local/Programs/MiKTeX/tex/generic/pgf/frontendlayer/ti
kz/libraries/tikzlibraryarrows.code.tex
File: tikzlibraryarrows.code.tex 2025-08-29 v3.1.11a (3.1.11a)

([local-user]/AppData/Local/Programs/MiKTeX/tex/generic/pgf/libraries/pgflib
raryarrows.code.tex
File: pgflibraryarrows.code.tex 2025-08-29 v3.1.11a (3.1.11a)
\arrowsize=\dimen322
))
([local-user]/AppData/Local/Programs/MiKTeX/tex/generic/pgf/frontendlayer/ti
kz/libraries/tikzlibraryautomata.code.tex
File: tikzlibraryautomata.code.tex 2025-08-29 v3.1.11a (3.1.11a)

([local-user]/AppData/Local/Programs/MiKTeX/tex/generic/pgf/frontendlayer/ti
kz/libraries/tikzlibraryshapes.multipart.code.tex
File: tikzlibraryshapes.multipart.code.tex 2025-08-29 v3.1.11a (3.1.11a)

([local-user]/AppData/Local/Programs/MiKTeX/tex/generic/pgf/libraries/shapes
/pgflibraryshapes.multipart.code.tex
File: pgflibraryshapes.multipart.code.tex 2025-08-29 v3.1.11a (3.1.11a)
\pgfnodepartlowerbox=\box79
\pgfnodeparttwobox=\box80
\pgfnodepartthreebox=\box81
\pgfnodepartfourbox=\box82
\pgfnodeparttwentybox=\box83
\pgfnodepartnineteenbox=\box84
\pgfnodeparteighteenbox=\box85
\pgfnodepartseventeenbox=\box86
\pgfnodepartsixteenbox=\box87
\pgfnodepartfifteenbox=\box88
\pgfnodepartfourteenbox=\box89
\pgfnodepartthirteenbox=\box90
\pgfnodeparttwelvebox=\box91
\pgfnodepartelevenbox=\box92
\pgfnodeparttenbox=\box93
\pgfnodepartninebox=\box94
\pgfnodeparteightbox=\box95
\pgfnodepartsevenbox=\box96
\pgfnodepartsixbox=\box97
\pgfnodepartfivebox=\box98
)))
([local-user]/AppData/Local/Programs/MiKTeX/tex/generic/pgf/frontendlayer/ti
kz/libraries/tikzlibraryintersections.code.tex
([local-user]/AppData/Local/Programs/MiKTeX/tex/generic/pgf/libraries/pgflib
raryintersections.code.tex
([local-user]/AppData/Local/Programs/MiKTeX/tex/generic/pgf/libraries/pgflib
raryfpu.code.tex)
\pgf@intersect@solutions=\count389
))
([local-user]/AppData/Local/Programs/MiKTeX/tex/generic/pgf/frontendlayer/ti
kz/libraries/tikzlibrarypositioning.code.tex
File: tikzlibrarypositioning.code.tex 2025-08-29 v3.1.11a (3.1.11a)
)
([local-user]/AppData/Local/Programs/MiKTeX/tex/latex/adjustbox/adjustbox.st
y
Package: adjustbox 2025/02/26 v1.3c Adjusting TeX boxes (trim, clip, ...)
 ([local-user]/AppData/Local/Programs/MiKTeX/tex/latex/xkeyval/xkeyval.sty
Package: xkeyval 2022/06/16 v2.9 package option processing (HA)

([local-user]/AppData/Local/Programs/MiKTeX/tex/generic/xkeyval/xkeyval.tex
([local-user]/AppData/Local/Programs/MiKTeX/tex/generic/xkeyval/xkvutils.tex
\XKV@toks=\toks46
\XKV@tempa@toks=\toks47
)
\XKV@depth=\count390
File: xkeyval.tex 2014/12/03 v2.7a key=value parser (HA)
))
([local-user]/AppData/Local/Programs/MiKTeX/tex/latex/adjustbox/adjcalc.sty
Package: adjcalc 2012/05/16 v1.1 Provides advanced setlength with multiple back
-ends (calc, etex, pgfmath)
)
([local-user]/AppData/Local/Programs/MiKTeX/tex/latex/adjustbox/trimclip.sty
Package: trimclip 2025/02/21 v1.2a Trim and clip general TeX material

([local-user]/AppData/Local/Programs/MiKTeX/tex/latex/collectbox/collectbox.
sty
Package: collectbox 2022/10/17 v0.4c Collect macro arguments as boxes
\collectedbox=\box99
)
\tc@llx=\dimen323
\tc@lly=\dimen324
\tc@urx=\dimen325
\tc@ury=\dimen326
Package trimclip Info: Using driver 'tc-luatex.def'.

([local-user]/AppData/Local/Programs/MiKTeX/tex/latex/adjustbox/tc-luatex.de
f
File: tc-luatex.def 2025/02/26 v1.1 Clipping driver for luatex

([local-user]/AppData/Local/Programs/MiKTeX/tex/latex/adjustbox/tc-pdftex.de
f
File: tc-pdftex.def 2025/02/26 v2.3 Clipping driver for pdftex
)))
\adjbox@Width=\dimen327
\adjbox@Height=\dimen328
\adjbox@Depth=\dimen329
\adjbox@Totalheight=\dimen330
\adjbox@pwidth=\dimen331
\adjbox@pheight=\dimen332
\adjbox@pdepth=\dimen333
\adjbox@ptotalheight=\dimen334

([local-user]/AppData/Local/Programs/MiKTeX/tex/latex/ifoddpage/ifoddpage.st
y
Package: ifoddpage 2022/10/18 v1.2 Conditionals for odd/even page detection
\c@checkoddpage=\count391
LaTeX Info: Redefining \checkoddpage on input line 45.
)
([local-user]/AppData/Local/Programs/MiKTeX/tex/latex/varwidth/varwidth.sty
Package: varwidth 2009/03/30 ver 0.92;  Variable-width minipages
\@vwid@box=\box100
\sift@deathcycles=\count392
\@vwid@loff=\dimen335
\@vwid@roff=\dimen336
)
==> First Aid for varwidth.sty applied!
)
([local-user]/AppData/Local/Programs/MiKTeX/tex/latex/bussproofs/bussproofs.
sty
Proof Tree (bussproofs) style macros. Version 1.1.
\theLevel=\count393
\myMaxLevel=\count394
\myBoxA=\box101
\myBoxB=\box102
\myBoxC=\box103
\myBoxD=\box104
\myBoxLL=\box105
\myBoxRL=\box106
\thisAboveSkip=\dimen337
\thisBelowSkip=\dimen338
\newScoreStart=\dimen339
\newScoreEnd=\dimen340
\newCenter=\dimen341
\displace=\dimen342
\leftLowerAmt=\dimen343
\rightLowerAmt=\dimen344
\scoreHeight=\dimen345
\scoreDepth=\dimen346
\htLbox=\dimen347
\htRbox=\dimen348
\htRRbox=\dimen349
\htRRRbox=\dimen350
\htAbox=\dimen351
\htCbox=\dimen352
)
([local-user]/AppData/Local/Programs/MiKTeX/tex/latex/prooftrees/prooftrees.
sty
([local-user]/AppData/Local/Programs/MiKTeX/tex/latex/svn-prov/svn-prov.sty
Package: svn-prov 2010/04/24 v3.1862 Package Date/Version from SVN Keywords
)
Package: prooftrees 2026/02/21 v0.9.3 (SVN Rev: 11666)
([local-user]/AppData/Local/Programs/MiKTeX/tex/latex/forest/forest.sty
Package: forest 2017/07/14 v2.1.5 Drawing (linguistic) trees

([local-user]/AppData/Local/Programs/MiKTeX/tex/generic/pgf/frontendlayer/ti
kz/libraries/tikzlibraryshapes.code.tex
File: tikzlibraryshapes.code.tex 2025-08-29 v3.1.11a (3.1.11a)

([local-user]/AppData/Local/Programs/MiKTeX/tex/generic/pgf/frontendlayer/ti
kz/libraries/tikzlibraryshapes.geometric.code.tex
File: tikzlibraryshapes.geometric.code.tex 2025-08-29 v3.1.11a (3.1.11a)

([local-user]/AppData/Local/Programs/MiKTeX/tex/generic/pgf/libraries/shapes
/pgflibraryshapes.geometric.code.tex
File: pgflibraryshapes.geometric.code.tex 2025-08-29 v3.1.11a (3.1.11a)
))
([local-user]/AppData/Local/Programs/MiKTeX/tex/generic/pgf/frontendlayer/ti
kz/libraries/tikzlibraryshapes.misc.code.tex
File: tikzlibraryshapes.misc.code.tex 2025-08-29 v3.1.11a (3.1.11a)

([local-user]/AppData/Local/Programs/MiKTeX/tex/generic/pgf/libraries/shapes
/pgflibraryshapes.misc.code.tex
File: pgflibraryshapes.misc.code.tex 2025-08-29 v3.1.11a (3.1.11a)
))
([local-user]/AppData/Local/Programs/MiKTeX/tex/generic/pgf/frontendlayer/ti
kz/libraries/tikzlibraryshapes.symbols.code.tex
File: tikzlibraryshapes.symbols.code.tex 2025-08-29 v3.1.11a (3.1.11a)

([local-user]/AppData/Local/Programs/MiKTeX/tex/generic/pgf/libraries/shapes
/pgflibraryshapes.symbols.code.tex
File: pgflibraryshapes.symbols.code.tex 2025-08-29 v3.1.11a (3.1.11a)
))
([local-user]/AppData/Local/Programs/MiKTeX/tex/generic/pgf/frontendlayer/ti
kz/libraries/tikzlibraryshapes.arrows.code.tex
File: tikzlibraryshapes.arrows.code.tex 2025-08-29 v3.1.11a (3.1.11a)

([local-user]/AppData/Local/Programs/MiKTeX/tex/generic/pgf/libraries/shapes
/pgflibraryshapes.arrows.code.tex
File: pgflibraryshapes.arrows.code.tex 2025-08-29 v3.1.11a (3.1.11a)
))
([local-user]/AppData/Local/Programs/MiKTeX/tex/generic/pgf/frontendlayer/ti
kz/libraries/tikzlibraryshapes.callouts.code.tex
([local-user]/AppData/Local/Programs/MiKTeX/tex/generic/pgf/libraries/shapes
/pgflibraryshapes.callouts.code.tex)))
([local-user]/AppData/Local/Programs/MiKTeX/tex/generic/pgf/frontendlayer/ti
kz/libraries/tikzlibraryfit.code.tex
File: tikzlibraryfit.code.tex 2025-08-29 v3.1.11a (3.1.11a)
)
([local-user]/AppData/Local/Programs/MiKTeX/tex/generic/pgf/frontendlayer/ti
kz/libraries/tikzlibrarycalc.code.tex
File: tikzlibrarycalc.code.tex 2025-08-29 v3.1.11a (3.1.11a)
)
([local-user]/AppData/Local/Programs/MiKTeX/tex/latex/pgfopts/pgfopts.sty
Package: pgfopts 2014/07/10 v2.1a LaTeX package options with pgfkeys
\pgfopts@list@add@a@toks=\toks48
\pgfopts@list@add@b@toks=\toks49
)
([local-user]/AppData/Local/Programs/MiKTeX/tex/latex/elocalloc/elocalloc.st
y
Package: elocalloc 2016/12/15 v0.03 local allocation for LaTeX 2015+ (DPC)
) ([local-user]/AppData/Local/Programs/MiKTeX/tex/latex/environ/environ.sty
Package: environ 2014/05/04 v0.3 A new way to define environments

([local-user]/AppData/Local/Programs/MiKTeX/tex/latex/trimspaces/trimspaces.
sty
Package: trimspaces 2009/09/17 v1.1 Trim spaces around a token list
))
([local-user]/AppData/Local/Programs/MiKTeX/tex/latex/inlinedef/inlinedef.st
y
Package: inlinedef 2008/07/10 v1.0 Inlined expansions within definitions
\ID@toks=\toks50
\ID@count=\count395
)
\ID@usercommands=\toks51
\safeloop@depth=\count396
\safeRKloop@depth=\count397
\forest@temp@dimen=\dimen353
\forest@temp@count=\count398
\forest@n=\count399
\forest@temp@global@count=\count400
\forest@temp@toks=\toks52
\forest@temparray@M=\count401
\forest@temparray@N=\count402
\forest@global@temparray@M=\count403
\forest@global@temparray@N=\count404
\forest@isnum@count=\count405
\forest@isdim@nonintpart=\count406
\forest@isdim@dimen=\dimen354
\forest@sort@m=\count407
\forest@sort@k=\count408
\forest@sort@p=\count409
\bracket@content=\toks53
\bracket@afterthought=\toks54
\forest@node@maxid=\count410
\forest@process@left@M=\count411
\forest@process@left@N=\count412
\forest@process@right@M=\count413
\forest@process@right@N=\count414
\forest@process@saved@M=\count415
\forest@process@saved@N=\count416
\forest@process@result@M=\count417
\forest@process@result@N=\count418
\forest@process@n=\count419
\forest@nodewalk@branch@toks=\toks55
\forest@nodewalk@shortsteps@resolution=\toks56
\forest@do@dynamics=\toks57
\forest@box=\box107
\forest@xg=\dimen355
\forest@yg=\dimen356
\forest@xs=\dimen357
\forest@ys=\dimen358
\forest@pi@toks=\toks58
\forest@segment@toks=\toks59
\forest@PIi@toks=\toks60
\forest@PIii@toks=\toks61
\forest@copy@in=\read6
\forest@copy@out=\write5
\forest@externalize@max@outer@n=\count420
\forest@externalize@inner@n=\count421
)
([local-user]/AppData/Local/Programs/MiKTeX/tex/latex/forest-ext/forest-lib-
ext.tagging.sty
Package: forest-lib-ext.tagging v0.1

([local-user]/AppData/Local/Programs/MiKTeX/tex/latex/forest-ext/forest-lib-
ext.utils.sty
Package: forest-lib-ext.utils 2025-12-05 v0.1
\forestext@toksa=\toks62
)
\tagforest@toks=\toks63
\tagforest@id=\count422

[Forest ext.utils debug]:: Setting processing order for tag nodes to unique=tre
e.
[Forest ext.utils debug]:: Setting processing order for collate tags to unique=
tree.
)
[Forest ext.utils debug]:: Setting processing order for proof tree copy content
 to unique=tree.
) ([local-user]/AppData/Local/Programs/MiKTeX/tex/latex/wrapfig/wrapfig.sty
\wrapoverhang=\dimen359
\WF@size=\dimen360
\c@WF@wrappedlines=\count423
\WF@box=\box108
\WF@everypar=\toks64
Package: wrapfig 2003/01/31  v 3.6
)
([local-user]/AppData/Local/Programs/MiKTeX/tex/generic/catchfile/catchfile.
sty
Package: catchfile 2019/12/09 v1.8 Catch the contents of a file (HO)

([local-user]/AppData/Local/Programs/MiKTeX/tex/generic/etexcmds/etexcmds.st
y
Package: etexcmds 2019/12/15 v1.7 Avoid name clashes with e-TeX commands (HO)
))
([local-user]/AppData/Local/Programs/MiKTeX/tex/latex/hyperref/hyperref.sty
Package: hyperref 2026-04-24 v7.01q Hypertext links for LaTeX

([local-user]/AppData/Local/Programs/MiKTeX/tex/generic/kvdefinekeys/kvdefin
ekeys.sty
Package: kvdefinekeys 2019-12-19 v1.6 Define keys (HO)
)
([local-user]/AppData/Local/Programs/MiKTeX/tex/generic/pdfescape/pdfescape.
sty
Package: pdfescape 2019/12/09 v1.15 Implements pdfTeX's escape features (HO)

([local-user]/AppData/Local/Programs/MiKTeX/tex/generic/pdftexcmds/pdftexcmd
s.sty
Package: pdftexcmds 2020-06-27 v0.33 Utility functions of pdfTeX for LuaTeX (HO
)
Package pdftexcmds Info: \pdf@primitive is available.
Package pdftexcmds Info: \pdf@ifprimitive is available.
Package pdftexcmds Info: \pdfdraftmode found.
\pdftexcmds@toks=\toks65
))
([local-user]/AppData/Local/Programs/MiKTeX/tex/latex/hycolor/hycolor.sty
Package: hycolor 2020-01-27 v1.10 Color options for hyperref/bookmark (HO)
)
([local-user]/AppData/Local/Programs/MiKTeX/tex/generic/stringenc/stringenc.
sty
Package: stringenc 2019/11/29 v1.12 Convert strings between diff. encodings (HO
)
)
\@linkdim=\dimen361
\Hy@linkcounter=\count424
\Hy@pagecounter=\count425

([local-user]/AppData/Local/Programs/MiKTeX/tex/latex/hyperref/pd1enc.def
File: pd1enc.def 2026-04-24 v7.01q Hyperref: PDFDocEncoding definition (HO)
)
([local-user]/AppData/Local/Programs/MiKTeX/tex/generic/intcalc/intcalc.sty
Package: intcalc 2019/12/15 v1.3 Expandable calculations with integers (HO)
)
\Hy@SavedSpaceFactor=\count426
([local-user]/AppData/Local/Programs/MiKTeX/tex/latex/hyperref/puenc.def
File: puenc.def 2026-04-24 v7.01q Hyperref: PDF Unicode definition (HO)
)
Package hyperref Info: Hyper figures OFF on input line 4199.
Package hyperref Info: Link nesting OFF on input line 4204.
Package hyperref Info: Hyper index ON on input line 4207.
Package hyperref Info: Plain pages OFF on input line 4214.
Package hyperref Info: Backreferencing OFF on input line 4219.
Package hyperref Info: Implicit mode ON; LaTeX internals redefined.
Package hyperref Info: Bookmarks ON on input line 4466.
\c@Hy@tempcnt=\count427

([local-user]/AppData/Local/Programs/MiKTeX/tex/latex/url/url.sty
\Urlmuskip=\muskip21
Package: url 2013/09/16  ver 3.4  Verb mode for urls, etc.
)
LaTeX Info: Redefining \url on input line 4805.
\XeTeXLinkMargin=\dimen362

([local-user]/AppData/Local/Programs/MiKTeX/tex/generic/bitset/bitset.sty
Package: bitset 2019/12/09 v1.3 Handle bit-vector datatype (HO)

([local-user]/AppData/Local/Programs/MiKTeX/tex/generic/bigintcalc/bigintcal
c.sty
Package: bigintcalc 2019/12/15 v1.5 Expandable calculations on big integers (HO
)
))
\Fld@menulength=\count428
\Field@Width=\dimen363
\Fld@charsize=\dimen364
Package hyperref Info: Hyper figures OFF on input line 6091.
Package hyperref Info: Link nesting OFF on input line 6096.
Package hyperref Info: Hyper index ON on input line 6099.
Package hyperref Info: backreferencing OFF on input line 6106.
Package hyperref Info: Link coloring OFF on input line 6111.
Package hyperref Info: Link coloring with OCG OFF on input line 6116.
Package hyperref Info: PDF/A mode OFF on input line 6121.
\Hy@abspage=\count429
\c@Item=\count430
\c@Hfootnote=\count431
)
Package hyperref Info: Driver (autodetected): hluatex.

([local-user]/AppData/Local/Programs/MiKTeX/tex/latex/hyperref/hluatex.def
File: hluatex.def 2026-04-24 v7.01q Hyperref driver for luaTeX
\Fld@listcount=\count432
\c@bookmark@seq@number=\count433

([local-user]/AppData/Local/Programs/MiKTeX/tex/latex/rerunfilecheck/rerunfi
lecheck.sty
Package: rerunfilecheck 2025-06-21 v1.11 Rerun checks for auxiliary files (HO)

([local-user]/AppData/Local/Programs/MiKTeX/tex/generic/uniquecounter/unique
counter.sty
Package: uniquecounter 2019/12/15 v1.4 Provide unlimited unique counter (HO)
)
Package uniquecounter Info: New unique counter `rerunfilecheck' on input line 2
84.
)
\Hy@SectionHShift=\skip264
)
([local-user]/AppData/Local/Programs/MiKTeX/tex/latex/memoir/memhfixc.sty
Package: memhfixc 2025/09/16 v1.24 hyperref package fixes for memoir class
\c@memhycontfloat=\count434
\c@mem@Hpagenote=\count435
)
Package hyperref Info: Option `hypertexnames' set `false' on input line 75.
Package hyperref Info: Option `breaklinks' set `true' on input line 75.


Package hyperref Warning: Option `bookmarks' has already been used,
(hyperref)                setting the option has no effect on input line 75.

Package hyperref Info: Option `bookmarksopen' set `true' on input line 75.
Package hyperref Info: Option `colorlinks' set `true' on input line 75.
([local-user]/AppData/Local/Programs/MiKTeX/tex/latex/ntheorem/ntheorem.sty
Style `ntheorem', Version 1.33 <2011/08/15>
Package: ntheorem 2011/08/15 1.33
\theorem@style=\toks66
\theorem@@style=\toks67
\theorembodyfont=\toks68
\theoremnumbering=\toks69
\theorempreskipamount=\skip265
\theorempostskipamount=\skip266
\theoremframepreskipamount=\skip267
\theoremframepostskipamount=\skip268
\theoreminframepreskipamount=\skip269
\theoreminframepostskipamount=\skip270
\theorem@preskip=\toks70
\theorem@postskip=\toks71
\theorem@framepreskip=\toks72
\theorem@framepostskip=\toks73
\theorem@inframepreskip=\toks74
\theorem@inframepostskip=\toks75
\theoremindent=\dimen365
\theorem@indent=\dimen366
\theoremrightindent=\dimen367
\theorem@rightindent=\dimen368
\theoremheaderfont=\toks76
\theoremseparator=\toks77
\theoremprework=\toks78
\theorempostwork=\toks79
\theoremsymbol=\toks80
\qedsymbol=\toks81
\theoremkeyword=\toks82
\qedsymbol=\toks83
\thm@topsep=\skip271
\thm@topsepadd=\skip272
Package ntheorem Info: Option `thmmarks' loaded on input line 1175.
\c@endNonectr=\count436
\c@currNonectr=\count437
\mysavskip=\skip273
Package ntheorem Info: option `amsmath' handling for `thmmarks' loaded on input
 line 1175.
\thm@amstmpdepth=\dimen369
\tagwidth=\dimen370
Package ntheorem Info: Option `amsthm' loaded on input line 1175.
\c@proof=\count438
\c@currproofctr=\count439
\c@endproofctr=\count440
)
([local-user]/AppData/Local/Programs/MiKTeX/tex/latex/thmtools/thmtools.sty
Package: thmtools 2023/05/04 v0.76
\thmt@toks=\toks84
\c@thmt@dummyctr=\count441

([local-user]/AppData/Local/Programs/MiKTeX/tex/latex/thmtools/thm-patch.sty
Package: thm-patch 2023/05/04 v0.76

([local-user]/AppData/Local/Programs/MiKTeX/tex/latex/thmtools/parseargs.sty
Package: parseargs 2023/05/04 v0.76
\@parsespec=\toks85
)) ([local-user]/AppData/Local/Programs/MiKTeX/tex/latex/thmtools/thm-kv.sty
Package: thm-kv 2023/05/04 v0.76
Package thm-kv Info: Theorem names will be uppercased on input line 42.
Package thm-kv Info: kvsetkeys patch (v1.16 or later) on input line 158.
)
([local-user]/AppData/Local/Programs/MiKTeX/tex/latex/thmtools/thm-autoref.s
ty
Package: thm-autoref 2023/05/04 v0.76

([local-user]/AppData/Local/Programs/MiKTeX/tex/latex/thmtools/aliasctr.sty
Package: aliasctr 2023/05/04 v0.76
))
([local-user]/AppData/Local/Programs/MiKTeX/tex/latex/thmtools/thm-listof.st
y
Package: thm-listof 2023/05/04 v0.76
)
([local-user]/AppData/Local/Programs/MiKTeX/tex/latex/thmtools/thm-restate.s
ty
Package: thm-restate 2023/05/04 v0.76
)
([local-user]/AppData/Local/Programs/MiKTeX/tex/latex/thmtools/thm-ntheorem.
sty
Package: thm-ntheorem 2023/05/04 v0.76
))
([local-user]/AppData/Local/Programs/MiKTeX/tex/latex/cleveref/cleveref.sty
Package: cleveref 2018/03/27 v0.21.4 Intelligent cross-referencing
Package cleveref Info: `hyperref' support loaded on input line 2370.
LaTeX Info: Redefining \cref on input line 2370.
LaTeX Info: Redefining \Cref on input line 2370.
LaTeX Info: Redefining \crefrange on input line 2370.
LaTeX Info: Redefining \Crefrange on input line 2370.
LaTeX Info: Redefining \cpageref on input line 2370.
LaTeX Info: Redefining \Cpageref on input line 2370.
LaTeX Info: Redefining \cpagerefrange on input line 2370.
LaTeX Info: Redefining \Cpagerefrange on input line 2370.
LaTeX Info: Redefining \labelcref on input line 2370.
LaTeX Info: Redefining \labelcpageref on input line 2370.
Package cleveref Info: `ntheorem' support loaded on input line 3055.
Package cleveref Info: always capitalise cross-reference names on input line 78
30.
Package cleveref Info: include cross-reference names in hyperlinks on input lin
e 7836.
Package cleveref Info: always capitalise cross-reference names on input line 78
52.
Package cleveref Info: include cross-reference names in hyperlinks on input lin
e 7852.
)
==> First Aid for cleveref.sty applied!
(../../open-logic-locale.sty) (../../locale/ar/open-logic-locale.sty)
(../../sty/open-logic-referencing.sty
File: open-logic-referencing.sty 
) (../../sty/open-logic-formulas.sty
File: open-logic-formulas 
)
(../../sty/open-logic-tokenize.sty
File: open-logic-tokenize 
Package babel Info: Making ! an active character on input line 116.
) (../../sty/open-logic-selective.sty
File: open-logic-selective.sty 

([local-user]/AppData/Local/Programs/MiKTeX/tex/latex/xpunctuate/xpunctuate.
sty
Package: xpunctuate 2023/08/13 v2.0 punctuation after command names (PGR)
 ([local-user]/AppData/Local/Programs/MiKTeX/tex/latex/tools/xspace.sty
Package: xspace 2014/10/28 v1.13 Space after command names (DPC,MH)
)
\xpnct@tok=\toks86
)
\c@tagnum=\count442
) (../../sty/bussproofs-extra.sty

LaTeX Warning: You have requested file `',
               but the file provides `bussproofs-extra'.

Package: bussproofs-extra 2019/05/31 0.4 Extra commands for bussproofs.sty
\CenterCorrection=\dimen371
\DiagCorrection=\dimen372
\myBoxLLL=\box109
\myBoxRLL=\box110
) (../../sty/ptolemaicastronomy.sty

LaTeX Warning: You have requested file `',
               but the file provides `ptolemaicastronomy'.

Package: ptolemaicastronomy 
) (../../open-logic-config.sty
([local-user]/AppData/Local/Programs/MiKTeX/tex/latex/stmaryrd/stmaryrd.sty
Package: stmaryrd 1994/03/03 St Mary's Road symbol package
\symstmry=\mathgroup6
LaTeX Font Info:    Overwriting symbol font `stmry' in version `bold'
(Font)                  U/stmry/m/n --> U/stmry/b/n on input line 89.
)
Package open-logic-tokenize Info: Setting token height to height / heights on i
nput line 881.
Package open-logic-tokenize Info: Setting token hp to hp / hp on input line 882
.
Package open-logic-tokenize Info: Setting token depth to depth / depths on inpu
t line 888.

([local-user]/AppData/Local/Programs/MiKTeX/tex/generic/pgf/frontendlayer/ti
kz/libraries/tikzlibrarylindenmayersystems.code.tex
([local-user]/AppData/Local/Programs/MiKTeX/tex/generic/pgf/libraries/pgflib
rarylindenmayersystems.code.tex
\pgflsystemstep=\dimen373
\c@pgf@lsystem@iteration=\count443
))
Package open-logic-tokenize Info: Setting token language to language / language
s on input line 1357.
Package open-logic-tokenize Info: Setting token formula to formula / formulas o
n input line 1362.
Package open-logic-tokenize Info: Setting token subformula to subformula / subf
ormulas on input line 1367.
Package open-logic-tokenize Info: Setting token sentence to sentence / sentence
s on input line 1372.
Package open-logic-tokenize Info: Setting token variable to variable / variable
s on input line 1377.
Package open-logic-tokenize Info: Setting token propositional variable to propo
sitional variable / propositional variables on input line 1383.
Package open-logic-tokenize Info: Setting token constant to constant symbol / c
onstant symbols on input line 1388.
Package open-logic-tokenize Info: Setting token predicate to predicate symbol /
 predicate symbols on input line 1392.
Package open-logic-tokenize Info: Setting token function to function symbol / f
unction symbols on input line 1396.
Package open-logic-tokenize Info: Setting token operator to logical operator / 
logical operators on input line 1400.
Package open-logic-tokenize Info: Setting token main operator to main operator 
/ main operators on input line 1405.
Package open-logic-tokenize Info: Setting token free for to free for / free for
 on input line 1410.
Package open-logic-tokenize Info: Setting token identity to identity predicate 
/ identity predicates on input line 1415.
Package open-logic-tokenize Info: Setting token conditional to conditional / co
nditionals on input line 1420.
Package open-logic-tokenize Info: Setting token biconditional to biconditional 
/ biconditionals on input line 1425.
Package open-logic-tokenize Info: Setting token falsity to falsity / falsities 
on input line 1430.
Package open-logic-tokenize Info: Setting token truth to truth / truth on input
 line 1435.
Package open-logic-tokenize Info: Setting token structure to structure / struct
ures on input line 1440.
Package open-logic-tokenize Info: Setting token valuation to valuation / valuat
ions on input line 1444.
Package open-logic-tokenize Info: Setting token domain to domain / domains on i
nput line 1448.
Package open-logic-tokenize Info: Setting token value to value / values on inpu
t line 1452.
Package open-logic-tokenize Info: Setting token relational model to relational 
model / relational models on input line 1457.
Package open-logic-tokenize Info: Setting token derivation to derivation / deri
vations on input line 1461.
Package open-logic-tokenize Info: Setting token derive to derive / derives on i
nput line 1465.
Package open-logic-tokenize Info: Setting token derivable to derivable / deriva
ble on input line 1469.
Package open-logic-tokenize Info: Setting token derivability to derivability / 
derivabilities on input line 1473.
Package open-logic-tokenize Info: Setting token nonderivability to non-derivabi
lity / non-derivabilities on input line 1477.
Package open-logic-tokenize Info: Setting token proof to derivation / derivatio
ns on input line 1483.
Package open-logic-tokenize Info: Setting token prove to derive / derives on in
put line 1484.
Package open-logic-tokenize Info: Setting token proving to deriving / deriving 
on input line 1485.
Package open-logic-tokenize Info: Setting token provable to derivable / derivab
le on input line 1486.
Package open-logic-tokenize Info: Setting token provability to derivability / d
erivabilities on input line 1487.
Package open-logic-tokenize Info: Setting token nonprovability to non-derivabil
ity / non-derivabilities on input line 1488.
Package open-logic-tokenize Info: Setting token introduction to introduction / 
introductions on input line 1490.
Package open-logic-tokenize Info: Setting token elimination to elimination / el
imination on input line 1491.
Package open-logic-tokenize Info: Setting token tableau to tableau / tableaux o
n input line 1495.
Package open-logic-tokenize Info: Setting token signed formula to signed formul
a / signed formulas on input line 1499.
Package open-logic-tokenize Info: Setting token complete to complete / complete
 on input line 1503.
Package open-logic-tokenize Info: Setting token axiomatizable to axiomatizable 
/ axiomatizable on input line 1507.
Package open-logic-tokenize Info: Setting token axiomatized to axiomatized / ax
iomatized on input line 1508.
Package open-logic-tokenize Info: Setting token axiomatizability to axiomatizab
ility / axiomatizability on input line 1509.
Package open-logic-tokenize Info: Setting token represents to represents / repr
esent on input line 1513.
Package open-logic-tokenize Info: Setting token representable to representable 
/ representable on input line 1514.
Package open-logic-tokenize Info: Setting token discharge to discharge / discha
rges on input line 1519.
Package open-logic-tokenize Info: Setting token discharged to discharged / disc
harged on input line 1520.
Package open-logic-tokenize Info: Setting token undischarged to undischarged / 
undischarged on input line 1521.
Package open-logic-tokenize Info: Setting token complete to complete / complete
 on input line 1525.
Package open-logic-tokenize Info: Setting token enumerable to enumerable / enum
erable on input line 1530.
Package open-logic-tokenize Info: Setting token nonenumerable to non-enumerable
 / non-enumerable on input line 1535.
Package open-logic-tokenize Info: Setting token denumerable to denumerable / de
numerable on input line 1540.
Package open-logic-tokenize Info: Setting token element to element / elements o
n input line 1544.
Package open-logic-tokenize Info: Setting token injective to injective / inject
ive on input line 1549.
Package open-logic-tokenize Info: Setting token injection to injection / inject
ions on input line 1550.
Package open-logic-tokenize Info: Setting token surjective to surjective / surj
ective on input line 1554.
Package open-logic-tokenize Info: Setting token surjection to surjection / surj
ections on input line 1555.
Package open-logic-tokenize Info: Setting token bijective to bijective / biject
ive on input line 1560.
Package open-logic-tokenize Info: Setting token bijection to bijection / biject
ions on input line 1561.
Package open-logic-tokenize Info: Setting token decidable to decidable / decida
ble on input line 1565.
Package open-logic-tokenize Info: Setting token computably enumerable to comput
ably enumerable / computably enumerable on input line 1567.
Package open-logic-tokenize Info: Setting token c.e. to c.e.\spacefactor \@m {}
 / c.e.\spacefactor \@m {} on input line 1568.
Package open-logic-tokenize Info: Setting token argument to argument / argument
s on input line 1570.
Package open-logic-tokenize Info: Setting token parameter to parameter / parame
ters on input line 1571.
Package open-logic-tokenize Info: Setting token lambda define to $\lambd $-defi
ne / $\lambd $-defines on input line 1575.
Package open-logic-tokenize Info: Setting token lambda defined to $\lambd $-def
ined / $\lambd $-defined on input line 1577.
Package open-logic-tokenize Info: Setting token lambda definable to $\lambd $-d
efinable / $\lambd $-definable on input line 1578.
Package open-logic-tokenize Info: Setting token colorC to red / red on input li
ne 1677.
Package open-logic-tokenize Info: Setting token colorD to blue / blue on input 
line 1678.
)
Package open-logic-tokenize Info: Setting token colorE to green / green on inpu
t line 141.
 (../../locale/ar/open-logic-config.sty
Package open-logic-tokenize Info: Setting token element to عنصر / عناص
ر on input line 11.
Package open-logic-tokenize Info: Setting token formula to صيغة / صيغ on
 input line 12.
Package open-logic-tokenize Info: Setting token subformula to صيغة جزئ
ية / صيغ جزئية on input line 13.
Package open-logic-tokenize Info: Setting token sentence to جملة / جمل o
n input line 14.
Package open-logic-tokenize Info: Setting token variable to متغير / مت
غيرات on input line 15.
Package open-logic-tokenize Info: Setting token constant to رمز ثابت / 
رموز ثابتة on input line 16.
Package open-logic-tokenize Info: Setting token propositional variable to مت
غير قضوي / متغيرات قضوية on input line 17.
Package open-logic-tokenize Info: Setting token operator to مؤثر منطق
ي / مؤثرات منطقية on input line 18.
Package open-logic-tokenize Info: Setting token main operator to المؤثر 
الرئيس / المؤثرات الرئيسة on input line 19.
Package open-logic-tokenize Info: Setting token conditional to شرط / شرو
ط on input line 20.
Package open-logic-tokenize Info: Setting token biconditional to شرط ثنا
ئي / شروط ثنائية on input line 21.
Package open-logic-tokenize Info: Setting token falsity to الكذب / الك
ذب on input line 22.
Package open-logic-tokenize Info: Setting token truth to الصدق / الصد
ق on input line 23.
Package open-logic-tokenize Info: Setting token denumerable to لا نهائي
ة قابلة للتعداد / لا نهائية قابلة للتعداد on i
nput line 24.
Package open-logic-tokenize Info: Setting token proof to برهان / براه
ين on input line 25.
Package open-logic-tokenize Info: Setting token prove to نبرهن / يبره
ن on input line 26.
Package open-logic-tokenize Info: Setting token proving to برهنة / بره
نة on input line 27.
Package open-logic-tokenize Info: Setting token provable to قابلة للب
رهنة / قابلة للبرهنة on input line 28.
Package open-logic-tokenize Info: Setting token derivation to اشتقاق / 
اشتقاقات on input line 29.
Package open-logic-tokenize Info: Setting token derive to اشتقاق / يش
تق on input line 30.
Package open-logic-tokenize Info: Setting token derivable to قابلة للا
شتقاق / قابلة للاشتقاق on input line 31.
Package open-logic-tokenize Info: Setting token derivability to قابلية 
الاشتقاق / قابلية الاشتقاق on input line 32.
Package open-logic-tokenize Info: Setting token nonderivability to عدم قا
بلية الاشتقاق / عدم قابلية الاشتقاق on input line 
33.
Package open-logic-tokenize Info: Setting token introduction to إدخال / 
إدخالات on input line 34.
Package open-logic-tokenize Info: Setting token elimination to حذف / عمل
يات حذف on input line 35.
Package open-logic-tokenize Info: Setting token height to ارتفاع / ار
تفاعات on input line 36.
Package open-logic-tokenize Info: Setting token depth to عمق / أعماق on
 input line 37.
Package open-logic-tokenize Info: Setting token hp to ح.ا. / ح.ا. on input 
line 38.
Package open-logic-tokenize Info: Setting token tableau to جدول دلالي 
/ جداول دلالية on input line 39.
Package open-logic-tokenize Info: Setting token signed formula to صيغة م
وقّعة / صيغ موقّعة on input line 40.
Package open-logic-tokenize Info: Setting token discharge to إسقاط / إس
قاطات on input line 41.
Package open-logic-tokenize Info: Setting token discharged to إسقاط / إ
سقاطات on input line 42.
Package open-logic-tokenize Info: Setting token undischarged to عدم إسق
اط / عدم إسقاط on input line 43.
Package open-logic-tokenize Info: Setting token structure to بنية / بنى 
on input line 44.
Package open-logic-tokenize Info: Setting token valuation to تقييم / تق
ييمات on input line 45.
Package open-logic-tokenize Info: Setting token identity to هوية / هوي
ات on input line 46.
Package open-logic-tokenize Info: Setting token complete to كاملة / كا
ملة on input line 47.
Package open-logic-tokenize Info: Setting token axiomatizability to قابلي
ة المحورة / قابلية المحورة on input line 48.
Package open-logic-tokenize Info: Setting token axiomatizable to قابلة ل
لمحورة / قابلة للمحورة on input line 49.
Package open-logic-tokenize Info: Setting token axiomatized to مؤكسمة / 
مؤكسمة on input line 50.
Package open-logic-tokenize Info: Setting token represents to تمثّل / ت
مثّل on input line 51.
Package open-logic-tokenize Info: Setting token domain to مجال / مجال
ات on input line 52.
Package open-logic-tokenize Info: Setting token function to دالة / دوا
ل on input line 53.
Package open-logic-tokenize Info: Setting token predicate to محمول / مح
مولات on input line 54.
Package open-logic-tokenize Info: Setting token value to قيمة / قيم on i
nput line 55.
Package open-logic-tokenize Info: Setting token language to لغة / لغات o
n input line 56.
Package open-logic-tokenize Info: Setting token free for to حرًّا للإ
حلال محلّ / حرًّا للإحلال محلّ on input line 57.
Package open-logic-tokenize Info: Setting token surjective to شاملة / ش
املة on input line 58.
Package open-logic-tokenize Info: Setting token surjection to دالة شام
لة / دوال شاملة on input line 59.
Package open-logic-tokenize Info: Setting token injective to متباينة / 
متباينة on input line 60.
Package open-logic-tokenize Info: Setting token injection to دالة متبا
ينة / دوال متباينة on input line 61.
Package open-logic-tokenize Info: Setting token bijective to تقابلية / 
تقابلية on input line 62.
Package open-logic-tokenize Info: Setting token bijection to دالة تقاب
لية / دوال تقابلية on input line 63.
Package open-logic-tokenize Info: Setting token enumerable to قابلة لل
تعداد / قابلة للتعداد on input line 64.
Package open-logic-tokenize Info: Setting token nonenumerable to غير قاب
لة للتعداد / غير قابلة للتعداد on input line 65.
Package open-logic-tokenize Info: Setting token lambda define to يعرّف ب
لامبدا / يعرّف بلامبدا on input line 66.
Package open-logic-tokenize Info: Setting token lambda defined to معرّفة 
بلامبدا / معرّفة بلامبدا on input line 67.
Package open-logic-tokenize Info: Setting token lambda definable to قابلة 
للتعريف بلامبدا / قابلة للتعريف بلامبدا on inp
ut line 68.
Package open-logic-tokenize Info: Setting token parameter to معلمة / مع
لمات on input line 69.
Package open-logic-tokenize Info: Setting token decidable to قابلة للق
رار / قابلة للقرار on input line 70.
Package open-logic-tokenize Info: Setting token computably enumerable to قا
بلة للتعداد حسابيًا / قابلة للتعداد حسابيً
ا on input line 71.
Package open-logic-tokenize Info: Setting token c.e. to قابلة للتعد
اد حسابيًا / قابلة للتعداد حسابيًا on input line 72
.
)
(../../open-logic-envs.sty
\c@currthmctr=\count444
\c@endthmctr=\count445
\c@thm=\count446
\c@currexctr=\count447
\c@endexctr=\count448
\c@currlemctr=\count449
\c@endlemctr=\count450
\c@currpropctr=\count451
\c@endpropctr=\count452
\c@currcorctr=\count453
\c@endcorctr=\count454
\c@currdefnctr=\count455
\c@enddefnctr=\count456
\c@currprobctr=\count457
\c@endprobctr=\count458
\c@prob=\count459
\c@currprobdctr=\count460
\c@endprobdctr=\count461
\c@probd=\count462
\c@curraxiomctr=\count463
\c@endaxiomctr=\count464
\c@axiom=\count465
\c@currremctr=\count466
\c@endremctr=\count467
\c@rem=\count468
\c@currnotectr=\count469
\c@endnotectr=\count470
\c@note=\count471
\c@currcasectr=\count472
\c@endcasectr=\count473
\c@case=\count474
\c@currconvctr=\count475
\c@endconvctr=\count476
\c@conv=\count477
)
\gnBoxA=\box111
\gnCornerHgt=\dimen374
LaTeX Font Info:    Trying to load font information for U+msa on input line 220
.

([local-user]/AppData/Local/Programs/MiKTeX/tex/latex/amsfonts/umsa.fd
File: umsa.fd 2013/01/14 v3.01 AMS symbols A
)
LaTeX Font Info:    Trying to load font information for U+msb on input line 220
.

([local-user]/AppData/Local/Programs/MiKTeX/tex/latex/amsfonts/umsb.fd
File: umsb.fd 2013/01/14 v3.01 AMS symbols B
)
LaTeX Font Info:    Trying to load font information for U+stmry on input line 2
20.

([local-user]/AppData/Local/Programs/MiKTeX/tex/latex/stmaryrd/ustmry.fd)
\gnArgHgt=\dimen375
\symsymbolsC=\mathgroup7
\c@pcrdepth=\count478
\olphotowidth=\skip274
)
(../../sty/open-logic-defer.sty
File: open-logic-defer.sty 

([local-user]/AppData/Local/Programs/MiKTeX/tex/latex/answers/answers.sty
Package: answers 2014/08/24 v2.16 Production of solution sheets in LaTeX2e
)
\c@probdeferred=\count479
\c@probdeferredtag=\count480

Output from handle open-logic-complete-ar-classical-eastern-rtl going to open-l
ogic-complete-ar-classical-eastern-rtl.prb
\open-logic-complete-ar-classical-eastern-rtl@file=\write6

\openout6 = open-logic-complete-ar-classical-eastern-rtl.prb
) (../ar-classical-presentation/open-logic-materialization-contract.tex
OL-CLASSICAL-MATERIALIZATION=source-addressed-wrappers-v2
OL-CLASSICAL-MATERIALIZATION-STATUS=PASS
OL-CLASSICAL-MATERIALIZATION-MODE=final
OL-CLASSICAL-MATERIALIZATION-RELEASE-ELIGIBLE=true
OL-CLASSICAL-MATERIALIZATION-SOURCE-TREE-SHA256=1F11EA7976DF237FB18DD8F98506800
BE9612A3881006F4B70980C46221C8EB5
OL-CLASSICAL-MATERIALIZATION-PRESENTATION-TREE-SHA256=405EA900B2FBF26F50197E614
1D715EE209F7B784FE311C22CEB9D287C99A657
OL-CLASSICAL-MATERIALIZATION-COVERAGE=formulas-39138;ascii-99479;text-digits-58
18;greek-12961;replacements-66928;untreated-0
) (./open-logic-numerals-ar-classical.tex
File: open-logic-numerals-ar-classical.tex 2026/09/04 opt-in Eastern Arabic cou
nters
)
Package hyperref Info: Option `unicode' set `true' on input line 152.
Package hyperref Info: Option `hypertexnames' set `false' on input line 152.
Package hyperref Info: Option `bookmarksnumbered' set `true' on input line 152.


(./open-logic-letters-ar-classical.tex

Package fontspec Info: 
(fontspec)             Language 'Arabic' not explicitly supported within font
(fontspec)             'Scheherazade-Regular' with script 'Arabic'. Check the
(fontspec)             typeset output, and if it is okay then ignore this
(fontspec)             warning. Otherwise a different font should be chosen.


Package fontspec Info: 
(fontspec)             Scheherazade-Regular scale = 1.08.


Package fontspec Info: 
(fontspec)             Scheherazade-Regular scale = 1.08.


Package fontspec Info: 
(fontspec)             Font family 'Scheherazade-Regular.ttf(0)' created for
(fontspec)             font 'Scheherazade-Regular.ttf' with options
(fontspec)             [Path=../../../00_control/fonts/scheherazade-2.100/,Rend
erer=HarfBuzz,Script=Arabic,Language=Arabic,Scale=1.08].
(fontspec)              
(fontspec)              This font family consists of the following NFSS
(fontspec)             series/shapes:
(fontspec)              
(fontspec)             - 'normal' (m/n) with NFSS spec.:
(fontspec)             <->s*[1.08]"[../../../00_control/fonts/scheherazade-2.10
0/Scheherazade-Regular.ttf]:mode=harf;script=arab;language=ARA;"

)
OL-CLASSICAL-LETTERS=typed-opt-in-nucleus-v1
OL-CLASSICAL-LETTER-UNKNOWN=fatal
(./open-logic-sets-ar-classical.tex)
OL-ARABIC-SETS=typed-dynamic-xits-v2
OL-ARABIC-SETS-NAT-INCLUDES-ZERO=true
(./open-logic-rtl-math.tex
File: open-logic-rtl-math.tex 2026/09/05 opt-in structured RTL mathematics prob
e
\OLClassicalSavedMathDirection=\count481
\OLClassicalDesiredMathDirection=\count482
\OLClassicalSavedLessMathCode=\count483
\OLClassicalSavedGreaterMathCode=\count484
\OLClassicalRTLRegistryPairCount=\count485
\OLClassicalRTLRegistryInvariantCount=\count486
\OLClassicalRTLRegistryAliasCount=\count487
\OLClassicalRTLRegistryFallbackCount=\count488
\OLClassicalRTLRegistryAccentCount=\count489
\OLClassicalSavedEveryMath=\toks87
\OLClassicalSavedEveryDisplay=\toks88
\OLClassicalInstalledEveryMath=\toks89
\OLClassicalInstalledEveryDisplay=\toks90
)
OL-CLASSICAL-RTL-MATH=native-mathdirection-TRT
OL-CLASSICAL-RTL-MATH-SOURCE-ORDER=unchanged
OL-CLASSICAL-RTL-MATH-MIRRORING=typed-registry-and-scoped-ltr-v5
OL-CLASSICAL-RTL-MATH-NONDIRECTIONAL-ACCENTS=boxed-registry-v3
OL-CLASSICAL-RTL-MATH-TAGS=physical-left-v1
)
Package hyperref Info: Option `unicode' set `true' on input line 19.
\tikzscale@accuracy=\skip275

No file open-logic-complete-ar-classical-eastern-rtl.aux.

\openout1 = open-logic-complete-ar-classical-eastern-rtl.aux
LaTeX Font Info:    Checking defaults for OML/cmm/m/it on input line 26.
LaTeX Font Info:    ... okay on input line 26.
LaTeX Font Info:    Checking defaults for OMS/cmsy/m/n on input line 26.
LaTeX Font Info:    ... okay on input line 26.
LaTeX Font Info:    Checking defaults for OT1/cmr/m/n on input line 26.
LaTeX Font Info:    ... okay on input line 26.
LaTeX Font Info:    Checking defaults for T1/cmr/m/n on input line 26.
LaTeX Font Info:    ... okay on input line 26.
LaTeX Font Info:    Checking defaults for TS1/cmr/m/n on input line 26.
LaTeX Font Info:    ... okay on input line 26.
LaTeX Font Info:    Checking defaults for TU/lmr/m/n on input line 26.
LaTeX Font Info:    ... okay on input line 26.
LaTeX Font Info:    Checking defaults for OMX/cmex/m/n on input line 26.
LaTeX Font Info:    ... okay on input line 26.
LaTeX Font Info:    Checking defaults for U/cmr/m/n on input line 26.
LaTeX Font Info:    ... okay on input line 26.
LaTeX Font Info:    Checking defaults for PD1/pdf/m/n on input line 26.
LaTeX Font Info:    ... okay on input line 26.
LaTeX Font Info:    Checking defaults for PU/pdf/m/n on input line 26.
LaTeX Font Info:    ... okay on input line 26.

Class memoir Warning: \addtodef is marked deprecated and will be
(memoir)              removed in 2026, use instead \patchcmd,
(memoir)              \pretocmd or \apptocmd from the etoolbox package
(memoir)              (which is autoloaded by the class) on input line 26.


Package fontspec Info: 
(fontspec)             Adjusting the maths setup (use [no-math] to avoid
(fontspec)             this).

\symlegacymaths=\mathgroup8
LaTeX Font Info:    Overwriting symbol font `legacymaths' in version `bold'
(Font)                  OT1/cmr/m/n --> OT1/cmr/bx/n on input line 26.
LaTeX Font Info:    Redeclaring math accent \acute on input line 26.
LaTeX Font Info:    Redeclaring math accent \grave on input line 26.
LaTeX Font Info:    Redeclaring math accent \ddot on input line 26.
LaTeX Font Info:    Redeclaring math accent \tilde on input line 26.
LaTeX Font Info:    Redeclaring math accent \bar on input line 26.
LaTeX Font Info:    Redeclaring math accent \breve on input line 26.
LaTeX Font Info:    Redeclaring math accent \check on input line 26.
LaTeX Font Info:    Redeclaring math accent \hat on input line 26.
LaTeX Font Info:    Redeclaring math accent \dot on input line 26.
LaTeX Font Info:    Redeclaring math accent \mathring on input line 26.
LaTeX Font Info:    Redeclaring math symbol \Gamma on input line 26.
LaTeX Font Info:    Redeclaring math symbol \Delta on input line 26.
LaTeX Font Info:    Redeclaring math symbol \Theta on input line 26.
LaTeX Font Info:    Redeclaring math symbol \Lambda on input line 26.
LaTeX Font Info:    Redeclaring math symbol \Xi on input line 26.
LaTeX Font Info:    Redeclaring math symbol \Pi on input line 26.
LaTeX Font Info:    Redeclaring math symbol \Sigma on input line 26.
LaTeX Font Info:    Redeclaring math symbol \Upsilon on input line 26.
LaTeX Font Info:    Redeclaring math symbol \Phi on input line 26.
LaTeX Font Info:    Redeclaring math symbol \Psi on input line 26.
LaTeX Font Info:    Redeclaring math symbol \Omega on input line 26.
LaTeX Font Info:    Redeclaring math symbol \mathdollar on input line 26.
LaTeX Font Info:    Redeclaring symbol font `operators' on input line 26.
LaTeX Font Info:    Encoding `OT1' has changed to `TU' for symbol font
(Font)              `operators' in the math version `normal' on input line 26.
LaTeX Font Info:    Overwriting symbol font `operators' in version `normal'
(Font)                  OT1/cmr/m/n --> TU/TeXGyrePagella(0)/m/n on input line 
26.
LaTeX Font Info:    Encoding `OT1' has changed to `TU' for symbol font
(Font)              `operators' in the math version `bold' on input line 26.
LaTeX Font Info:    Overwriting symbol font `operators' in version `bold'
(Font)                  OT1/cmr/bx/n --> TU/TeXGyrePagella(0)/m/n on input line
 26.
LaTeX Font Info:    Overwriting symbol font `operators' in version `normal'
(Font)                  TU/TeXGyrePagella(0)/m/n --> TU/TeXGyrePagella(0)/m/n o
n input line 26.
LaTeX Font Info:    Overwriting math alphabet `\mathit' in version `normal'
(Font)                  OT1/cmr/m/it --> TU/TeXGyrePagella(0)/m/it on input lin
e 26.
LaTeX Font Info:    Overwriting math alphabet `\mathbf' in version `normal'
(Font)                  OT1/cmr/bx/n --> TU/TeXGyrePagella(0)/b/n on input line
 26.
LaTeX Font Info:    Overwriting math alphabet `\mathsf' in version `normal'
(Font)                  OT1/cmss/m/n --> TU/TeXGyreHeros(0)/m/n on input line 2
6.
LaTeX Font Info:    Overwriting math alphabet `\mathtt' in version `normal'
(Font)                  OT1/cmtt/m/n --> TU/LatinModernMono(0)/m/n on input lin
e 26.
LaTeX Font Info:    Overwriting symbol font `operators' in version `bold'
(Font)                  TU/TeXGyrePagella(0)/m/n --> TU/TeXGyrePagella(0)/b/n o
n input line 26.
LaTeX Font Info:    Overwriting math alphabet `\mathit' in version `bold'
(Font)                  OT1/cmr/bx/it --> TU/TeXGyrePagella(0)/b/it on input li
ne 26.
LaTeX Font Info:    Overwriting math alphabet `\mathsf' in version `bold'
(Font)                  OT1/cmss/bx/n --> TU/TeXGyreHeros(0)/b/n on input line 
26.
LaTeX Font Info:    Overwriting math alphabet `\mathtt' in version `bold'
(Font)                  OT1/cmtt/m/n --> TU/LatinModernMono(0)/b/n on input lin
e 26.

([local-user]/AppData/Local/Programs/MiKTeX/tex/context/base/mkii/supp-pdf.m
kii
[Loading MPS to PDF converter (version 2006.09.02).]
\scratchcounter=\count490
\scratchdimen=\dimen376
\scratchbox=\box112
\nofMPsegments=\count491
\nofMParguments=\count492
\everyMPshowfont=\toks91
\MPscratchCnt=\count493
\MPscratchDim=\dimen377
\MPnumerator=\count494
\makeMPintoPDFobject=\count495
\everyMPtoPDFconversion=\toks92
)
([local-user]/AppData/Local/Programs/MiKTeX/tex/latex/epstopdf-pkg/epstopdf-
base.sty
Package: epstopdf-base 2020-01-24 v2.11 Base part for package epstopdf
Package epstopdf-base Info: Redefining graphics rule for `.eps' on input line 4
85.

([local-user]/AppData/Local/Programs/MiKTeX/tex/latex/00miktex/epstopdf-sys.
cfg
File: epstopdf-sys.cfg 2021/03/18 v2.0 Configuration of epstopdf for MiKTeX
))

Package babel Info: The following font families will use the default
(babel)             settings for all or some languages:
(babel)             * \rmfamily = TeXGyrePagella(0)
(babel)               "name:TeX Gyre Pagella:mode=node;script=latn;language=dfl
t;+tlig;" at 14.4pt
(babel)             * \sffamily = TeXGyreHeros(0)
(babel)               "name:TeX Gyre Heros:mode=node;script=latn;language=dflt;
+tlig;" at 14.4pt
(babel)             * \ttfamily = LatinModernMono(0)
(babel)               "name:Latin Modern Mono:mode=node;script=latn;language=df
lt;" at 14.4pt
(babel)             There is nothing intrinsically wrong with it, but
(babel)             'babel' will no set Script and Language, which could
(babel)             be relevant in some languages. If your document uses
(babel)             these families, consider redefining them with \babelfont.
(babel)             Reported on input line 26.


Package fontspec Info: 
(fontspec)             Language 'Arabic' not explicitly supported within font
(fontspec)             'Scheherazade-Regular.ttf' with script 'Arabic'. Check
(fontspec)             the typeset output, and if it is okay then ignore this
(fontspec)             warning. Otherwise a different font should be chosen.


Package fontspec Info: 
(fontspec)             Scheherazade-Regular.ttf scale = 1.08.


Package fontspec Info: 
(fontspec)             Scheherazade-Regular scale = 1.08.


Package fontspec Info: 
(fontspec)             Scheherazade-Bold scale = 1.08.


Package fontspec Info: 
(fontspec)             Scheherazade-Regular scale = 1.08.


Package fontspec Info: 
(fontspec)             Font family 'Scheherazade-Regular.ttf(1)' created for
(fontspec)             font 'Scheherazade-Regular.ttf' with options
(fontspec)             [Renderer=Harfbuzz,Ligatures=TeX,Script=Arabic,Language=
Arabic,RawFeature={family=rm},Path=../../../00_control/fonts/scheherazade-2.100
/,UprightFont=Scheherazade-Regular.ttf,BoldFont=Scheherazade-Bold.ttf,AutoFakeS
lant=0.15,Renderer=HarfBuzz,Scale=1.08].
(fontspec)              
(fontspec)              This font family consists of the following NFSS
(fontspec)             series/shapes:
(fontspec)              
(fontspec)             - 'normal' (m/n) with NFSS spec.:
(fontspec)             <->s*[1.08]"[../../../00_control/fonts/scheherazade-2.10
0/Scheherazade-Regular.ttf]:mode=harf;script=arab;language=ARA;+tlig;family=rm;
"
(fontspec)             - 'bold' (b/n) with NFSS spec.:
(fontspec)             <->s*[1.08]"[../../../00_control/fonts/scheherazade-2.10
0/Scheherazade-Bold.ttf]:mode=harf;script=arab;language=ARA;+tlig;family=rm;"
(fontspec)             - 'italic' (m/it) with NFSS spec.:
(fontspec)             <->s*[1.08]"[../../../00_control/fonts/scheherazade-2.10
0/Scheherazade-Regular.ttf]:mode=harf;script=arab;language=ARA;slant=0.15;+tlig
;family=rm;"

LaTeX Font Info:    Font shape `TU/Scheherazade-Regular.ttf(1)/m/n' will be
(Font)              scaled to size 15.55202pt on input line 26.

Package fontspec Info: 
(fontspec)             Language 'Arabic' not explicitly supported within font
(fontspec)             'Scheherazade-Regular.ttf' with script 'Arabic'. Check
(fontspec)             the typeset output, and if it is okay then ignore this
(fontspec)             warning. Otherwise a different font should be chosen.


Package fontspec Info: 
(fontspec)             Scheherazade-Regular.ttf scale = 1.08.


Package fontspec Info: 
(fontspec)             Scheherazade-Regular scale = 1.08.


Package fontspec Info: 
(fontspec)             Scheherazade-Bold scale = 1.08.


Package fontspec Info: 
(fontspec)             Scheherazade-Regular scale = 1.08.


Package fontspec Info: 
(fontspec)             Font family 'Scheherazade-Regular.ttf(2)' created for
(fontspec)             font 'Scheherazade-Regular.ttf' with options
(fontspec)             [Renderer=Harfbuzz,Ligatures=TeX,Script=Arabic,Language=
Arabic,RawFeature={family=sf},Path=../../../00_control/fonts/scheherazade-2.100
/,UprightFont=Scheherazade-Regular.ttf,BoldFont=Scheherazade-Bold.ttf,AutoFakeS
lant=0.15,Renderer=HarfBuzz,Scale=1.08].
(fontspec)              
(fontspec)              This font family consists of the following NFSS
(fontspec)             series/shapes:
(fontspec)              
(fontspec)             - 'normal' (m/n) with NFSS spec.:
(fontspec)             <->s*[1.08]"[../../../00_control/fonts/scheherazade-2.10
0/Scheherazade-Regular.ttf]:mode=harf;script=arab;language=ARA;+tlig;family=sf;
"
(fontspec)             - 'bold' (b/n) with NFSS spec.:
(fontspec)             <->s*[1.08]"[../../../00_control/fonts/scheherazade-2.10
0/Scheherazade-Bold.ttf]:mode=harf;script=arab;language=ARA;+tlig;family=sf;"
(fontspec)             - 'italic' (m/it) with NFSS spec.:
(fontspec)             <->s*[1.08]"[../../../00_control/fonts/scheherazade-2.10
0/Scheherazade-Regular.ttf]:mode=harf;script=arab;language=ARA;slant=0.15;+tlig
;family=sf;"

LaTeX Font Info:    Font shape `TU/Scheherazade-Regular.ttf(2)/m/n' will be
(Font)              scaled to size 15.55202pt on input line 26.

Package fontspec Info: 
(fontspec)             Language 'Arabic' not explicitly supported within font
(fontspec)             'DejaVu Sans Mono' with script 'Arabic'. Check the
(fontspec)             typeset output, and if it is okay then ignore this
(fontspec)             warning. Otherwise a different font should be chosen.


Package fontspec Info: 
(fontspec)             Font family 'DejaVuSansMono(0)' created for font
(fontspec)             'DejaVu Sans Mono' with options
(fontspec)             [Renderer=Harfbuzz,WordSpace={1,0,0},HyphenChar=None,Pun
ctuationSpace=WordSpace,Script=Arabic,Language=Arabic,RawFeature={family=tt}].
(fontspec)              
(fontspec)              This font family consists of the following NFSS
(fontspec)             series/shapes:
(fontspec)              
(fontspec)             - 'normal' (m/n) with NFSS spec.: <->"name:DejaVu Sans
(fontspec)             Mono:mode=harf;script=arab;language=ARA;family=tt;"
(fontspec)             - 'bold' (b/n) with NFSS spec.: <->"name:DejaVu Sans
(fontspec)             Mono/B:mode=harf;script=arab;language=ARA;family=tt;"
(fontspec)             - 'italic' (m/it) with NFSS spec.: <->"name:DejaVu Sans
(fontspec)             Mono/I:mode=harf;script=arab;language=ARA;family=tt;"
(fontspec)             - 'bold italic' (b/it) with NFSS spec.: <->"name:DejaVu
(fontspec)             Sans
(fontspec)             Mono/BI:mode=harf;script=arab;language=ARA;family=tt;"

Removing  `Babel.pre_otfload_h' from `hpack_filter'.
Removing  `luaotfload.node_processor' from `hpack_filter'.
Removing  `luaotfload.harf.finalize_hlist' from `hpack_filter'.
Inserting `Babel.math_box_dir' in `hpack_filter'.
Inserting `Babel.pre_otfload_h' in `hpack_filter'.
Inserting `luaotfload.node_processor' in `hpack_filter'.
Inserting `luaotfload.harf.finalize_hlist' in `hpack_filter'.
Inserting `Babel.unset_atdir' in `pre_linebreak_filter'.
Inserting `Babel.unset_atdir' in `hpack_filter'.
Package hyperref Info: Link coloring ON on input line 26.
\@outlinefile=\write7

\openout7 = open-logic-complete-ar-classical-eastern-rtl.out
OLC-RTL-MATH-LIST-HOOKS=everymath+everydisplay-tail-v1
OLC-RTL-REGISTRY-PAIR=rightarrow/leftarrow/simple/mathrel/UTR25-formula-relativ
e
OLC-RTL-REGISTRY-PAIR=longrightarrow/longleftarrow/long-single/mathrel/UTR25-fo
rmula-relative
OLC-RTL-REGISTRY-PAIR=Rightarrow/Leftarrow/simple/mathrel/UTR25-formula-relativ
e
OLC-RTL-REGISTRY-PAIR=Longrightarrow/Longleftarrow/long-double/mathrel/UTR25-fo
rmula-relative
OLC-RTL-REGISTRY-PAIR=xrightarrow/xleftarrow/boxed-x-arrow/mathrel/pinned-amsma
th-extensible-pair
OLC-RTL-REGISTRY-PAIR=xLongrightarrow/xLongleftarrow/boxed-x-long-double-arrow/
mathrel/pinned-extarrows-extensible-pair
OLC-RTL-REGISTRY-PAIR=mapsto/OLClassicalMapsFrom/mapsto/mathrel/formula-relativ
e-map
OLC-RTL-REGISTRY-PAIR=longmapsto/OLClassicalLongMapsFrom/long-mapsto/mathrel/fo
rmula-relative-map
OLC-RTL-REGISTRY-PAIR=boxright/OLClassicalBoxLeft/simple/mathbin/pinned-ntxsyc-
slot-pair
OLC-RTL-REGISTRY-PAIR=fishhookright/OLClassicalFishhookLeft/simple/mathbin/pinn
ed-ntxsyc-slot-pair
OLC-RTL-REGISTRY-PAIR=literal-lt/literal-gt/literal/mathrel/Unicode-BidiMirrori
ng
OLC-RTL-REGISTRY-PAIR=leq/geq/simple/mathrel/Unicode-BidiMirroring
OLC-RTL-REGISTRY-PAIR=in/ni/simple/mathrel/Unicode-BidiMirroring
OLC-RTL-REGISTRY-PAIR=prec/succ/simple/mathrel/Unicode-BidiMirroring
OLC-RTL-REGISTRY-PAIR=preceq/succeq/simple/mathrel/Unicode-BidiMirroring
OLC-RTL-REGISTRY-PAIR=npreceq/nsucceq/simple/mathrel/Unicode-BidiMirroring
OLC-RTL-REGISTRY-PAIR=preccurlyeq/succcurlyeq/simple/mathrel/Unicode-BidiMirror
ing
OLC-RTL-REGISTRY-PAIR=precsim/succsim/simple/mathrel/Unicode-BidiMirroring
OLC-RTL-REGISTRY-PAIR=nless/ngtr/simple/mathrel/Unicode-BidiMirroring
OLC-RTL-REGISTRY-PAIR=lessdot/gtrdot/simple/mathbin/pinned-ams-symbol-pair
OLC-RTL-REGISTRY-PAIR=varolessthan/varogreaterthan/simple/mathbin/pinned-stmary
rd-pair
OLC-RTL-REGISTRY-PAIR=subset/supset/simple/mathrel/Unicode-BidiMirroring
OLC-RTL-REGISTRY-PAIR=subseteq/supseteq/simple/mathrel/Unicode-BidiMirroring
OLC-RTL-REGISTRY-PAIR=nsubseteq/nsupseteq/simple/mathrel/Unicode-BidiMirroring
OLC-RTL-REGISTRY-PAIR=subsetneq/supsetneq/simple/mathrel/Unicode-BidiMirroring
OLC-RTL-REGISTRY-PAIR=sqsubset/sqsupset/simple/mathrel/Unicode-BidiMirroring
OLC-RTL-REGISTRY-PAIR=sqsubseteq/sqsupseteq/simple/mathrel/Unicode-BidiMirrorin
g
OLC-RTL-REGISTRY-PAIR=upharpoonright/upharpoonleft/simple/mathrel/Unicode-BidiM
irroring
OLC-RTL-REGISTRY-PAIR=lhd/rhd/simple/mathbin/Unicode-BidiMirroring
OLC-RTL-REGISTRY-PAIR=vdash/dashv/simple/mathrel/Unicode-BidiMirroring
OLC-RTL-REGISTRY-PAIR=overrightarrow/overleftarrow/over-accent/mathord/formula-
relative-accent
OLC-RTL-REGISTRY-PAIR=underrightarrow/underleftarrow/under-accent/mathord/formu
la-relative-accent
OLC-RTL-REGISTRY-ALIAS=to/rightarrow/leftarrow
OLC-RTL-REGISTRY-ALIAS=gets/leftarrow/rightarrow
OLC-RTL-REGISTRY-ALIAS=le/leq/geq
OLC-RTL-REGISTRY-ALIAS=ge/geq/leq
OLC-RTL-REGISTRY-ALIAS=owns/ni/in
OLC-RTL-REGISTRY-ALIAS=restriction/upharpoonright/upharpoonleft
OLC-RTL-REGISTRY-INVARIANT=leftrightarrow/symmetric
OLC-RTL-REGISTRY-INVARIANT=longleftrightarrow/derived-symmetric
OLC-RTL-REGISTRY-INVARIANT=Leftrightarrow/symmetric
OLC-RTL-REGISTRY-INVARIANT=Longleftrightarrow/derived-symmetric
OLC-RTL-REGISTRY-INVARIANT=equiv/symmetric
OLC-RTL-REGISTRY-INVARIANT=sim/symmetric
OLC-RTL-REGISTRY-INVARIANT=simeq/symmetric
OLC-RTL-REGISTRY-INVARIANT=approx/symmetric
OLC-RTL-REGISTRY-INVARIANT=land/symmetric
OLC-RTL-REGISTRY-INVARIANT=lor/symmetric
OLC-RTL-REGISTRY-INVARIANT=models/engine-composite
OLC-RTL-REGISTRY-INVARIANT=ddots/engine-composite-mirror
OLC-RTL-REGISTRY-INVARIANT=iddots/engine-composite-mirror
OLC-RTL-REGISTRY-INVARIANT=triangleright/semantic-left-end-sentinel
OLC-RTL-REGISTRY-FALLBACK=nvdash/scoped-ltr-atom/mathrel/no-proven-negated-left
-tack-peer
OLC-RTL-REGISTRY-FALLBACK=vDash/scoped-ltr-atom/mathrel/no-proven-reverse-seman
tic-tack-peer
OLC-RTL-REGISTRY-FALLBACK=nvDash/scoped-ltr-atom/mathrel/no-proven-negated-reve
rse-semantic-tack-peer
OLC-RTL-REGISTRY-FALLBACK=Vdash/scoped-ltr-atom/mathrel/no-proven-reverse-forci
ng-tack-peer
OLC-RTL-REGISTRY-FALLBACK=nVdash/scoped-ltr-atom/mathrel/no-proven-negated-reve
rse-forcing-tack-peer
OLC-RTL-REGISTRY-FALLBACK=notin/scoped-ltr-atom/mathrel/no-proven-negated-rever
se-membership-peer
OLC-RTL-REGISTRY-FALLBACK=pto/scoped-ltr-atom/mathrel/preserve-custom-partial-m
ap-overlay
OLC-RTL-REGISTRY-FALLBACK=rlexless/scoped-ltr-atom/mathrel/preserve-project-sph
erical-order-glyph
OLC-RTL-REGISTRY-FALLBACK=xrightarrowdbl/scoped-ltr-optional-mandatory/mathrel/
preserve-custom-double-shaft-overlay
OLC-RTL-REGISTRY-BOXED-ACCENT=acute/mathord/kernel-mathaccent-placement-repair
OLC-RTL-REGISTRY-BOXED-ACCENT=grave/mathord/kernel-mathaccent-placement-repair
OLC-RTL-REGISTRY-BOXED-ACCENT=ddot/mathord/kernel-mathaccent-placement-repair
OLC-RTL-REGISTRY-BOXED-ACCENT=tilde/mathord/kernel-mathaccent-placement-repair
OLC-RTL-REGISTRY-BOXED-ACCENT=bar/mathord/kernel-mathaccent-placement-repair
OLC-RTL-REGISTRY-BOXED-ACCENT=breve/mathord/kernel-mathaccent-placement-repair
OLC-RTL-REGISTRY-BOXED-ACCENT=check/mathord/kernel-mathaccent-placement-repair
OLC-RTL-REGISTRY-BOXED-ACCENT=hat/mathord/kernel-mathaccent-placement-repair
OLC-RTL-REGISTRY-BOXED-ACCENT=vec/mathord/notation-invariant-vector-accent-plac
ement-repair
OLC-RTL-REGISTRY-BOXED-ACCENT=dot/mathord/kernel-mathaccent-placement-repair
OLC-RTL-REGISTRY-BOXED-ACCENT=widetilde/mathord/kernel-mathaccent-placement-rep
air
OLC-RTL-REGISTRY-BOXED-ACCENT=widehat/mathord/kernel-mathaccent-placement-repai
r
OLC-RTL-REGISTRY-BOXED-ACCENT=mathring/mathord/kernel-mathaccent-placement-repa
ir
OLC-RTL-REGISTRY=typed-coverage-v5
OLC-RTL-REGISTRY-COUNTS=pairs-32;aliases-6;invariants-14;fallbacks-9;boxed-acce
nts-13
OLC-RTL-LITERAL-FENCE=40;math=4,8,40;delimiter=8,40,3,0
OLC-RTL-LITERAL-FENCE=41;math=5,8,41;delimiter=8,41,3,1
OLC-RTL-LITERAL-FENCE=91;math=4,8,91;delimiter=8,91,3,2
OLC-RTL-LITERAL-FENCE=93;math=5,8,93;delimiter=8,93,3,3
OLC-RTL-DELIMITERS=6-named-pairs;4-literal-faces;source-classes-preserved
Inserting `openlogic.classical.rtl_math.ensure_math_dir' in `post_mlist_to_hlist
_filter'.
OLC-RTL-MLIST-CALLBACK=installed-once
OLC-RTL-LITERAL-MATHCODES=lt-16777216;gt-16777216
OLC-RTL-MLIST-CALLBACK-OWNERSHIP=PASS
OLC-RTL-OWNERSHIP=PASS
OLC-RTL-LITERAL-MATHCODES=lt-16777216;gt-16777216
OLC-RTL-MLIST-CALLBACK-OWNERSHIP=PASS
OLC-RTL-OWNERSHIP=PASS
OL-CLASSICAL-EDITION=classical-eastern-rtl-v1
OL-CLASSICAL-CONTENT-LOCALE=ar-classical-presentation
OL-CLASSICAL-PRINTED-DIGITS=U+0660--U+0669
OL-CLASSICAL-NAT-INCLUDES-ZERO=true
OL-CLASSICAL-SOURCE-ORDER=unchanged
LaTeX Font Info:    Font shape `TU/Scheherazade-Regular.ttf(1)/m/n' will be
(Font)              scaled to size 26.87044pt on input line 31.
LaTeX Font Info:    Font shape `TU/Scheherazade-Regular.ttf(1)/b/n' will be
(Font)              scaled to size 26.87044pt on input line 31.
LaTeX Font Info:    Font shape `TU/Scheherazade-Regular.ttf(2)/b/n' will be
(Font)              scaled to size 26.87044pt on input line 31.
LaTeX Font Info:    Font shape `TU/Scheherazade-Regular.ttf(1)/m/n' will be
(Font)              scaled to size 18.66243pt on input line 35.
Package cleveref Info: loaded `english' language definitions on input line 37.
LaTeX Font Info:    Font shape `TU/Scheherazade-Regular.ttf(1)/m/n' will be
(Font)              scaled to size 22.39923pt on input line 39.
[1

{[local-user]/AppData/Local/MiKTeX/fonts/map/pdftex/pdftex.map}]
(../ar-classical-presentation/content/open-logic-about.tex
LaTeX Font Info:    Font shape `TU/Scheherazade-Regular.ttf(1)/m/it' will be
(Font)              scaled to size 15.55202pt on input line 4.
)
No file open-logic-complete-ar-classical-eastern-rtl.toc.
(../ar-classical-presentation/content/content.tex [1


]
(../ar-classical-presentation/content/sets-functions-relations/sets-functions-r
elations-complete.tex
LaTeX Font Info:    Font shape `TU/Scheherazade-Regular.ttf(1)/m/sl' in size <1
4.4> not available
(Font)              Font shape `TU/Scheherazade-Regular.ttf(1)/m/it' tried inst
ead on input line 7.
LaTeX Font Info:    Font shape `TU/Scheherazade-Regular.ttf(1)/m/it' will be
(Font)              scaled to size 15.55202pt on input line 7.
LaTeX Font Info:    Font shape `TU/Scheherazade-Regular.ttf(1)/m/n' will be
(Font)              scaled to size 9.72002pt on input line 7.
LaTeX Font Info:    Font shape `TU/Scheherazade-Regular.ttf(2)/m/n' will be
(Font)              scaled to size 9.72002pt on input line 7.
 [2

] [3

]
(../ar-classical-presentation/content/sets-functions-relations/sets/sets.tex
[4]
\bbl@ensure@arabic {باب} ١.
Output from handle open-logic-complete-ar-classical-eastern-rtl going to open-l
ogic-complete-ar-classical-eastern-rtl.prb

\openout6 = open-logic-complete-ar-classical-eastern-rtl.prb
(../ar-classical-presentation/content/sets-functions-relations/sets/basics.tex
LaTeX Font Info:    Font shape `TU/Scheherazade-Regular.ttf(1)/b/n' will be
(Font)              scaled to size 22.39923pt on input line 10.
LaTeX Font Info:    Trying to load font information for U+ntxsyc on input line 
14.

([local-user]/AppData/Local/Programs/MiKTeX/tex/latex/newtx/untxsyc.fd
File: untxsyc.fd 2012/04/12 Fontinst v1.933 font definitions for U/ntxsyc.
)
LaTeX Font Info:    Font shape `TU/Scheherazade-Regular.ttf(1)/b/n' will be
(Font)              scaled to size 15.55202pt on input line 24.
Package hyperref Info: bookmark level for unknown defn defaults to 0 on input l
ine 24.

../ar-classical-presentation/content/sets-functions-relations/sets/basics.tex:3
1: Missing { inserted.
<to be read again> 
                   \group_begin: 
l.31 ...\OLId{latin-ordinary}{a}_\OLMathNumeral{1}
                                                  , \ldots, \OLId{latin-ordi...

Here is how much of LuaTeX's memory you used:
 52737 strings out of 475900
 125061,1977958 words of node,token memory allocated
 16425 words of node memory still in use:
   73 hlist, 2 vlist, 3 rule, 2 mark, 7 local_par, 108 dir, 34 math, 187 glue, 4
2 kern, 41 penalty, 1 choice, 5 noad, 1 math_char, 4 sub_box, 1 sub_mlist, 575 g
lyph, 2951 attribute, 206 glue_spec, 986 attribute_list, 2 temp, 14 write, 36 pd
f_literal, 4 pdf_dest, 2 pdf_colorstack nodes
   avail lists: 1:8,2:1128,3:108,4:32,5:166,6:22,7:2362,8:21,9:142,10:12,11:61
 74060 multiletter control sequences out of 65536+600000
 107 fonts using 27055351 bytes
 94i,12n,110p,1747b,998s stack positions out of 10000i,1000n,20000p,200000b,200000s
../ar-classical-presentation/content/sets-functions-relations/sets/basics.tex:3
1:  ==> Fatal error occurred, no output PDF file produced!
